3509,"Sun, 09 Aug 2009 20:50:26 +0000",0,1,,,,,,,,,,
3419,"Thu, 30 Jul 2009 08:26:06 +0000",1,1,,,,,,,,,,
5327,"Thu, 10 Dec 2009 09:27:39 +0000",2,1,,,,,,,,,,
5548,"Sun, 20 Dec 2009 22:29:23 +0000",0,1,,,,,,,,,,
5724,"Wed, 30 Dec 2009 14:29:51 +0000",3,1,,,,,,,,,,
5159,"Wed, 02 Dec 2009 14:39:25 +0000",4,1,,,,,,,,,,
3761,"Wed, 02 Sep 2009 18:45:52 +0000",3,1,,,,,,,,,,
3439,"Sun, 02 Aug 2009 08:59:17 +0000",2,1,,,,,,,,,,
4357,"Sun, 25 Oct 2009 02:49:49 +0000",5,1,,,,,,,,,,
3361,"Thu, 23 Jul 2009 23:12:09 +0000",6,1,,,,,,,,,,
2517,"Mon, 27 Apr 2009 08:52:30 +0000",6,1,,,,,,,,,,
4997,"Mon, 23 Nov 2009 13:51:28 +0000",7,1,,,,,,,,,,
3380,"Sat, 25 Jul 2009 08:48:58 +0000",8,1,,,,,,,,,,
4245,"Wed, 14 Oct 2009 07:11:28 +0000",9,1,,,,,,,,,,
5695,"Tue, 29 Dec 2009 11:55:26 +0000",3,1,,,,,,,,,,
2587,"Wed, 06 May 2009 09:40:44 +0000",6,1,,,,,,,,,,
3542,"Thu, 13 Aug 2009 08:16:26 +0000",3,1,,,,,,,,,,
4207,"Sat, 10 Oct 2009 00:54:33 +0000",9,1,,,,,,,,,,
2992,"Mon, 15 Jun 2009 02:22:20 +0000",0,1,,,,,,,,,,
2946,"Wed, 10 Jun 2009 14:44:33 +0000",10,1,,,,,,,,,,
4271,"Fri, 16 Oct 2009 07:49:22 +0000",11,1,,,,,,,,,,
5202,"Thu, 03 Dec 2009 23:12:48 +0000",10,1,,,,,,,,,,
2749,"Sat, 23 May 2009 14:30:13 +0000",1,1,,,,,,,,,,
5061,"Thu, 26 Nov 2009 13:38:29 +0000",0,1,,,,,,,,,,
4327,"Thu, 22 Oct 2009 21:35:03 +0000",12,1,,,,,,,,,,
3806,"Mon, 07 Sep 2009 00:51:11 +0000",13,1,,,,,,,,,,
4130,"Mon, 05 Oct 2009 15:06:26 +0000",0,1,,,,,,,,,,
2534,"Tue, 28 Apr 2009 20:45:40 +0000",14,1,,,,,,,,,,
5656,"Sat, 26 Dec 2009 12:53:10 +0000",9,1,,,,,,,,,,
5073,"Fri, 27 Nov 2009 04:52:36 +0000",6,1,,,,,,,,,,
3836,"Wed, 09 Sep 2009 16:17:18 +0000",0,1,,,,,,,,,,
4323,"Thu, 22 Oct 2009 17:53:27 +0000",14,1,,,,,,,,,,
3260,"Tue, 14 Jul 2009 10:04:17 +0000",15,1,,,,,,,,,,
5544,"Sun, 20 Dec 2009 07:42:38 +0000",0,1,,,,,,,,,,
4811,"Sun, 15 Nov 2009 16:18:01 +0000",12,1,,,,,,,,,,
5457,"Tue, 15 Dec 2009 07:59:04 +0000",0,1,,,,,,,,,,
3279,"Thu, 16 Jul 2009 08:30:15 +0000",16,1,,,,,,,,,,
3479,"Thu, 06 Aug 2009 04:18:59 +0000",12,1,,,,,,,,,,
3472,"Wed, 05 Aug 2009 15:46:58 +0000",14,1,,,,,,,,,,
3932,"Thu, 17 Sep 2009 15:44:18 +0000",2,1,,,,,,,,,,
3298,"Sat, 18 Jul 2009 08:43:00 +0000",15,1,,,,,,,,,,
5229,"Sat, 05 Dec 2009 11:14:38 +0000",17,1,,,,,,,,,,
3708,"Fri, 28 Aug 2009 21:42:08 +0000",18,1,,,,,,,,,,
5242,"Sun, 06 Dec 2009 23:04:29 +0000",9,1,,,,,,,,,,
4152,"Tue, 06 Oct 2009 20:49:48 +0000",19,1,,,,,,,,,,
4639,"Tue, 10 Nov 2009 09:29:12 +0000",0,1,,,,,,,,,,
4556,"Sat, 07 Nov 2009 12:23:04 +0000",12,1,,,,,,,,,,
2678,"Fri, 15 May 2009 16:20:01 +0000",14,1,,,,,,,,,,
2831,"Mon, 01 Jun 2009 20:57:18 +0000",12,1,,,,,,,,,,
5694,"Tue, 29 Dec 2009 09:49:31 +0000",0,1,,,,,,,,,,
4330,"Thu, 22 Oct 2009 21:42:10 +0000",15,1,,,,,,,,,,
4124,"Mon, 05 Oct 2009 04:57:53 +0000",14,1,,,,,,,,,,
3342,"Wed, 22 Jul 2009 07:05:06 +0000",1,1,,,,,,,,,,
3984,"Tue, 22 Sep 2009 20:49:41 +0000",9,1,,,,,,,,,,
4223,"Mon, 12 Oct 2009 10:47:16 +0000",20,1,,,,,,,,,,
2899,"Sat, 06 Jun 2009 14:27:16 +0000",3,1,,,,,,,,,,
3138,"Wed, 01 Jul 2009 03:30:57 +0000",2,1,,,,,,,,,,
2844,"Wed, 03 Jun 2009 08:51:46 +0000",21,1,,,,,,,,,,
3575,"Mon, 17 Aug 2009 10:49:04 +0000",18,1,,,,,,,,,,
3978,"Tue, 22 Sep 2009 10:06:19 +0000",22,1,,,,,,,,,,
3056,"Fri, 19 Jun 2009 13:57:09 +0000",2,1,,,,,,,,,,
3197,"Tue, 07 Jul 2009 17:35:26 +0000",14,1,,,,,,,,,,
5422,"Sun, 13 Dec 2009 06:48:24 +0000",23,1,,,,,,,,,,
3267,"Tue, 14 Jul 2009 21:16:13 +0000",9,1,,,,,,,,,,
3421,"Thu, 30 Jul 2009 08:39:29 +0000",6,1,,,,,,,,,,
2937,"Tue, 09 Jun 2009 21:14:19 +0000",3,1,,,,,,,,,,
4491,"Tue, 03 Nov 2009 17:25:21 +0000",24,1,,,,,,,,,,
4434,"Fri, 30 Oct 2009 10:26:57 +0000",25,1,,,,,,,,,,
4856,"Tue, 17 Nov 2009 14:36:44 +0000",9,1,,,,,,,,,,
2919,"Mon, 08 Jun 2009 11:06:48 +0000",2,1,,,,,,,,,,
2911,"Sun, 07 Jun 2009 22:07:02 +0000",10,1,,,,,,,,,,
2857,"Thu, 04 Jun 2009 00:54:48 +0000",12,1,,,,,,,,,,
5487,"Wed, 16 Dec 2009 17:15:51 +0000",26,1,,,,,,,,,,
4365,"Mon, 26 Oct 2009 00:28:00 +0000",6,1,,,,,,,,,,
4359,"Sun, 25 Oct 2009 11:38:52 +0000",5,1,,,,,,,,,,
4561,"Sat, 07 Nov 2009 17:38:14 +0000",3,0.259639129,22,0.740360871,,,,,,,,
4511,"Wed, 04 Nov 2009 19:59:51 +0000",26,1,,,,,,,,,,
5567,"Mon, 21 Dec 2009 18:25:43 +0000",3,1,,,,,,,,,,
2370,"Mon, 06 Apr 2009 12:01:02 +0000",5,1,,,,,,,,,,
5199,"Thu, 03 Dec 2009 22:16:53 +0000",9,1,,,,,,,,,,
2993,"Mon, 15 Jun 2009 02:31:50 +0000",0,1,,,,,,,,,,
5050,"Wed, 25 Nov 2009 23:46:04 +0000",21,1,,,,,,,,,,
5447,"Mon, 14 Dec 2009 20:54:03 +0000",14,1,,,,,,,,,,
4996,"Mon, 23 Nov 2009 13:39:45 +0000",10,1,,,,,,,,,,
4908,"Thu, 19 Nov 2009 03:24:50 +0000",22,1,,,,,,,,,,
3382,"Sat, 25 Jul 2009 13:42:56 +0000",27,1,,,,,,,,,,
4482,"Tue, 03 Nov 2009 03:05:52 +0000",23,1,,,,,,,,,,
5477,"Wed, 16 Dec 2009 11:07:38 +0000",10,1,,,,,,,,,,
4194,"Thu, 08 Oct 2009 21:56:30 +0000",2,1,,,,,,,,,,
3688,"Thu, 27 Aug 2009 16:03:56 +0000",28,1,,,,,,,,,,
3033,"Wed, 17 Jun 2009 14:01:55 +0000",7,1,,,,,,,,,,
4279,"Sat, 17 Oct 2009 08:22:10 +0000",9,0.876782214,29,0.123217786,,,,,,,,
2600,"Thu, 07 May 2009 08:08:19 +0000",0,1,,,,,,,,,,
3717,"Sun, 30 Aug 2009 07:09:34 +0000",20,1,,,,,,,,,,
5638,"Thu, 24 Dec 2009 13:16:02 +0000",8,1,,,,,,,,,,
2932,"Tue, 09 Jun 2009 17:30:22 +0000",28,1,,,,,,,,,,
3879,"Mon, 14 Sep 2009 10:35:48 +0000",3,1,,,,,,,,,,
5186,"Thu, 03 Dec 2009 14:19:59 +0000",30,1,,,,,,,,,,
5041,"Wed, 25 Nov 2009 15:48:24 +0000",2,1,,,,,,,,,,
4019,"Sat, 26 Sep 2009 06:10:23 +0000",0,1,,,,,,,,,,
2882,"Fri, 05 Jun 2009 08:48:59 +0000",17,1,,,,,,,,,,
4595,"Sun, 08 Nov 2009 20:46:04 +0000",1,1,,,,,,,,,,
3660,"Tue, 25 Aug 2009 07:15:23 +0000",3,1,,,,,,,,,,
4313,"Wed, 21 Oct 2009 08:03:59 +0000",5,1,,,,,,,,,,
4479,"Tue, 03 Nov 2009 02:49:34 +0000",26,1,,,,,,,,,,
3204,"Wed, 08 Jul 2009 09:18:06 +0000",9,1,,,,,,,,,,
4483,"Tue, 03 Nov 2009 03:15:34 +0000",17,1,,,,,,,,,,
3681,"Wed, 26 Aug 2009 18:01:23 +0000",3,0.301243393,9,0.291299479,31,0.407457128,,,,,,
5039,"Wed, 25 Nov 2009 15:46:25 +0000",2,1,,,,,,,,,,
2859,"Thu, 04 Jun 2009 01:58:57 +0000",5,1,,,,,,,,,,
3685,"Thu, 27 Aug 2009 09:59:33 +0000",29,1,,,,,,,,,,
3572,"Mon, 17 Aug 2009 07:49:56 +0000",6,1,,,,,,,,,,
3822,"Tue, 08 Sep 2009 08:29:51 +0000",5,1,,,,,,,,,,
5421,"Sun, 13 Dec 2009 06:41:36 +0000",23,1,,,,,,,,,,
5021,"Tue, 24 Nov 2009 15:02:49 +0000",2,1,,,,,,,,,,
5366,"Fri, 11 Dec 2009 09:32:30 +0000",23,1,,,,,,,,,,
3725,"Mon, 31 Aug 2009 06:26:53 +0000",28,1,,,,,,,,,,
4452,"Sat, 31 Oct 2009 09:52:44 +0000",8,1,,,,,,,,,,
4459,"Sun, 01 Nov 2009 17:10:18 +0000",15,1,,,,,,,,,,
4103,"Sat, 03 Oct 2009 11:46:46 +0000",6,1,,,,,,,,,,
3952,"Sun, 20 Sep 2009 00:18:19 +0000",12,1,,,,,,,,,,
5101,"Sun, 29 Nov 2009 02:20:58 +0000",18,1,,,,,,,,,,
4123,"Mon, 05 Oct 2009 04:09:19 +0000",20,1,,,,,,,,,,
3454,"Mon, 03 Aug 2009 17:05:09 +0000",32,1,,,,,,,,,,
3567,"Sun, 16 Aug 2009 09:43:21 +0000",17,1,,,,,,,,,,
4087,"Thu, 01 Oct 2009 19:24:40 +0000",9,1,,,,,,,,,,
2845,"Wed, 03 Jun 2009 12:08:41 +0000",24,1,,,,,,,,,,
3458,"Mon, 03 Aug 2009 18:39:19 +0000",10,1,,,,,,,,,,
3641,"Sun, 23 Aug 2009 21:14:49 +0000",28,1,,,,,,,,,,
4243,"Wed, 14 Oct 2009 04:46:46 +0000",16,1,,,,,,,,,,
3412,"Wed, 29 Jul 2009 21:28:19 +0000",8,1,,,,,,,,,,
5369,"Fri, 11 Dec 2009 12:30:16 +0000",2,1,,,,,,,,,,
4989,"Sun, 22 Nov 2009 22:22:58 +0000",6,1,,,,,,,,,,
4509,"Wed, 04 Nov 2009 17:11:27 +0000",33,1,,,,,,,,,,
3255,"Tue, 14 Jul 2009 07:26:29 +0000",27,1,,,,,,,,,,
3601,"Thu, 20 Aug 2009 08:42:08 +0000",23,1,,,,,,,,,,
4329,"Thu, 22 Oct 2009 21:41:58 +0000",15,1,,,,,,,,,,
5530,"Fri, 18 Dec 2009 22:08:48 +0000",8,1,,,,,,,,,,
3464,"Tue, 04 Aug 2009 23:54:24 +0000",28,1,,,,,,,,,,
4558,"Sat, 07 Nov 2009 13:35:06 +0000",1,1,,,,,,,,,,
5716,"Wed, 30 Dec 2009 01:19:12 +0000",30,1,,,,,,,,,,
4553,"Sat, 07 Nov 2009 07:20:36 +0000",14,1,,,,,,,,,,
3672,"Tue, 25 Aug 2009 15:55:21 +0000",26,1,,,,,,,,,,
4110,"Sat, 03 Oct 2009 17:36:55 +0000",0,1,,,,,,,,,,
1830,"Fri, 23 Jan 2009 11:26:21 +0000",0,1,,,,,,,,,,
3043,"Thu, 18 Jun 2009 00:30:02 +0000",3,1,,,,,,,,,,
5608,"Tue, 22 Dec 2009 23:21:59 +0000",2,1,,,,,,,,,,
4302,"Tue, 20 Oct 2009 13:02:48 +0000",34,1,,,,,,,,,,
5227,"Sat, 05 Dec 2009 03:02:49 +0000",18,1,,,,,,,,,,
4960,"Fri, 20 Nov 2009 20:28:01 +0000",9,1,,,,,,,,,,
5612,"Tue, 22 Dec 2009 23:54:13 +0000",10,1,,,,,,,,,,
4808,"Sun, 15 Nov 2009 10:26:25 +0000",6,1,,,,,,,,,,
3864,"Fri, 11 Sep 2009 19:28:17 +0000",8,1,,,,,,,,,,
4179,"Thu, 08 Oct 2009 09:50:27 +0000",23,1,,,,,,,,,,
1787,"Wed, 14 Jan 2009 09:43:44 +0000",21,1,,,,,,,,,,
4510,"Wed, 04 Nov 2009 19:04:51 +0000",7,1,,,,,,,,,,
3630,"Sat, 22 Aug 2009 11:17:31 +0000",9,0.486205521,35,0.513794479,,,,,,,,
2475,"Tue, 21 Apr 2009 16:51:57 +0000",36,1,,,,,,,,,,
4278,"Sat, 17 Oct 2009 03:18:23 +0000",10,1,,,,,,,,,,
4143,"Tue, 06 Oct 2009 13:04:54 +0000",37,1,,,,,,,,,,
4794,"Sat, 14 Nov 2009 21:59:47 +0000",1,1,,,,,,,,,,
3697,"Fri, 28 Aug 2009 09:37:35 +0000",0,1,,,,,,,,,,
4317,"Thu, 22 Oct 2009 11:51:11 +0000",21,1,,,,,,,,,,
4444,"Fri, 30 Oct 2009 14:52:12 +0000",28,1,,,,,,,,,,
4344,"Fri, 23 Oct 2009 18:36:56 +0000",6,1,,,,,,,,,,
3453,"Mon, 03 Aug 2009 15:08:46 +0000",38,1,,,,,,,,,,
5467,"Tue, 15 Dec 2009 19:55:02 +0000",5,1,,,,,,,,,,
2933,"Tue, 09 Jun 2009 18:13:34 +0000",14,1,,,,,,,,,,
4453,"Sat, 31 Oct 2009 15:14:04 +0000",11,1,,,,,,,,,,
4314,"Wed, 21 Oct 2009 17:28:43 +0000",39,1,,,,,,,,,,
4412,"Thu, 29 Oct 2009 07:44:08 +0000",10,1,,,,,,,,,,
5534,"Sat, 19 Dec 2009 05:46:34 +0000",3,1,,,,,,,,,,
5420,"Sun, 13 Dec 2009 06:40:41 +0000",23,1,,,,,,,,,,
3525,"Tue, 11 Aug 2009 16:30:31 +0000",3,1,,,,,,,,,,
3019,"Tue, 16 Jun 2009 19:38:11 +0000",14,1,,,,,,,,,,
3796,"Sat, 05 Sep 2009 20:35:26 +0000",9,1,,,,,,,,,,
3486,"Thu, 06 Aug 2009 14:43:48 +0000",32,1,,,,,,,,,,
4517,"Thu, 05 Nov 2009 06:22:44 +0000",20,1,,,,,,,,,,
2586,"Wed, 06 May 2009 09:32:56 +0000",6,1,,,,,,,,,,
4147,"Tue, 06 Oct 2009 16:19:58 +0000",3,1,,,,,,,,,,
3490,"Fri, 07 Aug 2009 01:31:30 +0000",30,1,,,,,,,,,,
4878,"Wed, 18 Nov 2009 03:59:27 +0000",22,1,,,,,,,,,,
3299,"Sat, 18 Jul 2009 10:36:32 +0000",14,0.99966899,30,3.31E-04,,,,,,,,
4466,"Mon, 02 Nov 2009 06:35:45 +0000",32,1,,,,,,,,,,
5147,"Tue, 01 Dec 2009 20:00:24 +0000",3,0.562219409,22,0.437780591,,,,,,,,
4925,"Thu, 19 Nov 2009 15:46:58 +0000",12,1,,,,,,,,,,
5040,"Wed, 25 Nov 2009 15:47:18 +0000",0,1,,,,,,,,,,
3943,"Fri, 18 Sep 2009 22:30:03 +0000",6,1,,,,,,,,,,
4241,"Tue, 13 Oct 2009 21:24:43 +0000",4,1,,,,,,,,,,
3022,"Wed, 17 Jun 2009 00:07:58 +0000",23,1,,,,,,,,,,
4297,"Mon, 19 Oct 2009 23:27:34 +0000",23,1,,,,,,,,,,
2892,"Sat, 06 Jun 2009 03:28:09 +0000",2,1,,,,,,,,,,
5326,"Thu, 10 Dec 2009 09:22:22 +0000",26,1,,,,,,,,,,
3698,"Fri, 28 Aug 2009 09:38:39 +0000",0,1,,,,,,,,,,
3237,"Sun, 12 Jul 2009 05:53:30 +0000",6,1,,,,,,,,,,
3431,"Fri, 31 Jul 2009 19:42:48 +0000",9,1,,,,,,,,,,
4213,"Sat, 10 Oct 2009 16:00:55 +0000",40,1,,,,,,,,,,
5310,"Thu, 10 Dec 2009 00:01:18 +0000",7,1,,,,,,,,,,
2719,"Tue, 19 May 2009 21:06:03 +0000",0,1,,,,,,,,,,
2727,"Thu, 21 May 2009 07:47:04 +0000",23,1,,,,,,,,,,
4328,"Thu, 22 Oct 2009 21:40:55 +0000",41,1,,,,,,,,,,
3730,"Mon, 31 Aug 2009 17:34:41 +0000",10,1,,,,,,,,,,
2626,"Mon, 11 May 2009 08:27:56 +0000",17,1,,,,,,,,,,
5236,"Sun, 06 Dec 2009 08:24:27 +0000",8,1,,,,,,,,,,
3863,"Fri, 11 Sep 2009 18:29:19 +0000",12,1,,,,,,,,,,
3653,"Tue, 25 Aug 2009 01:27:39 +0000",28,1,,,,,,,,,,
3035,"Wed, 17 Jun 2009 20:08:24 +0000",28,1,,,,,,,,,,
3551,"Thu, 13 Aug 2009 21:50:01 +0000",2,1,,,,,,,,,,
4105,"Sat, 03 Oct 2009 12:15:50 +0000",2,1,,,,,,,,,,
3278,"Thu, 16 Jul 2009 01:04:13 +0000",12,1,,,,,,,,,,
2940,"Wed, 10 Jun 2009 08:51:53 +0000",0,1,,,,,,,,,,
2990,"Mon, 15 Jun 2009 01:37:00 +0000",1,1,,,,,,,,,,
3087,"Tue, 23 Jun 2009 10:00:50 +0000",23,1,,,,,,,,,,
2789,"Thu, 28 May 2009 15:28:04 +0000",1,1,,,,,,,,,,
5042,"Wed, 25 Nov 2009 15:48:53 +0000",2,1,,,,,,,,,,
3840,"Wed, 09 Sep 2009 20:53:37 +0000",8,1,,,,,,,,,,
4715,"Thu, 12 Nov 2009 09:19:11 +0000",25,1,,,,,,,,,,
4975,"Sat, 21 Nov 2009 11:50:35 +0000",25,1,,,,,,,,,,
5201,"Thu, 03 Dec 2009 22:53:14 +0000",10,1,,,,,,,,,,
5012,"Tue, 24 Nov 2009 02:04:34 +0000",14,1,,,,,,,,,,
3007,"Tue, 16 Jun 2009 01:22:34 +0000",1,3.68E-04,7,0.670434899,9,0.329197416,,,,,,
3954,"Sun, 20 Sep 2009 02:07:42 +0000",30,1,,,,,,,,,,
3227,"Fri, 10 Jul 2009 20:14:27 +0000",0,1,,,,,,,,,,
5438,"Mon, 14 Dec 2009 14:36:17 +0000",26,1,,,,,,,,,,
3799,"Sun, 06 Sep 2009 12:11:43 +0000",2,1,,,,,,,,,,
4085,"Thu, 01 Oct 2009 18:18:12 +0000",9,1,,,,,,,,,,
4656,"Tue, 10 Nov 2009 19:39:39 +0000",0,1,,,,,,,,,,
2602,"Thu, 07 May 2009 08:54:58 +0000",4,1,,,,,,,,,,
3920,"Wed, 16 Sep 2009 21:40:08 +0000",26,1,,,,,,,,,,
5418,"Sun, 13 Dec 2009 04:11:45 +0000",7,1,,,,,,,,,,
2524,"Mon, 27 Apr 2009 23:30:51 +0000",8,1,,,,,,,,,,
3769,"Thu, 03 Sep 2009 05:07:00 +0000",3,1,,,,,,,,,,
2741,"Fri, 22 May 2009 22:16:43 +0000",36,1,,,,,,,,,,
5537,"Sat, 19 Dec 2009 10:23:38 +0000",12,1,,,,,,,,,,
3206,"Wed, 08 Jul 2009 10:09:45 +0000",2,1,,,,,,,,,,
5461,"Tue, 15 Dec 2009 15:15:28 +0000",10,1,,,,,,,,,,
3491,"Fri, 07 Aug 2009 01:52:14 +0000",0,1,,,,,,,,,,
12093,"Sat, 23 Oct 2010 04:41:10 +0000",41,1,,,,,,,,,,
10233,"Thu, 05 Aug 2010 21:13:15 +0000",26,1,,,,,,,,,,
10390,"Thu, 12 Aug 2010 22:25:34 +0000",41,1,,,,,,,,,,
5970,"Mon, 11 Jan 2010 12:43:28 +0000",10,1,,,,,,,,,,
11654,"Sun, 03 Oct 2010 10:33:02 +0000",14,1,,,,,,,,,,
11251,"Wed, 15 Sep 2010 08:20:10 +0000",39,1,,,,,,,,,,
6502,"Sat, 06 Feb 2010 00:54:57 +0000",19,1,,,,,,,,,,
7111,"Thu, 11 Mar 2010 19:50:14 +0000",42,1,,,,,,,,,,
10544,"Wed, 18 Aug 2010 10:55:38 +0000",10,1,,,,,,,,,,
11595,"Thu, 30 Sep 2010 09:22:43 +0000",12,1,,,,,,,,,,
8280,"Wed, 12 May 2010 02:20:42 +0000",7,0.305913965,19,0.276222028,39,0.417864008,,,,,,
10681,"Sun, 22 Aug 2010 19:33:50 +0000",37,1,,,,,,,,,,
9765,"Wed, 14 Jul 2010 02:28:56 +0000",32,1,,,,,,,,,,
11122,"Thu, 09 Sep 2010 09:46:56 +0000",9,-1.38E-06,29,3.07E-05,35,0.999970728,,,,,,
12591,"Tue, 16 Nov 2010 20:50:45 +0000",9,0.391555968,29,0.608444032,,,,,,,,
12380,"Fri, 05 Nov 2010 12:43:15 +0000",17,0.675135871,23,0.324864129,,,,,,,,
12557,"Mon, 15 Nov 2010 10:33:46 +0000",3,1,,,,,,,,,,
11742,"Thu, 07 Oct 2010 00:04:26 +0000",0,1,,,,,,,,,,
11753,"Thu, 07 Oct 2010 14:15:26 +0000",9,0.059625819,29,0.940374181,,,,,,,,
10636,"Fri, 20 Aug 2010 17:27:44 +0000",9,0.262075211,18,0.572657753,30,0.165267037,,,,,,
11517,"Mon, 27 Sep 2010 18:00:27 +0000",43,1,,,,,,,,,,
7996,"Tue, 27 Apr 2010 15:27:26 +0000",19,1,,,,,,,,,,
12842,"Mon, 29 Nov 2010 17:45:49 +0000",3,1,,,,,,,,,,
12089,"Fri, 22 Oct 2010 21:43:44 +0000",0,1,,,,,,,,,,
12154,"Tue, 26 Oct 2010 08:01:45 +0000",0,1,,,,,,,,,,
7735,"Thu, 15 Apr 2010 03:00:06 +0000",1,9.52E-04,9,0.999048067,,,,,,,,
12509,"Thu, 11 Nov 2010 23:09:18 +0000",4,1,,,,,,,,,,
12436,"Mon, 08 Nov 2010 22:32:10 +0000",12,0.456989901,30,0.543010099,,,,,,,,
9341,"Fri, 25 Jun 2010 22:28:41 +0000",5,1,,,,,,,,,,
10405,"Fri, 13 Aug 2010 14:46:40 +0000",40,1,,,,,,,,,,
5949,"Sun, 10 Jan 2010 07:54:52 +0000",14,0.310228846,22,0.689771154,,,,,,,,
12492,"Thu, 11 Nov 2010 04:59:19 +0000",19,1,,,,,,,,,,
13316,"Tue, 21 Dec 2010 10:16:39 +0000",26,1,,,,,,,,,,
11722,"Wed, 06 Oct 2010 09:17:16 +0000",2,1,,,,,,,,,,
12362,"Thu, 04 Nov 2010 15:31:06 +0000",43,1,,,,,,,,,,
8644,"Wed, 26 May 2010 18:50:25 +0000",10,1,,,,,,,,,,
12101,"Sat, 23 Oct 2010 21:39:16 +0000",44,1,,,,,,,,,,
13164,"Tue, 14 Dec 2010 10:07:36 +0000",14,-1.00E-04,22,1.00022662,29,-1.26E-04,,,,,,
11898,"Fri, 15 Oct 2010 18:33:19 +0000",26,1,,,,,,,,,,
9818,"Thu, 15 Jul 2010 21:54:37 +0000",7,1,,,,,,,,,,
7859,"Tue, 20 Apr 2010 12:27:53 +0000",10,1,,,,,,,,,,
10847,"Sat, 28 Aug 2010 15:21:37 +0000",45,1,,,,,,,,,,
8043,"Thu, 29 Apr 2010 23:09:35 +0000",17,1,,,,,,,,,,
10251,"Fri, 06 Aug 2010 16:27:44 +0000",46,1,,,,,,,,,,
12422,"Mon, 08 Nov 2010 09:59:54 +0000",47,1,,,,,,,,,,
8946,"Tue, 08 Jun 2010 20:27:36 +0000",37,1,,,,,,,,,,
12256,"Sat, 30 Oct 2010 13:50:33 +0000",12,1,,,,,,,,,,
13011,"Tue, 07 Dec 2010 16:33:04 +0000",14,1,,,,,,,,,,
12385,"Fri, 05 Nov 2010 17:23:49 +0000",2,8.22E-04,42,0.99917812,,,,,,,,
11132,"Thu, 09 Sep 2010 18:41:03 +0000",14,1,,,,,,,,,,
11696,"Tue, 05 Oct 2010 08:28:30 +0000",1,1,,,,,,,,,,
6558,"Wed, 10 Feb 2010 00:29:46 +0000",21,1,,,,,,,,,,
11680,"Mon, 04 Oct 2010 18:22:50 +0000",6,1,,,,,,,,,,
6423,"Wed, 03 Feb 2010 05:33:45 +0000",6,1,,,,,,,,,,
7308,"Mon, 22 Mar 2010 22:37:48 +0000",28,1,,,,,,,,,,
11571,"Wed, 29 Sep 2010 13:37:40 +0000",10,1,,,,,,,,,,
5990,"Tue, 12 Jan 2010 07:32:47 +0000",3,1,,,,,,,,,,
10657,"Sat, 21 Aug 2010 12:31:54 +0000",2,1,,,,,,,,,,
10369,"Thu, 12 Aug 2010 03:09:30 +0000",12,0.544808379,33,0.455191621,,,,,,,,
13076,"Fri, 10 Dec 2010 00:39:21 +0000",30,0.117127776,48,0.882872224,,,,,,,,
9487,"Sat, 03 Jul 2010 08:20:28 +0000",10,1,,,,,,,,,,
13016,"Tue, 07 Dec 2010 19:17:58 +0000",26,1,,,,,,,,,,
8865,"Sat, 05 Jun 2010 15:19:16 +0000",1,1,,,,,,,,,,
8575,"Tue, 25 May 2010 09:21:50 +0000",10,1,,,,,,,,,,
11853,"Wed, 13 Oct 2010 08:03:17 +0000",17,0.686420486,23,0.313579514,,,,,,,,
9395,"Tue, 29 Jun 2010 10:50:54 +0000",3,1,,,,,,,,,,
10304,"Mon, 09 Aug 2010 16:38:19 +0000",39,1,,,,,,,,,,
10930,"Wed, 01 Sep 2010 15:40:41 +0000",26,1,,,,,,,,,,
8972,"Wed, 09 Jun 2010 14:08:27 +0000",12,1,,,,,,,,,,
6405,"Tue, 02 Feb 2010 13:48:33 +0000",3,0.220492401,12,0.678124737,42,0.101382862,,,,,,
9120,"Wed, 16 Jun 2010 12:43:38 +0000",36,1,,,,,,,,,,
8228,"Sun, 09 May 2010 03:16:39 +0000",3,1,,,,,,,,,,
6173,"Thu, 21 Jan 2010 06:38:43 +0000",3,1,,,,,,,,,,
10760,"Wed, 25 Aug 2010 07:51:23 +0000",14,1,,,,,,,,,,
7799,"Sat, 17 Apr 2010 14:57:45 +0000",10,1,,,,,,,,,,
5962,"Sun, 10 Jan 2010 23:23:19 +0000",26,1,,,,,,,,,,
12645,"Fri, 19 Nov 2010 09:22:13 +0000",7,0.503695771,9,0.161309488,14,0.334994742,,,,,,
12714,"Tue, 23 Nov 2010 12:57:05 +0000",0,1,,,,,,,,,,
9104,"Tue, 15 Jun 2010 20:36:28 +0000",3,0.653464207,23,0.081665175,43,0.264870618,,,,,,
11323,"Fri, 17 Sep 2010 17:24:43 +0000",26,1,,,,,,,,,,
8716,"Fri, 28 May 2010 20:54:24 +0000",40,1,,,,,,,,,,
9013,"Fri, 11 Jun 2010 07:45:11 +0000",12,1,,,,,,,,,,
10686,"Mon, 23 Aug 2010 02:40:42 +0000",3,1,,,,,,,,,,
10406,"Fri, 13 Aug 2010 15:24:39 +0000",15,1,,,,,,,,,,
7291,"Mon, 22 Mar 2010 10:54:39 +0000",14,1,,,,,,,,,,
10776,"Wed, 25 Aug 2010 17:52:58 +0000",14,1,,,,,,,,,,
10717,"Mon, 23 Aug 2010 22:08:50 +0000",2,0.158136448,34,0.841863552,,,,,,,,
10675,"Sun, 22 Aug 2010 09:27:24 +0000",20,1,,,,,,,,,,
8085,"Sat, 01 May 2010 22:16:26 +0000",26,1,,,,,,,,,,
6221,"Sat, 23 Jan 2010 06:40:50 +0000",0,1,,,,,,,,,,
13407,"Fri, 24 Dec 2010 23:16:41 +0000",7,0.51269389,14,0.48730611,,,,,,,,
6385,"Mon, 01 Feb 2010 16:11:34 +0000",3,1,,,,,,,,,,
12929,"Thu, 02 Dec 2010 20:42:15 +0000",10,0.627112157,37,0.372887843,,,,,,,,
11471,"Sat, 25 Sep 2010 08:11:23 +0000",10,1,,,,,,,,,,
7580,"Wed, 07 Apr 2010 03:12:39 +0000",5,1,,,,,,,,,,
12029,"Thu, 21 Oct 2010 08:02:45 +0000",42,1,,,,,,,,,,
10615,"Fri, 20 Aug 2010 08:26:27 +0000",3,1,,,,,,,,,,
9980,"Fri, 23 Jul 2010 22:50:26 +0000",28,1,,,,,,,,,,
8373,"Mon, 17 May 2010 20:47:22 +0000",0,1,,,,,,,,,,
12760,"Thu, 25 Nov 2010 05:03:29 +0000",16,0.650858929,40,0.349141071,,,,,,,,
10234,"Thu, 05 Aug 2010 21:22:04 +0000",26,1,,,,,,,,,,
11601,"Thu, 30 Sep 2010 13:51:49 +0000",9,-9.24E-05,49,1.000092418,,,,,,,,
11228,"Tue, 14 Sep 2010 17:03:49 +0000",10,1,,,,,,,,,,
12036,"Thu, 21 Oct 2010 12:18:09 +0000",50,1,,,,,,,,,,
10791,"Thu, 26 Aug 2010 06:15:45 +0000",26,1,,,,,,,,,,
13525,"Thu, 30 Dec 2010 06:49:02 +0000",2,1,,,,,,,,,,
10330,"Tue, 10 Aug 2010 17:10:02 +0000",2,1,,,,,,,,,,
7338,"Wed, 24 Mar 2010 09:40:52 +0000",9,1,,,,,,,,,,
9671,"Sat, 10 Jul 2010 09:38:07 +0000",7,1,,,,,,,,,,
10419,"Sat, 14 Aug 2010 09:11:54 +0000",7,0.999617688,14,3.82E-04,,,,,,,,
8208,"Fri, 07 May 2010 10:13:50 +0000",3,1,,,,,,,,,,
6919,"Mon, 01 Mar 2010 17:52:03 +0000",9,1,,,,,,,,,,
6174,"Thu, 21 Jan 2010 09:00:46 +0000",24,1,,,,,,,,,,
5850,"Wed, 06 Jan 2010 11:50:08 +0000",19,1,,,,,,,,,,
9404,"Tue, 29 Jun 2010 18:47:40 +0000",10,1,,,,,,,,,,
11242,"Wed, 15 Sep 2010 00:09:52 +0000",46,1,,,,,,,,,,
11908,"Sat, 16 Oct 2010 13:30:28 +0000",2,0.289318276,46,0.710681724,,,,,,,,
7011,"Sat, 06 Mar 2010 18:39:05 +0000",29,1,,,,,,,,,,
11019,"Sun, 05 Sep 2010 17:51:56 +0000",7,1,,,,,,,,,,
9346,"Sat, 26 Jun 2010 16:14:51 +0000",51,1,,,,,,,,,,
8739,"Sun, 30 May 2010 15:18:37 +0000",10,1,,,,,,,,,,
12723,"Tue, 23 Nov 2010 18:20:31 +0000",0,1,,,,,,,,,,
5909,"Fri, 08 Jan 2010 10:27:19 +0000",10,1,,,,,,,,,,
11985,"Tue, 19 Oct 2010 14:50:40 +0000",14,1,,,,,,,,,,
13223,"Thu, 16 Dec 2010 17:06:23 +0000",35,1,,,,,,,,,,
11022,"Sun, 05 Sep 2010 18:18:51 +0000",17,1,,,,,,,,,,
11201,"Mon, 13 Sep 2010 19:57:00 +0000",12,1,,,,,,,,,,
13458,"Tue, 28 Dec 2010 04:14:55 +0000",32,1,,,,,,,,,,
11992,"Tue, 19 Oct 2010 22:09:18 +0000",7,1,,,,,,,,,,
9692,"Sun, 11 Jul 2010 20:25:17 +0000",1,1,,,,,,,,,,
12800,"Fri, 26 Nov 2010 12:41:37 +0000",0,0.473237232,25,0.526762768,,,,,,,,
12668,"Sat, 20 Nov 2010 15:57:11 +0000",4,0.306427436,15,0.693572564,,,,,,,,
8763,"Mon, 31 May 2010 21:18:15 +0000",8,0.987068441,30,0.012931559,,,,,,,,
12181,"Wed, 27 Oct 2010 02:11:18 +0000",2,0.987661426,7,0.008896978,30,0.003441596,,,,,,
7424,"Mon, 29 Mar 2010 01:12:34 +0000",2,1,,,,,,,,,,
10991,"Fri, 03 Sep 2010 21:52:26 +0000",14,0.695318303,30,0.304681697,,,,,,,,
7162,"Mon, 15 Mar 2010 10:12:22 +0000",0,1,,,,,,,,,,
10339,"Wed, 11 Aug 2010 06:08:19 +0000",26,1,,,,,,,,,,
12867,"Tue, 30 Nov 2010 15:22:30 +0000",35,1,,,,,,,,,,
6724,"Fri, 19 Feb 2010 09:14:13 +0000",24,1,,,,,,,,,,
12726,"Wed, 24 Nov 2010 05:01:21 +0000",6,0.752209136,27,0.247790864,,,,,,,,
10015,"Mon, 26 Jul 2010 20:35:19 +0000",12,1,,,,,,,,,,
9085,"Tue, 15 Jun 2010 03:23:52 +0000",0,1,,,,,,,,,,
9857,"Sun, 18 Jul 2010 11:30:12 +0000",26,1,,,,,,,,,,
9803,"Thu, 15 Jul 2010 12:21:27 +0000",3,1,,,,,,,,,,
13394,"Thu, 23 Dec 2010 20:31:00 +0000",9,5.54E-04,18,0.999446068,,,,,,,,
10747,"Tue, 24 Aug 2010 18:36:49 +0000",14,1,,,,,,,,,,
9689,"Sun, 11 Jul 2010 09:43:28 +0000",42,1,,,,,,,,,,
12877,"Wed, 01 Dec 2010 01:32:42 +0000",10,1,,,,,,,,,,
9298,"Thu, 24 Jun 2010 08:01:15 +0000",10,1,,,,,,,,,,
12681,"Sun, 21 Nov 2010 15:11:12 +0000",30,0.03936625,48,0.96063375,,,,,,,,
11781,"Sat, 09 Oct 2010 01:28:37 +0000",10,1,,,,,,,,,,
9054,"Sun, 13 Jun 2010 22:00:25 +0000",29,1,,,,,,,,,,
10307,"Mon, 09 Aug 2010 17:36:50 +0000",10,1,,,,,,,,,,
10343,"Wed, 11 Aug 2010 10:18:32 +0000",29,1,,,,,,,,,,
10311,"Mon, 09 Aug 2010 20:35:23 +0000",10,1,,,,,,,,,,
11544,"Tue, 28 Sep 2010 17:07:37 +0000",42,1,,,,,,,,,,
13005,"Tue, 07 Dec 2010 10:05:45 +0000",29,1,,,,,,,,,,
10486,"Mon, 16 Aug 2010 18:46:26 +0000",26,1,,,,,,,,,,
10976,"Fri, 03 Sep 2010 04:33:33 +0000",8,0.902824949,30,0.097175051,,,,,,,,
11389,"Tue, 21 Sep 2010 21:12:34 +0000",29,1,,,,,,,,,,
11236,"Tue, 14 Sep 2010 22:10:41 +0000",6,-6.86E-06,27,1.000006862,,,,,,,,
9784,"Wed, 14 Jul 2010 20:49:09 +0000",0,0.475639793,18,0.524360207,,,,,,,,
9155,"Thu, 17 Jun 2010 15:03:04 +0000",14,1,,,,,,,,,,
12971,"Mon, 06 Dec 2010 12:06:59 +0000",0,1,,,,,,,,,,
10859,"Sun, 29 Aug 2010 15:47:16 +0000",0,1,,,,,,,,,,
10936,"Wed, 01 Sep 2010 21:24:19 +0000",10,1,,,,,,,,,,
7812,"Sun, 18 Apr 2010 15:18:09 +0000",3,0.159406103,9,5.52E-04,25,0.34792968,49,0.492112336,,,,
9696,"Mon, 12 Jul 2010 02:12:08 +0000",26,1,,,,,,,,,,
6509,"Sat, 06 Feb 2010 21:27:42 +0000",39,1,,,,,,,,,,
7000,"Fri, 05 Mar 2010 16:54:41 +0000",5,4.86E-04,32,0.999513977,,,,,,,,
12276,"Mon, 01 Nov 2010 04:24:25 +0000",0,1,,,,,,,,,,
11408,"Wed, 22 Sep 2010 19:00:11 +0000",14,1,,,,,,,,,,
13509,"Wed, 29 Dec 2010 18:09:31 +0000",27,1,,,,,,,,,,
9212,"Sun, 20 Jun 2010 07:47:02 +0000",14,1,,,,,,,,,,
13112,"Sat, 11 Dec 2010 11:18:27 +0000",23,0.801508903,29,0.198491097,,,,,,,,
11314,"Fri, 17 Sep 2010 13:43:40 +0000",0,1,,,,,,,,,,
8249,"Mon, 10 May 2010 19:19:00 +0000",52,1,,,,,,,,,,
9326,"Fri, 25 Jun 2010 12:21:28 +0000",0,1,,,,,,,,,,
11741,"Thu, 07 Oct 2010 00:00:17 +0000",0,1,,,,,,,,,,
9464,"Fri, 02 Jul 2010 13:56:26 +0000",0,0.597527118,25,0.402472882,,,,,,,,
11808,"Mon, 11 Oct 2010 14:18:10 +0000",1,0.145947826,14,0.854052174,,,,,,,,
11663,"Sun, 03 Oct 2010 19:16:52 +0000",10,1,,,,,,,,,,
13443,"Mon, 27 Dec 2010 17:03:51 +0000",29,0.631740065,35,0.310110585,42,0.05814935,,,,,,
5855,"Wed, 06 Jan 2010 15:50:23 +0000",5,1,,,,,,,,,,
7194,"Tue, 16 Mar 2010 20:38:04 +0000",7,1,,,,,,,,,,
7687,"Tue, 13 Apr 2010 09:06:12 +0000",26,1,,,,,,,,,,
11061,"Tue, 07 Sep 2010 04:35:37 +0000",10,0.458204697,29,0.541795303,,,,,,,,
13442,"Mon, 27 Dec 2010 17:01:11 +0000",29,1,,,,,,,,,,
10578,"Thu, 19 Aug 2010 11:06:15 +0000",2,1,,,,,,,,,,
5795,"Mon, 04 Jan 2010 00:03:16 +0000",14,1,,,,,,,,,,
8848,"Fri, 04 Jun 2010 12:41:37 +0000",14,1,,,,,,,,,,
12365,"Thu, 04 Nov 2010 16:33:22 +0000",14,1,,,,,,,,,,
10389,"Thu, 12 Aug 2010 22:18:26 +0000",25,0.995581372,30,0.004418628,,,,,,,,
8910,"Mon, 07 Jun 2010 13:40:31 +0000",1,0.770650189,42,0.229349811,,,,,,,,
12333,"Wed, 03 Nov 2010 17:48:06 +0000",9,0.462076375,49,0.537923625,,,,,,,,
8476,"Sat, 22 May 2010 18:11:43 +0000",6,0.309994251,10,0.292452455,27,0.397553294,,,,,,
12736,"Wed, 24 Nov 2010 15:40:58 +0000",7,0.261870084,24,0.738129916,,,,,,,,
9486,"Sat, 03 Jul 2010 08:20:19 +0000",10,1,,,,,,,,,,
9419,"Wed, 30 Jun 2010 13:07:50 +0000",17,0.548213813,23,0.293630497,29,0.15815569,,,,,,
10811,"Fri, 27 Aug 2010 06:40:40 +0000",32,1,,,,,,,,,,
10464,"Mon, 16 Aug 2010 10:58:53 +0000",0,1,,,,,,,,,,
8429,"Thu, 20 May 2010 22:03:53 +0000",1,0.85437994,29,0.14562006,,,,,,,,
12293,"Mon, 01 Nov 2010 15:32:42 +0000",5,1,,,,,,,,,,
12031,"Thu, 21 Oct 2010 09:49:38 +0000",14,1,,,,,,,,,,
11554,"Wed, 29 Sep 2010 02:26:18 +0000",0,1,,,,,,,,,,
6344,"Fri, 29 Jan 2010 10:53:11 +0000",25,1,,,,,,,,,,
9550,"Tue, 06 Jul 2010 05:30:13 +0000",7,1,,,,,,,,,,
8566,"Mon, 24 May 2010 22:16:27 +0000",10,1,,,,,,,,,,
10162,"Tue, 03 Aug 2010 14:51:17 +0000",6,9.00E-05,10,-6.58E-07,27,0.9999107,,,,,,
6100,"Sun, 17 Jan 2010 01:56:38 +0000",45,1,,,,,,,,,,
9564,"Tue, 06 Jul 2010 17:46:56 +0000",18,0.325826206,33,0.674173794,,,,,,,,
13186,"Tue, 14 Dec 2010 22:07:35 +0000",1,1,,,,,,,,,,
9366,"Mon, 28 Jun 2010 04:15:20 +0000",26,1,,,,,,,,,,
12922,"Thu, 02 Dec 2010 14:10:18 +0000",0,0.30492448,18,0.69507552,,,,,,,,
9069,"Mon, 14 Jun 2010 17:42:34 +0000",10,1,,,,,,,,,,
10159,"Tue, 03 Aug 2010 12:53:45 +0000",9,0.592522196,49,0.407477804,,,,,,,,
8888,"Mon, 07 Jun 2010 01:08:56 +0000",2,-5.96E-05,18,8.37E-05,40,0.999975939,,,,,,
12116,"Sun, 24 Oct 2010 14:51:45 +0000",3,0.517568521,19,0.482431479,,,,,,,,
10163,"Tue, 03 Aug 2010 15:09:56 +0000",19,1,,,,,,,,,,
12829,"Sun, 28 Nov 2010 13:18:28 +0000",7,1,,,,,,,,,,
9888,"Mon, 19 Jul 2010 21:22:07 +0000",14,1,,,,,,,,,,
11994,"Tue, 19 Oct 2010 23:34:09 +0000",8,0.747006739,30,0.252993261,,,,,,,,
9703,"Mon, 12 Jul 2010 10:02:07 +0000",12,1,,,,,,,,,,
10513,"Tue, 17 Aug 2010 15:24:36 +0000",25,0.353949766,45,0.646050234,,,,,,,,
6594,"Thu, 11 Feb 2010 10:53:44 +0000",2,1,,,,,,,,,,
11560,"Wed, 29 Sep 2010 04:22:12 +0000",28,1,,,,,,,,,,
11020,"Sun, 05 Sep 2010 18:02:54 +0000",0,0.373967556,29,0.626032444,,,,,,,,
12820,"Sat, 27 Nov 2010 23:50:48 +0000",53,1,,,,,,,,,,
9128,"Wed, 16 Jun 2010 19:39:34 +0000",14,1,,,,,,,,,,
9518,"Sun, 04 Jul 2010 16:00:44 +0000",34,1,,,,,,,,,,
6063,"Fri, 15 Jan 2010 14:06:46 +0000",39,1,,,,,,,,,,
9098,"Tue, 15 Jun 2010 13:18:26 +0000",17,1,,,,,,,,,,
10472,"Mon, 16 Aug 2010 15:52:08 +0000",34,0.803674161,42,0.196325839,,,,,,,,
13170,"Tue, 14 Dec 2010 14:43:46 +0000",2,1,,,,,,,,,,
10988,"Fri, 03 Sep 2010 18:01:44 +0000",14,0.510438295,34,0.489561705,,,,,,,,
6731,"Fri, 19 Feb 2010 16:20:34 +0000",6,0.796212601,27,0.203787399,,,,,,,,
7071,"Wed, 10 Mar 2010 04:12:59 +0000",28,1,,,,,,,,,,
8643,"Wed, 26 May 2010 18:38:42 +0000",14,1,,,,,,,,,,
6801,"Tue, 23 Feb 2010 13:20:10 +0000",34,1,,,,,,,,,,
13310,"Tue, 21 Dec 2010 08:07:20 +0000",7,0.227169234,29,0.772830766,,,,,,,,
7236,"Thu, 18 Mar 2010 16:09:47 +0000",10,1,,,,,,,,,,
7971,"Mon, 26 Apr 2010 14:13:23 +0000",26,1,,,,,,,,,,
12157,"Tue, 26 Oct 2010 09:55:09 +0000",12,1,,,,,,,,,,
7616,"Thu, 08 Apr 2010 11:49:45 +0000",10,1,,,,,,,,,,
6287,"Tue, 26 Jan 2010 19:37:04 +0000",2,1,,,,,,,,,,
7892,"Wed, 21 Apr 2010 13:53:08 +0000",2,1,,,,,,,,,,
11653,"Sun, 03 Oct 2010 07:29:20 +0000",1,0.340955902,9,0.659044098,,,,,,,,
8583,"Tue, 25 May 2010 14:45:04 +0000",7,0.718536262,29,0.281463738,,,,,,,,
11226,"Tue, 14 Sep 2010 15:37:10 +0000",2,1,,,,,,,,,,
7051,"Tue, 09 Mar 2010 09:33:39 +0000",28,1,,,,,,,,,,
13424,"Sun, 26 Dec 2010 15:49:20 +0000",3,1,,,,,,,,,,
11660,"Sun, 03 Oct 2010 15:39:26 +0000",30,0.169533009,54,0.830466991,,,,,,,,
11058,"Tue, 07 Sep 2010 02:57:58 +0000",0,1,,,,,,,,,,
12795,"Fri, 26 Nov 2010 08:57:50 +0000",42,1,,,,,,,,,,
7017,"Sun, 07 Mar 2010 04:18:38 +0000",0,1,,,,,,,,,,
11913,"Sat, 16 Oct 2010 19:19:01 +0000",0,1,,,,,,,,,,
12288,"Mon, 01 Nov 2010 14:06:13 +0000",5,1,,,,,,,,,,
8113,"Mon, 03 May 2010 12:07:04 +0000",6,0.262630862,27,0.737369138,,,,,,,,
9647,"Fri, 09 Jul 2010 09:45:33 +0000",29,1,,,,,,,,,,
11899,"Fri, 15 Oct 2010 19:33:44 +0000",12,1,,,,,,,,,,
11674,"Mon, 04 Oct 2010 13:00:15 +0000",8,1,,,,,,,,,,
11185,"Mon, 13 Sep 2010 07:03:31 +0000",17,0.528144018,29,0.471855982,,,,,,,,
8800,"Wed, 02 Jun 2010 16:40:25 +0000",40,1,,,,,,,,,,
9981,"Sat, 24 Jul 2010 01:00:12 +0000",4,1,,,,,,,,,,
7663,"Sun, 11 Apr 2010 18:29:44 +0000",10,1,,,,,,,,,,
7519,"Sat, 03 Apr 2010 07:28:16 +0000",10,1,,,,,,,,,,
10070,"Thu, 29 Jul 2010 08:46:13 +0000",10,1,,,,,,,,,,
12326,"Wed, 03 Nov 2010 10:19:12 +0000",46,1,,,,,,,,,,
12908,"Thu, 02 Dec 2010 00:21:38 +0000",10,1,,,,,,,,,,
6104,"Sun, 17 Jan 2010 10:09:54 +0000",10,1,,,,,,,,,,
9791,"Wed, 14 Jul 2010 22:56:52 +0000",8,1,,,,,,,,,,
8620,"Wed, 26 May 2010 12:32:56 +0000",10,1,,,,,,,,,,
9907,"Tue, 20 Jul 2010 13:57:29 +0000",2,1,,,,,,,,,,
7671,"Mon, 12 Apr 2010 07:39:43 +0000",12,0.143894628,14,0.856105372,,,,,,,,
9377,"Mon, 28 Jun 2010 11:32:29 +0000",34,1,,,,,,,,,,
10225,"Thu, 05 Aug 2010 16:50:00 +0000",26,1,,,,,,,,,,
11450,"Fri, 24 Sep 2010 14:17:01 +0000",9,-6.24E-05,49,1.000062428,,,,,,,,
8319,"Thu, 13 May 2010 21:50:18 +0000",25,1,,,,,,,,,,
11514,"Mon, 27 Sep 2010 16:51:15 +0000",34,0.360444308,42,0.639555692,,,,,,,,
11026,"Sun, 05 Sep 2010 19:58:28 +0000",1,1,,,,,,,,,,
11588,"Thu, 30 Sep 2010 02:43:13 +0000",6,0.999951125,7,4.89E-05,,,,,,,,
5992,"Tue, 12 Jan 2010 08:42:54 +0000",3,0.329881596,50,0.670118404,,,,,,,,
6739,"Sat, 20 Feb 2010 00:32:27 +0000",6,0.309726075,27,0.690273925,,,,,,,,
9347,"Sat, 26 Jun 2010 16:15:01 +0000",38,9.78E-06,51,0.999990216,,,,,,,,
9855,"Sat, 17 Jul 2010 17:46:23 +0000",17,1,,,,,,,,,,
12106,"Sun, 24 Oct 2010 08:56:20 +0000",29,1,,,,,,,,,,
11642,"Sat, 02 Oct 2010 10:51:24 +0000",26,1,,,,,,,,,,
13446,"Mon, 27 Dec 2010 18:04:18 +0000",19,1,,,,,,,,,,
12832,"Sun, 28 Nov 2010 16:10:36 +0000",3,1,,,,,,,,,,
10147,"Mon, 02 Aug 2010 16:19:09 +0000",27,0.306660058,55,0.693339942,,,,,,,,
8217,"Sat, 08 May 2010 09:36:17 +0000",0,1,,,,,,,,,,
13508,"Wed, 29 Dec 2010 18:06:15 +0000",7,0.917891843,27,0.082108157,,,,,,,,
6203,"Fri, 22 Jan 2010 17:43:39 +0000",7,1,,,,,,,,,,
12650,"Fri, 19 Nov 2010 15:25:24 +0000",7,1,,,,,,,,,,
8033,"Thu, 29 Apr 2010 12:47:02 +0000",3,0.273744391,42,0.726255609,,,,,,,,
11337,"Sat, 18 Sep 2010 04:47:14 +0000",14,1,,,,,,,,,,
8984,"Thu, 10 Jun 2010 00:30:38 +0000",12,1,,,,,,,,,,
11013,"Sun, 05 Sep 2010 17:03:19 +0000",10,1,,,,,,,,,,
11277,"Thu, 16 Sep 2010 14:14:05 +0000",6,0.705592291,27,1.14E-04,34,0.294293414,,,,,,
8030,"Thu, 29 Apr 2010 10:27:05 +0000",6,1,,,,,,,,,,
7178,"Tue, 16 Mar 2010 04:28:45 +0000",23,0.009680156,29,0.990319844,,,,,,,,
11328,"Fri, 17 Sep 2010 20:09:33 +0000",0,1,,,,,,,,,,
6699,"Wed, 17 Feb 2010 16:37:28 +0000",9,0.871435919,29,0.128564081,,,,,,,,
7609,"Thu, 08 Apr 2010 07:38:05 +0000",6,0.884423058,28,0.115576942,,,,,,,,
8698,"Fri, 28 May 2010 07:28:42 +0000",10,1,,,,,,,,,,
9602,"Wed, 07 Jul 2010 22:44:26 +0000",12,1,,,,,,,,,,
10730,"Tue, 24 Aug 2010 08:13:52 +0000",3,0.523036018,35,0.476963982,,,,,,,,
11876,"Thu, 14 Oct 2010 14:16:05 +0000",29,1,,,,,,,,,,
9715,"Mon, 12 Jul 2010 13:47:49 +0000",6,1,,,,,,,,,,
12112,"Sun, 24 Oct 2010 11:26:45 +0000",26,0.739086358,42,0.260913642,,,,,,,,
8730,"Sat, 29 May 2010 20:04:44 +0000",14,1,,,,,,,,,,
11644,"Sat, 02 Oct 2010 13:05:09 +0000",14,1,,,,,,,,,,
10280,"Sat, 07 Aug 2010 18:37:16 +0000",10,1,,,,,,,,,,
8531,"Mon, 24 May 2010 15:07:31 +0000",9,0.330810256,49,0.669189744,,,,,,,,
12675,"Sun, 21 Nov 2010 09:11:48 +0000",0,0.267366045,18,0.732633955,,,,,,,,
13007,"Tue, 07 Dec 2010 11:08:47 +0000",19,0.347592955,21,0.652407045,,,,,,,,
6355,"Fri, 29 Jan 2010 23:46:41 +0000",3,1,,,,,,,,,,
10086,"Thu, 29 Jul 2010 23:40:10 +0000",3,1,,,,,,,,,,
7945,"Sat, 24 Apr 2010 09:29:04 +0000",9,0.362489704,23,0.476653416,29,0.16085688,,,,,,
9017,"Fri, 11 Jun 2010 10:36:08 +0000",7,1,,,,,,,,,,
9501,"Sat, 03 Jul 2010 22:09:17 +0000",7,1,,,,,,,,,,
10018,"Mon, 26 Jul 2010 21:46:42 +0000",12,0.726664355,34,0.273335645,,,,,,,,
11578,"Wed, 29 Sep 2010 18:45:18 +0000",8,1,,,,,,,,,,
11522,"Mon, 27 Sep 2010 19:14:27 +0000",27,0.960439595,52,0.039560405,,,,,,,,
9436,"Thu, 01 Jul 2010 13:30:16 +0000",19,1,,,,,,,,,,
11021,"Sun, 05 Sep 2010 18:12:38 +0000",0,1,,,,,,,,,,
11433,"Thu, 23 Sep 2010 22:53:10 +0000",26,1,,,,,,,,,,
11955,"Mon, 18 Oct 2010 18:12:37 +0000",14,0.309364311,34,0.690635689,,,,,,,,
7521,"Sat, 03 Apr 2010 16:24:29 +0000",6,0.993292496,7,0.004338726,52,0.002368778,,,,,,
6020,"Wed, 13 Jan 2010 10:24:00 +0000",19,1,,,,,,,,,,
13166,"Tue, 14 Dec 2010 10:12:58 +0000",9,1,,,,,,,,,,
11102,"Wed, 08 Sep 2010 14:31:45 +0000",10,1,,,,,,,,,,
10359,"Wed, 11 Aug 2010 21:17:47 +0000",9,1,,,,,,,,,,
9797,"Thu, 15 Jul 2010 05:22:32 +0000",6,0.691545104,28,0.308454896,,,,,,,,
13146,"Mon, 13 Dec 2010 16:51:34 +0000",26,1,,,,,,,,,,
9772,"Wed, 14 Jul 2010 12:29:16 +0000",0,0.220746458,18,0.779253542,,,,,,,,
12648,"Fri, 19 Nov 2010 13:21:36 +0000",6,0.691704171,28,0.067067034,34,0.241228796,,,,,,
11241,"Tue, 14 Sep 2010 23:29:07 +0000",14,1,,,,,,,,,,
10348,"Wed, 11 Aug 2010 13:44:50 +0000",2,0.251585816,42,0.748414184,,,,,,,,
9169,"Thu, 17 Jun 2010 23:50:11 +0000",1,0.432123039,35,0.567876961,,,,,,,,
11250,"Wed, 15 Sep 2010 08:13:14 +0000",6,0.215985507,7,0.784038445,27,-2.40E-05,,,,,,
11610,"Fri, 01 Oct 2010 01:08:37 +0000",35,1,,,,,,,,,,
10293,"Sun, 08 Aug 2010 12:13:38 +0000",3,0.44498093,39,0.55501907,,,,,,,,
12403,"Sun, 07 Nov 2010 03:04:16 +0000",0,1,,,,,,,,,,
10154,"Mon, 02 Aug 2010 23:33:57 +0000",14,1,,,,,,,,,,
11857,"Wed, 13 Oct 2010 11:32:07 +0000",19,1,,,,,,,,,,
10806,"Thu, 26 Aug 2010 20:40:17 +0000",18,1,,,,,,,,,,
12096,"Sat, 23 Oct 2010 12:47:35 +0000",7,0.779250158,30,0.220749842,,,,,,,,
12974,"Mon, 06 Dec 2010 16:14:23 +0000",7,1,,,,,,,,,,
11917,"Sun, 17 Oct 2010 00:43:56 +0000",0,0.501515828,18,0.498484172,,,,,,,,
11169,"Sun, 12 Sep 2010 04:37:38 +0000",8,0.658505604,30,2.85E-04,34,0.341209475,,,,,,
10129,"Sun, 01 Aug 2010 20:36:53 +0000",12,1,,,,,,,,,,
7398,"Sat, 27 Mar 2010 01:28:06 +0000",32,1,,,,,,,,,,
11549,"Tue, 28 Sep 2010 19:42:00 +0000",9,0.741662013,10,0.258337987,,,,,,,,
10774,"Wed, 25 Aug 2010 15:47:23 +0000",6,0.467551985,27,2.99E-04,34,0.343829418,56,0.188319141,,,,
10509,"Tue, 17 Aug 2010 13:20:20 +0000",6,0.724536276,7,0.275463724,,,,,,,,
12270,"Sun, 31 Oct 2010 21:03:26 +0000",29,1,,,,,,,,,,
8153,"Tue, 04 May 2010 21:32:32 +0000",9,5.54E-04,23,0.54121636,29,0.458229753,,,,,,
10923,"Wed, 01 Sep 2010 10:18:26 +0000",0,0.436423671,18,0.563576329,,,,,,,,
12125,"Sun, 24 Oct 2010 21:41:02 +0000",28,1,,,,,,,,,,
12875,"Tue, 30 Nov 2010 23:39:13 +0000",28,1,,,,,,,,,,
8268,"Tue, 11 May 2010 19:29:21 +0000",10,1,,,,,,,,,,
8723,"Sat, 29 May 2010 06:59:15 +0000",6,0.749444905,27,0.080743652,56,0.169811443,,,,,,
8528,"Mon, 24 May 2010 12:53:44 +0000",20,0.857534827,46,0.142465173,,,,,,,,
9264,"Tue, 22 Jun 2010 20:45:31 +0000",5,0.999666353,34,3.34E-04,,,,,,,,
7402,"Sat, 27 Mar 2010 12:52:37 +0000",9,0.456168954,49,0.543831046,,,,,,,,
13439,"Mon, 27 Dec 2010 15:05:55 +0000",29,1,,,,,,,,,,
8376,"Tue, 18 May 2010 01:59:22 +0000",26,0.31894195,42,0.68105805,,,,,,,,
9993,"Sun, 25 Jul 2010 16:17:58 +0000",46,1,,,,,,,,,,
11184,"Mon, 13 Sep 2010 06:50:09 +0000",0,0.723009465,18,0.276990535,,,,,,,,
6485,"Fri, 05 Feb 2010 13:13:14 +0000",10,0.550229151,17,0.114629073,23,0.335141776,,,,,,
7718,"Wed, 14 Apr 2010 15:08:26 +0000",2,1,,,,,,,,,,
7131,"Fri, 12 Mar 2010 22:24:28 +0000",8,1,,,,,,,,,,
7073,"Wed, 10 Mar 2010 09:06:07 +0000",57,1,,,,,,,,,,
9091,"Tue, 15 Jun 2010 09:53:12 +0000",52,1,,,,,,,,,,
12888,"Wed, 01 Dec 2010 15:08:56 +0000",8,0.604907063,30,0.395092937,,,,,,,,
8118,"Mon, 03 May 2010 14:11:41 +0000",3,1,,,,,,,,,,
12220,"Thu, 28 Oct 2010 18:04:16 +0000",29,1,,,,,,,,,,
12577,"Tue, 16 Nov 2010 06:03:21 +0000",0,0.713730741,7,0.286269259,,,,,,,,
9763,"Tue, 13 Jul 2010 22:47:09 +0000",0,0.505330455,7,0.494669545,,,,,,,,
9782,"Wed, 14 Jul 2010 20:35:34 +0000",2,1,,,,,,,,,,
9396,"Tue, 29 Jun 2010 12:53:34 +0000",40,1,,,,,,,,,,
7484,"Thu, 01 Apr 2010 06:40:43 +0000",10,1,,,,,,,,,,
9770,"Wed, 14 Jul 2010 11:14:07 +0000",43,1,,,,,,,,,,
10392,"Fri, 13 Aug 2010 00:52:32 +0000",26,0.312806765,42,0.687193235,,,,,,,,
8343,"Sat, 15 May 2010 04:34:44 +0000",5,1,,,,,,,,,,
11008,"Sun, 05 Sep 2010 05:38:35 +0000",6,1,,,,,,,,,,
11029,"Sun, 05 Sep 2010 21:08:24 +0000",8,1,,,,,,,,,,
10999,"Sat, 04 Sep 2010 08:22:06 +0000",26,1,,,,,,,,,,
12120,"Sun, 24 Oct 2010 17:06:12 +0000",32,0.42872629,43,0.57127371,,,,,,,,
12084,"Fri, 22 Oct 2010 16:29:00 +0000",26,1,,,,,,,,,,
9781,"Wed, 14 Jul 2010 20:11:57 +0000",28,1,,,,,,,,,,
8452,"Fri, 21 May 2010 14:50:16 +0000",35,1,,,,,,,,,,
7833,"Mon, 19 Apr 2010 05:53:28 +0000",3,0.142881266,9,0.277910923,43,0.579207811,,,,,,
11926,"Sun, 17 Oct 2010 22:03:28 +0000",1,0.601630824,34,0.398369176,,,,,,,,
9184,"Fri, 18 Jun 2010 19:32:38 +0000",27,1,,,,,,,,,,
10569,"Wed, 18 Aug 2010 19:40:41 +0000",36,1,,,,,,,,,,
9485,"Sat, 03 Jul 2010 08:18:35 +0000",3,1,,,,,,,,,,
10279,"Sat, 07 Aug 2010 18:14:30 +0000",14,1,,,,,,,,,,
10093,"Fri, 30 Jul 2010 10:57:41 +0000",3,0.435968938,25,0.564031062,,,,,,,,
6155,"Wed, 20 Jan 2010 15:01:29 +0000",0,1,,,,,,,,,,
11204,"Tue, 14 Sep 2010 01:16:53 +0000",1,1,,,,,,,,,,
12605,"Wed, 17 Nov 2010 23:44:08 +0000",0,1,,,,,,,,,,
10168,"Tue, 03 Aug 2010 18:33:10 +0000",7,0.855673533,29,0.144326467,,,,,,,,
9131,"Wed, 16 Jun 2010 21:29:49 +0000",37,1,,,,,,,,,,
12135,"Mon, 25 Oct 2010 13:19:54 +0000",26,1,,,,,,,,,,
10213,"Thu, 05 Aug 2010 07:50:38 +0000",5,1,,,,,,,,,,
6300,"Wed, 27 Jan 2010 08:00:07 +0000",10,1,,,,,,,,,,
8636,"Wed, 26 May 2010 15:33:47 +0000",42,1,,,,,,,,,,
12511,"Fri, 12 Nov 2010 03:57:23 +0000",29,0.659661605,35,0.340338395,,,,,,,,
12796,"Fri, 26 Nov 2010 09:14:36 +0000",7,1,,,,,,,,,,
12110,"Sun, 24 Oct 2010 09:40:53 +0000",23,0.370629349,29,0.629370651,,,,,,,,
10957,"Thu, 02 Sep 2010 13:21:16 +0000",14,-6.04E-05,34,1.000060364,,,,,,,,
12232,"Fri, 29 Oct 2010 06:12:24 +0000",8,1,,,,,,,,,,
6111,"Mon, 18 Jan 2010 00:47:17 +0000",6,0.406386933,27,0.160898984,28,0.432714083,,,,,,
8002,"Tue, 27 Apr 2010 21:08:10 +0000",7,0.253179333,8,0.746820667,,,,,,,,
8532,"Mon, 24 May 2010 15:07:44 +0000",43,1,,,,,,,,,,
12490,"Wed, 10 Nov 2010 23:46:49 +0000",19,0.352821844,20,0.647178156,,,,,,,,
10835,"Sat, 28 Aug 2010 05:43:34 +0000",29,1,,,,,,,,,,
7775,"Fri, 16 Apr 2010 08:18:33 +0000",26,1,,,,,,,,,,
7469,"Wed, 31 Mar 2010 10:37:00 +0000",23,1.00009399,29,-9.40E-05,,,,,,,,
12959,"Sun, 05 Dec 2010 19:02:53 +0000",3,0.218289921,23,0.366797538,25,0.194254872,29,0.220657669,,,,
9000,"Thu, 10 Jun 2010 17:41:43 +0000",45,1,,,,,,,,,,
7744,"Thu, 15 Apr 2010 08:03:26 +0000",57,1,,,,,,,,,,
9442,"Thu, 01 Jul 2010 18:18:04 +0000",34,1.44E-06,36,0.999998563,,,,,,,,
6182,"Thu, 21 Jan 2010 13:15:52 +0000",2,0.466739482,19,0.533260518,,,,,,,,
13206,"Thu, 16 Dec 2010 01:22:19 +0000",8,0.631402779,18,0.368597221,,,,,,,,
9348,"Sat, 26 Jun 2010 16:59:34 +0000",2,1,,,,,,,,,,
8428,"Thu, 20 May 2010 20:46:23 +0000",0,0.784604103,25,0.215395897,,,,,,,,
10901,"Tue, 31 Aug 2010 15:53:06 +0000",6,0.269354239,56,0.730645761,,,,,,,,
9020,"Fri, 11 Jun 2010 12:20:48 +0000",2,1,,,,,,,,,,
12341,"Wed, 03 Nov 2010 20:36:34 +0000",7,0.504367032,19,0.495632968,,,,,,,,
8475,"Sat, 22 May 2010 17:00:02 +0000",10,1,,,,,,,,,,
8412,"Thu, 20 May 2010 10:37:30 +0000",6,0.448738831,28,0.551261169,,,,,,,,
8552,"Mon, 24 May 2010 16:54:41 +0000",12,0.601164835,14,0.398835165,,,,,,,,
6734,"Fri, 19 Feb 2010 18:21:33 +0000",5,0.347162905,20,0.652837095,,,,,,,,
9064,"Mon, 14 Jun 2010 09:48:16 +0000",19,1,,,,,,,,,,
12107,"Sun, 24 Oct 2010 08:56:29 +0000",7,0.557802144,9,0.442197856,,,,,,,,
9371,"Mon, 28 Jun 2010 08:35:48 +0000",20,0.617469522,28,0.382530478,,,,,,,,
11519,"Mon, 27 Sep 2010 18:42:42 +0000",40,1,,,,,,,,,,
6472,"Fri, 05 Feb 2010 01:52:27 +0000",2,1,,,,,,,,,,
9373,"Mon, 28 Jun 2010 09:17:27 +0000",34,1,,,,,,,,,,
9796,"Thu, 15 Jul 2010 05:19:55 +0000",12,0.416208123,14,0.583791877,,,,,,,,
11625,"Fri, 01 Oct 2010 17:06:49 +0000",6,1,,,,,,,,,,
13405,"Fri, 24 Dec 2010 16:45:45 +0000",2,1,,,,,,,,,,
9760,"Tue, 13 Jul 2010 21:10:00 +0000",5,1,,,,,,,,,,
13445,"Mon, 27 Dec 2010 17:12:04 +0000",29,1,,,,,,,,,,
8090,"Sun, 02 May 2010 09:32:48 +0000",10,1,,,,,,,,,,
10341,"Wed, 11 Aug 2010 07:01:27 +0000",10,0.054638413,34,0.945361587,,,,,,,,
11087,"Wed, 08 Sep 2010 01:08:58 +0000",19,0.564612634,34,0.435387366,,,,,,,,
11943,"Mon, 18 Oct 2010 09:12:53 +0000",5,1,,,,,,,,,,
6378,"Mon, 01 Feb 2010 03:41:30 +0000",10,1,,,,,,,,,,
9795,"Thu, 15 Jul 2010 01:16:30 +0000",0,1,,,,,,,,,,
8065,"Sat, 01 May 2010 05:53:59 +0000",3,0.189713966,12,0.255763851,42,0.554522182,,,,,,
12612,"Thu, 18 Nov 2010 06:07:43 +0000",24,1,,,,,,,,,,
12671,"Sat, 20 Nov 2010 20:30:40 +0000",10,0.569711951,58,0.430288049,,,,,,,,
11911,"Sat, 16 Oct 2010 17:15:49 +0000",8,1,,,,,,,,,,
10353,"Wed, 11 Aug 2010 16:16:41 +0000",40,1,,,,,,,,,,
9648,"Fri, 09 Jul 2010 10:53:37 +0000",12,1,,,,,,,,,,
10305,"Mon, 09 Aug 2010 16:57:15 +0000",28,1,,,,,,,,,,
12807,"Fri, 26 Nov 2010 19:15:25 +0000",10,1,,,,,,,,,,
9070,"Mon, 14 Jun 2010 18:48:36 +0000",3,0.079474862,42,0.920525138,,,,,,,,
8016,"Wed, 28 Apr 2010 11:35:00 +0000",5,1,,,,,,,,,,
13013,"Tue, 07 Dec 2010 17:02:16 +0000",23,0.187571639,29,0.264540785,43,0.547887575,,,,,,
12217,"Thu, 28 Oct 2010 08:44:00 +0000",7,-1.30E-05,39,1.000013037,,,,,,,,
11111,"Wed, 08 Sep 2010 22:23:36 +0000",10,0.927974551,34,0.072025449,,,,,,,,
9489,"Sat, 03 Jul 2010 09:55:09 +0000",3,1,,,,,,,,,,
8183,"Thu, 06 May 2010 08:19:29 +0000",35,1,,,,,,,,,,
12286,"Mon, 01 Nov 2010 12:49:45 +0000",8,1,,,,,,,,,,
12061,"Thu, 21 Oct 2010 15:38:01 +0000",0,1,,,,,,,,,,
11049,"Mon, 06 Sep 2010 21:46:09 +0000",26,1,,,,,,,,,,
8179,"Thu, 06 May 2010 05:11:39 +0000",0,1,,,,,,,,,,
11025,"Sun, 05 Sep 2010 19:01:18 +0000",7,-3.32E-05,14,0.014695593,22,0.985337568,,,,,,
12504,"Thu, 11 Nov 2010 16:54:13 +0000",3,1,,,,,,,,,,
11316,"Fri, 17 Sep 2010 13:59:33 +0000",14,0.687197168,34,0.312802832,,,,,,,,
12383,"Fri, 05 Nov 2010 16:10:55 +0000",28,1,,,,,,,,,,
11756,"Thu, 07 Oct 2010 22:12:19 +0000",1,1,,,,,,,,,,
11476,"Sat, 25 Sep 2010 11:47:08 +0000",2,0.00103927,3,0.520215797,42,0.478744933,,,,,,
10932,"Wed, 01 Sep 2010 15:51:58 +0000",26,0.999839223,42,1.61E-04,,,,,,,,
11406,"Wed, 22 Sep 2010 17:47:45 +0000",3,1,,,,,,,,,,
7912,"Thu, 22 Apr 2010 09:55:16 +0000",24,0.992322441,28,0.007677559,,,,,,,,
12450,"Tue, 09 Nov 2010 11:24:09 +0000",26,0.28730106,42,0.71269894,,,,,,,,
12477,"Wed, 10 Nov 2010 13:27:42 +0000",12,1,,,,,,,,,,
10482,"Mon, 16 Aug 2010 18:20:35 +0000",1,0.647375094,12,0.352624906,,,,,,,,
8317,"Thu, 13 May 2010 16:23:08 +0000",25,1,,,,,,,,,,
10274,"Sat, 07 Aug 2010 15:05:20 +0000",10,1,,,,,,,,,,
6216,"Sat, 23 Jan 2010 01:33:21 +0000",8,1,,,,,,,,,,
10737,"Tue, 24 Aug 2010 12:41:19 +0000",28,1,,,,,,,,,,
11354,"Sun, 19 Sep 2010 12:37:17 +0000",4,1,,,,,,,,,,
11417,"Thu, 23 Sep 2010 07:44:15 +0000",1,0.762513726,7,0.237486274,,,,,,,,
12142,"Mon, 25 Oct 2010 21:41:48 +0000",0,1,,,,,,,,,,
9496,"Sat, 03 Jul 2010 18:52:39 +0000",3,0.341316821,12,0.484638507,42,0.174044671,,,,,,
10661,"Sat, 21 Aug 2010 16:02:31 +0000",8,0.99988853,27,1.11E-04,,,,,,,,
11341,"Sat, 18 Sep 2010 18:56:22 +0000",27,0.836914013,29,0.163085987,,,,,,,,
11329,"Fri, 17 Sep 2010 21:58:53 +0000",26,1,,,,,,,,,,
12437,"Tue, 09 Nov 2010 00:15:55 +0000",14,0.762859316,34,0.237140684,,,,,,,,
10543,"Wed, 18 Aug 2010 10:38:23 +0000",26,0.995880257,42,0.004119743,,,,,,,,
12545,"Sun, 14 Nov 2010 20:18:42 +0000",1,0.878601246,9,0.121398754,,,,,,,,
13236,"Fri, 17 Dec 2010 04:59:44 +0000",0,0.264762245,24,0.735237755,,,,,,,,
9994,"Sun, 25 Jul 2010 16:20:21 +0000",26,1,,,,,,,,,,
11120,"Thu, 09 Sep 2010 08:10:30 +0000",3,-0.001002749,42,1.001002749,,,,,,,,
8988,"Thu, 10 Jun 2010 04:52:23 +0000",0,0.508397394,34,0.491602606,,,,,,,,
12208,"Thu, 28 Oct 2010 00:49:21 +0000",12,0.410517395,35,0.589482605,,,,,,,,
12603,"Wed, 17 Nov 2010 15:36:38 +0000",12,1,,,,,,,,,,
10288,"Sun, 08 Aug 2010 05:14:17 +0000",14,1,,,,,,,,,,
12092,"Sat, 23 Oct 2010 01:49:44 +0000",6,0.789204415,28,0.210795585,,,,,,,,
8887,"Mon, 07 Jun 2010 01:06:47 +0000",2,0.358165972,18,0.193117022,40,0.448717006,,,,,,
7100,"Wed, 10 Mar 2010 23:10:57 +0000",26,1,,,,,,,,,,
9970,"Fri, 23 Jul 2010 11:19:29 +0000",27,-1.61E-04,55,1.000161289,,,,,,,,
10403,"Fri, 13 Aug 2010 11:05:08 +0000",6,0.536662184,34,0.463337816,,,,,,,,
13026,"Wed, 08 Dec 2010 09:22:03 +0000",2,1,,,,,,,,,,
9308,"Thu, 24 Jun 2010 18:26:31 +0000",14,1,,,,,,,,,,
10677,"Sun, 22 Aug 2010 17:43:19 +0000",2,1,,,,,,,,,,
10367,"Thu, 12 Aug 2010 03:04:16 +0000",1,0.636263126,12,0.363736874,,,,,,,,
10499,"Tue, 17 Aug 2010 02:33:26 +0000",1,0.158401066,12,0.53010046,27,0.311498474,,,,,,
10465,"Mon, 16 Aug 2010 11:11:57 +0000",7,7.61E-04,34,0.999239285,,,,,,,,
7358,"Wed, 24 Mar 2010 19:44:49 +0000",0,0.183242398,7,0.816757602,,,,,,,,
8918,"Mon, 07 Jun 2010 20:53:22 +0000",6,0.201144275,56,0.798855725,,,,,,,,
9524,"Mon, 05 Jul 2010 02:14:24 +0000",32,1,,,,,,,,,,
11017,"Sun, 05 Sep 2010 17:41:51 +0000",0,0.169326863,3,0.830673137,,,,,,,,
9690,"Sun, 11 Jul 2010 12:21:07 +0000",3,1,,,,,,,,,,
11024,"Sun, 05 Sep 2010 18:49:40 +0000",8,1,,,,,,,,,,
10523,"Tue, 17 Aug 2010 21:58:58 +0000",0,1,,,,,,,,,,
11834,"Tue, 12 Oct 2010 13:09:59 +0000",8,0.556830875,28,0.443169125,,,,,,,,
9202,"Sat, 19 Jun 2010 17:37:05 +0000",26,0.999348054,42,6.52E-04,,,,,,,,
9749,"Tue, 13 Jul 2010 13:55:45 +0000",8,1,,,,,,,,,,
11412,"Thu, 23 Sep 2010 00:47:00 +0000",4,0.3444619,14,0.6555381,,,,,,,,
7004,"Sat, 06 Mar 2010 04:09:01 +0000",32,1,,,,,,,,,,
7862,"Tue, 20 Apr 2010 14:02:08 +0000",27,1,,,,,,,,,,
11015,"Sun, 05 Sep 2010 17:24:03 +0000",19,1,,,,,,,,,,
7627,"Thu, 08 Apr 2010 18:33:02 +0000",7,0.208702783,29,0.791297217,,,,,,,,
12428,"Mon, 08 Nov 2010 13:21:17 +0000",29,1,,,,,,,,,,
11931,"Mon, 18 Oct 2010 06:09:23 +0000",14,1,,,,,,,,,,
10691,"Mon, 23 Aug 2010 08:37:44 +0000",0,1,,,,,,,,,,
12155,"Tue, 26 Oct 2010 08:15:23 +0000",12,1,,,,,,,,,,
7614,"Thu, 08 Apr 2010 10:33:32 +0000",2,0.681965558,6,0.318034442,,,,,,,,
8028,"Thu, 29 Apr 2010 07:22:50 +0000",7,0.874178056,14,0.125821944,,,,,,,,
8462,"Sat, 22 May 2010 00:45:08 +0000",2,1,,,,,,,,,,
9694,"Mon, 12 Jul 2010 00:09:26 +0000",28,1,,,,,,,,,,
13077,"Fri, 10 Dec 2010 05:39:15 +0000",0,0.771630146,25,0.228369854,,,,,,,,
11562,"Wed, 29 Sep 2010 08:15:56 +0000",5,1,,,,,,,,,,
10537,"Wed, 18 Aug 2010 07:24:13 +0000",52,1,,,,,,,,,,
10889,"Tue, 31 Aug 2010 04:58:15 +0000",42,1,,,,,,,,,,
10694,"Mon, 23 Aug 2010 09:47:43 +0000",26,1,,,,,,,,,,
12423,"Mon, 08 Nov 2010 10:19:42 +0000",40,1,,,,,,,,,,
12010,"Wed, 20 Oct 2010 16:49:14 +0000",14,0.325158399,22,0.674841601,,,,,,,,
7801,"Sat, 17 Apr 2010 17:54:56 +0000",10,1,,,,,,,,,,
11460,"Fri, 24 Sep 2010 19:55:10 +0000",36,1,,,,,,,,,,
12722,"Tue, 23 Nov 2010 18:19:38 +0000",0,1,,,,,,,,,,
12211,"Thu, 28 Oct 2010 03:33:16 +0000",0,1,,,,,,,,,,
8000,"Tue, 27 Apr 2010 16:57:53 +0000",7,0.292552629,39,0.707447371,,,,,,,,
10301,"Mon, 09 Aug 2010 09:26:06 +0000",14,1,,,,,,,,,,
12883,"Wed, 01 Dec 2010 09:20:03 +0000",15,1,,,,,,,,,,
12510,"Fri, 12 Nov 2010 03:38:16 +0000",0,1,,,,,,,,,,
12751,"Thu, 25 Nov 2010 00:15:57 +0000",12,1,,,,,,,,,,
12700,"Mon, 22 Nov 2010 16:36:45 +0000",26,1,,,,,,,,,,
12797,"Fri, 26 Nov 2010 10:08:17 +0000",3,1,,,,,,,,,,
8064,"Sat, 01 May 2010 03:21:18 +0000",8,1,,,,,,,,,,
13068,"Thu, 09 Dec 2010 17:57:00 +0000",44,1,,,,,,,,,,
11327,"Fri, 17 Sep 2010 19:33:54 +0000",2,0.484318188,25,0.515681812,,,,,,,,
10240,"Fri, 06 Aug 2010 10:27:55 +0000",2,1,,,,,,,,,,
11252,"Wed, 15 Sep 2010 08:21:57 +0000",39,1,,,,,,,,,,
10788,"Thu, 26 Aug 2010 04:35:11 +0000",19,1,,,,,,,,,,
6417,"Wed, 03 Feb 2010 00:55:23 +0000",0,1,,,,,,,,,,
11338,"Sat, 18 Sep 2010 08:12:52 +0000",0,1,,,,,,,,,,
13039,"Wed, 08 Dec 2010 19:42:50 +0000",18,1,,,,,,,,,,
6334,"Fri, 29 Jan 2010 00:34:15 +0000",0,0.30207139,43,0.69792861,,,,,,,,
13483,"Tue, 28 Dec 2010 22:02:14 +0000",26,1,,,,,,,,,,
10924,"Wed, 01 Sep 2010 10:19:33 +0000",58,1,,,,,,,,,,
9269,"Wed, 23 Jun 2010 00:17:16 +0000",6,0.994724835,27,0.005275165,,,,,,,,
10629,"Fri, 20 Aug 2010 12:25:18 +0000",29,0.16457383,43,0.83542617,,,,,,,,
8922,"Mon, 07 Jun 2010 23:46:48 +0000",4,0.17682136,14,0.511401277,27,0.311777363,,,,,,
11233,"Tue, 14 Sep 2010 20:22:55 +0000",4,0.999718049,14,2.82E-04,,,,,,,,
8282,"Wed, 12 May 2010 03:21:55 +0000",26,1,,,,,,,,,,
11159,"Sat, 11 Sep 2010 06:37:18 +0000",14,0.655921193,34,0.344078807,,,,,,,,
11007,"Sun, 05 Sep 2010 05:36:32 +0000",32,1,,,,,,,,,,
5991,"Tue, 12 Jan 2010 07:45:37 +0000",3,1,,,,,,,,,,
7774,"Fri, 16 Apr 2010 08:07:12 +0000",6,0.52775798,20,0.47224202,,,,,,,,
9832,"Fri, 16 Jul 2010 14:17:11 +0000",26,1,,,,,,,,,,
11551,"Tue, 28 Sep 2010 21:45:27 +0000",43,1,,,,,,,,,,
12108,"Sun, 24 Oct 2010 09:22:01 +0000",26,1,,,,,,,,,,
13311,"Tue, 21 Dec 2010 08:15:23 +0000",7,0.451438633,39,0.548561367,,,,,,,,
10724,"Tue, 24 Aug 2010 02:21:10 +0000",7,0.681941375,9,0.318058625,,,,,,,,
9372,"Mon, 28 Jun 2010 08:46:01 +0000",10,1,,,,,,,,,,
9340,"Fri, 25 Jun 2010 22:01:43 +0000",28,1,,,,,,,,,,
9488,"Sat, 03 Jul 2010 08:20:29 +0000",10,1,,,,,,,,,,
13006,"Tue, 07 Dec 2010 10:28:28 +0000",43,1,,,,,,,,,,
12745,"Wed, 24 Nov 2010 21:14:50 +0000",14,0.746894208,20,0.253105792,,,,,,,,
13130,"Sun, 12 Dec 2010 19:23:36 +0000",34,1.09E-04,38,0.999890745,,,,,,,,
9370,"Mon, 28 Jun 2010 07:49:11 +0000",30,0.156073152,52,0.843926848,,,,,,,,
8188,"Thu, 06 May 2010 14:01:29 +0000",59,1,,,,,,,,,,
7721,"Wed, 14 Apr 2010 16:58:17 +0000",3,0.138015915,42,0.861984085,,,,,,,,
11804,"Mon, 11 Oct 2010 10:42:58 +0000",35,1,,,,,,,,,,
8897,"Mon, 07 Jun 2010 08:36:53 +0000",9,0.999351829,30,6.48E-04,,,,,,,,
10910,"Wed, 01 Sep 2010 03:34:27 +0000",19,1,,,,,,,,,,
10157,"Tue, 03 Aug 2010 08:48:44 +0000",8,1,,,,,,,,,,
12136,"Mon, 25 Oct 2010 14:19:46 +0000",55,1,,,,,,,,,,
10967,"Thu, 02 Sep 2010 17:10:04 +0000",7,0.345369954,10,0.654630046,,,,,,,,
10347,"Wed, 11 Aug 2010 13:15:03 +0000",7,0.430140598,46,0.569859402,,,,,,,,
10160,"Tue, 03 Aug 2010 13:37:10 +0000",23,0.461649836,29,0.054632545,43,0.483717619,,,,,,
8921,"Mon, 07 Jun 2010 23:42:17 +0000",3,-8.95E-05,42,-8.64E-05,50,1.000175943,,,,,,
13364,"Wed, 22 Dec 2010 09:08:38 +0000",0,1,,,,,,,,,,
6342,"Fri, 29 Jan 2010 07:56:32 +0000",32,1,,,,,,,,,,
13087,"Fri, 10 Dec 2010 17:29:44 +0000",2,1,,,,,,,,,,
10972,"Thu, 02 Sep 2010 23:53:19 +0000",7,2.03E-04,9,0.999797193,,,,,,,,
12776,"Thu, 25 Nov 2010 19:04:41 +0000",3,1,,,,,,,,,,
10169,"Tue, 03 Aug 2010 18:40:00 +0000",3,0.443123314,50,0.556876686,,,,,,,,
9604,"Thu, 08 Jul 2010 02:13:27 +0000",29,1,,,,,,,,,,
12540,"Sun, 14 Nov 2010 02:40:25 +0000",6,1,,,,,,,,,,
11260,"Wed, 15 Sep 2010 15:35:59 +0000",10,1,,,,,,,,,,
13102,"Sat, 11 Dec 2010 00:21:39 +0000",1,0.530589087,29,0.469410913,,,,,,,,
12634,"Thu, 18 Nov 2010 21:36:23 +0000",0,1,,,,,,,,,,
7095,"Wed, 10 Mar 2010 22:27:41 +0000",26,0.980615973,42,0.019384027,,,,,,,,
10596,"Thu, 19 Aug 2010 18:01:43 +0000",0,1,,,,,,,,,,
6315,"Wed, 27 Jan 2010 20:58:57 +0000",8,0.999547726,30,4.52E-04,,,,,,,,
11119,"Thu, 09 Sep 2010 08:00:45 +0000",2,1,,,,,,,,,,
12600,"Wed, 17 Nov 2010 06:27:50 +0000",18,1,,,,,,,,,,
10856,"Sun, 29 Aug 2010 10:59:55 +0000",0,0.468616187,7,3.89E-04,29,0.530995176,,,,,,
10933,"Wed, 01 Sep 2010 15:52:08 +0000",26,1,,,,,,,,,,
9536,"Mon, 05 Jul 2010 16:03:36 +0000",2,0.239761046,34,0.170102598,42,0.590136356,,,,,,
9463,"Fri, 02 Jul 2010 13:52:25 +0000",29,1,,,,,,,,,,
9052,"Sun, 13 Jun 2010 20:47:04 +0000",26,1,,,,,,,,,,
6891,"Sat, 27 Feb 2010 01:40:11 +0000",9,1,,,,,,,,,,
9759,"Tue, 13 Jul 2010 21:01:45 +0000",35,1,,,,,,,,,,
10110,"Fri, 30 Jul 2010 23:14:00 +0000",7,1,,,,,,,,,,
6167,"Wed, 20 Jan 2010 23:58:48 +0000",10,1,,,,,,,,,,
9580,"Wed, 07 Jul 2010 08:35:54 +0000",29,1,,,,,,,,,,
8466,"Sat, 22 May 2010 09:13:30 +0000",8,1,,,,,,,,,,
11520,"Mon, 27 Sep 2010 18:42:56 +0000",40,1,,,,,,,,,,
9213,"Sun, 20 Jun 2010 07:52:13 +0000",29,1,,,,,,,,,,
12177,"Tue, 26 Oct 2010 22:17:22 +0000",39,0.703477258,52,0.296522742,,,,,,,,
13034,"Wed, 08 Dec 2010 14:49:02 +0000",7,0.151201059,28,0.848798941,,,,,,,,
9350,"Sat, 26 Jun 2010 18:11:07 +0000",6,1,,,,,,,,,,
11701,"Tue, 05 Oct 2010 11:32:49 +0000",8,0.308547746,28,0.691452254,,,,,,,,
11684,"Mon, 04 Oct 2010 21:42:25 +0000",35,1,,,,,,,,,,
8917,"Mon, 07 Jun 2010 20:23:02 +0000",8,1,,,,,,,,,,
11826,"Tue, 12 Oct 2010 08:49:12 +0000",0,1,,,,,,,,,,
10927,"Wed, 01 Sep 2010 12:33:05 +0000",2,1,,,,,,,,,,
8247,"Mon, 10 May 2010 18:19:17 +0000",30,0.663330595,52,0.336669405,,,,,,,,
11227,"Tue, 14 Sep 2010 15:37:10 +0000",2,1,,,,,,,,,,
10769,"Wed, 25 Aug 2010 13:16:41 +0000",10,1,,,,,,,,,,
10632,"Fri, 20 Aug 2010 14:41:55 +0000",0,1,,,,,,,,,,
8334,"Fri, 14 May 2010 09:07:25 +0000",10,1,,,,,,,,,,
12958,"Sun, 05 Dec 2010 17:48:52 +0000",10,1,,,,,,,,,,
10817,"Fri, 27 Aug 2010 10:41:06 +0000",6,1,,,,,,,,,,
13268,"Sun, 19 Dec 2010 14:06:42 +0000",10,1,,,,,,,,,,
11126,"Thu, 09 Sep 2010 14:08:41 +0000",7,0.662134622,34,0.337865378,,,,,,,,
8403,"Wed, 19 May 2010 20:54:49 +0000",7,0.111797771,34,0.888202229,,,,,,,,
9037,"Sat, 12 Jun 2010 19:13:42 +0000",40,1,,,,,,,,,,
11900,"Fri, 15 Oct 2010 20:03:21 +0000",8,1,,,,,,,,,,
11441,"Fri, 24 Sep 2010 07:18:01 +0000",13,1,,,,,,,,,,
11171,"Sun, 12 Sep 2010 12:14:45 +0000",0,0.744977604,23,0.255022396,,,,,,,,
10533,"Wed, 18 Aug 2010 06:02:51 +0000",10,1.008719498,29,-0.008719498,,,,,,,,
10879,"Mon, 30 Aug 2010 14:28:36 +0000",19,0.190431326,20,0.809568674,,,,,,,,
8366,"Mon, 17 May 2010 12:22:40 +0000",3,0.687320735,29,0.312679265,,,,,,,,
6978,"Thu, 04 Mar 2010 11:05:57 +0000",7,0.386574868,14,0.613425132,,,,,,,,
10092,"Fri, 30 Jul 2010 10:50:38 +0000",3,1,,,,,,,,,,
12581,"Tue, 16 Nov 2010 11:08:38 +0000",40,1,,,,,,,,,,
11395,"Wed, 22 Sep 2010 09:29:52 +0000",3,0.047309863,23,0.399636348,25,0.553053789,,,,,,
11632,"Sat, 02 Oct 2010 04:40:16 +0000",32,1,,,,,,,,,,
7229,"Thu, 18 Mar 2010 09:15:11 +0000",26,1,,,,,,,,,,
13540,"Thu, 30 Dec 2010 20:27:49 +0000",10,0.752440064,23,0.247559936,,,,,,,,
9492,"Sat, 03 Jul 2010 11:58:12 +0000",29,1,,,,,,,,,,
10734,"Tue, 24 Aug 2010 10:29:41 +0000",10,1,,,,,,,,,,
12189,"Wed, 27 Oct 2010 10:07:30 +0000",34,3.41E-04,47,0.999659052,,,,,,,,
7751,"Thu, 15 Apr 2010 14:01:33 +0000",14,1,,,,,,,,,,
13012,"Tue, 07 Dec 2010 16:33:05 +0000",14,1,,,,,,,,,,
11121,"Thu, 09 Sep 2010 08:13:06 +0000",2,1,,,,,,,,,,
10462,"Mon, 16 Aug 2010 09:47:07 +0000",6,0.973120884,30,0.026879116,,,,,,,,
5975,"Mon, 11 Jan 2010 14:24:04 +0000",7,1,,,,,,,,,,
10121,"Sat, 31 Jul 2010 19:18:34 +0000",55,1,,,,,,,,,,
11477,"Sat, 25 Sep 2010 14:36:29 +0000",47,1,,,,,,,,,,
10718,"Mon, 23 Aug 2010 23:48:14 +0000",55,1,,,,,,,,,,
9845,"Sat, 17 Jul 2010 06:36:57 +0000",7,0.22955235,29,0.77044765,,,,,,,,
10637,"Fri, 20 Aug 2010 18:19:11 +0000",14,1,,,,,,,,,,
12735,"Wed, 24 Nov 2010 15:38:13 +0000",7,0.261870084,24,0.738129916,,,,,,,,
11257,"Wed, 15 Sep 2010 14:44:02 +0000",2,0.973824877,42,0.026175123,,,,,,,,
10669,"Sun, 22 Aug 2010 01:53:11 +0000",3,1,,,,,,,,,,
12677,"Sun, 21 Nov 2010 09:26:37 +0000",0,1,,,,,,,,,,
11155,"Fri, 10 Sep 2010 20:20:49 +0000",8,0.715938557,30,0.284061443,,,,,,,,
12960,"Sun, 05 Dec 2010 19:17:16 +0000",3,0.012264181,35,0.987735819,,,,,,,,
18860,"Wed, 27 Jul 2011 14:34:24 +0000",7,0.352449406,30,0.647550594,,,,,,,,
15852,"Wed, 30 Mar 2011 07:47:49 +0000",26,1,,,,,,,,,,
20059,"Thu, 15 Sep 2011 03:10:26 +0000",6,0.778123426,27,0.221876574,,,,,,,,
14040,"Sat, 15 Jan 2011 20:43:14 +0000",26,0.988876719,42,0.011123281,,,,,,,,
13833,"Sat, 08 Jan 2011 07:27:38 +0000",0,1,,,,,,,,,,
20096,"Fri, 16 Sep 2011 17:12:11 +0000",6,0.892356438,28,0.107643562,,,,,,,,
15230,"Fri, 04 Mar 2011 10:12:49 +0000",46,1,,,,,,,,,,
19121,"Mon, 08 Aug 2011 21:45:44 +0000",0,1,,,,,,,,,,
17568,"Sat, 11 Jun 2011 00:54:21 +0000",0,1,,,,,,,,,,
15470,"Sun, 13 Mar 2011 15:16:24 +0000",6,0.171916043,10,0.293502492,28,0.320770861,30,0.213810605,,,,
18193,"Sat, 02 Jul 2011 08:22:50 +0000",4,1,,,,,,,,,,
14294,"Tue, 25 Jan 2011 13:36:15 +0000",0,1,,,,,,,,,,
15559,"Wed, 16 Mar 2011 22:34:25 +0000",29,1,,,,,,,,,,
20162,"Mon, 19 Sep 2011 14:04:54 +0000",60,1,,,,,,,,,,
15356,"Wed, 09 Mar 2011 10:12:35 +0000",6,0.404257566,34,0.595742434,,,,,,,,
15049,"Sat, 26 Feb 2011 09:15:42 +0000",61,1,,,,,,,,,,
19406,"Sat, 20 Aug 2011 12:36:58 +0000",6,1,,,,,,,,,,
20168,"Mon, 19 Sep 2011 16:05:49 +0000",44,1,,,,,,,,,,
15095,"Mon, 28 Feb 2011 07:34:16 +0000",29,0.406592344,43,0.593407656,,,,,,,,
15542,"Wed, 16 Mar 2011 13:02:16 +0000",28,1,,,,,,,,,,
13855,"Sat, 08 Jan 2011 23:37:50 +0000",8,1,,,,,,,,,,
19008,"Wed, 03 Aug 2011 13:36:22 +0000",8,1,,,,,,,,,,
19273,"Mon, 15 Aug 2011 20:02:05 +0000",2,1,,,,,,,,,,
16733,"Wed, 11 May 2011 07:48:59 +0000",9,-2.43E-04,27,1.00024345,,,,,,,,
17820,"Mon, 20 Jun 2011 15:55:08 +0000",0,1,,,,,,,,,,
18688,"Wed, 20 Jul 2011 21:53:38 +0000",6,1,,,,,,,,,,
16470,"Sat, 30 Apr 2011 15:28:46 +0000",5,1,,,,,,,,,,
14673,"Fri, 11 Feb 2011 14:55:28 +0000",20,1,,,,,,,,,,
17651,"Tue, 14 Jun 2011 13:38:18 +0000",9,1,,,,,,,,,,
15923,"Sat, 02 Apr 2011 00:03:25 +0000",28,1,,,,,,,,,,
15170,"Wed, 02 Mar 2011 12:42:02 +0000",16,1,,,,,,,,,,
14712,"Sun, 13 Feb 2011 23:04:14 +0000",62,1,,,,,,,,,,
17087,"Mon, 23 May 2011 21:26:55 +0000",30,0.935321815,39,0.064678185,,,,,,,,
13657,"Tue, 04 Jan 2011 01:39:45 +0000",3,0.337613533,42,0.662386467,,,,,,,,
20052,"Thu, 15 Sep 2011 01:28:52 +0000",63,1,,,,,,,,,,
18462,"Tue, 12 Jul 2011 20:38:24 +0000",64,1,,,,,,,,,,
17800,"Mon, 20 Jun 2011 03:50:39 +0000",0,1,,,,,,,,,,
19673,"Tue, 30 Aug 2011 06:04:00 +0000",6,0.384794489,28,0.615205511,,,,,,,,
18063,"Tue, 28 Jun 2011 15:14:16 +0000",28,0.425804891,34,0.574195109,,,,,,,,
17288,"Tue, 31 May 2011 17:43:16 +0000",29,1.11E-04,60,0.999888828,,,,,,,,
13696,"Wed, 05 Jan 2011 00:46:06 +0000",17,0.445423256,23,0.431661741,27,0.122915003,,,,,,
14542,"Fri, 04 Feb 2011 17:45:19 +0000",26,1,,,,,,,,,,
14427,"Mon, 31 Jan 2011 10:58:45 +0000",17,0.122130683,43,0.877869317,,,,,,,,
13996,"Fri, 14 Jan 2011 05:04:18 +0000",0,1,,,,,,,,,,
14626,"Wed, 09 Feb 2011 12:37:12 +0000",23,0.401132902,29,0.598867098,,,,,,,,
15867,"Wed, 30 Mar 2011 15:40:55 +0000",0,0.407403294,1,0.378078393,3,0.214518313,,,,,,
18356,"Sat, 09 Jul 2011 10:56:02 +0000",10,1,,,,,,,,,,
13635,"Mon, 03 Jan 2011 13:21:38 +0000",10,1,,,,,,,,,,
15341,"Wed, 09 Mar 2011 03:35:00 +0000",3,0.478265389,43,0.521734611,,,,,,,,
16640,"Fri, 06 May 2011 20:23:47 +0000",9,1,,,,,,,,,,
16803,"Fri, 13 May 2011 09:29:15 +0000",8,1,,,,,,,,,,
15431,"Fri, 11 Mar 2011 14:19:43 +0000",28,1,,,,,,,,,,
14630,"Wed, 09 Feb 2011 15:19:40 +0000",26,0.525760593,42,0.474239407,,,,,,,,
14806,"Thu, 17 Feb 2011 15:44:56 +0000",10,1,,,,,,,,,,
18600,"Sun, 17 Jul 2011 09:36:13 +0000",8,1,,,,,,,,,,
16266,"Wed, 20 Apr 2011 20:38:41 +0000",46,1,,,,,,,,,,
19312,"Wed, 17 Aug 2011 02:50:58 +0000",39,1,,,,,,,,,,
17304,"Wed, 01 Jun 2011 13:21:37 +0000",11,0.844350431,21,0.155649569,,,,,,,,
18237,"Tue, 05 Jul 2011 06:21:43 +0000",0,1,,,,,,,,,,
18134,"Thu, 30 Jun 2011 14:26:28 +0000",10,1,,,,,,,,,,
19969,"Sun, 11 Sep 2011 21:47:22 +0000",7,1.20E-04,30,8.99E-05,34,3.27E-04,52,0.999464007,,,,
19139,"Tue, 09 Aug 2011 18:40:47 +0000",11,1,,,,,,,,,,
19004,"Wed, 03 Aug 2011 11:46:56 +0000",3,0.403493113,22,0.384917142,39,0.211589745,,,,,,
15590,"Fri, 18 Mar 2011 04:13:20 +0000",9,0.023194339,18,0.976805661,,,,,,,,
15484,"Mon, 14 Mar 2011 09:49:58 +0000",26,0.450438217,43,0.549561783,,,,,,,,
18753,"Sat, 23 Jul 2011 09:15:46 +0000",12,1,,,,,,,,,,
17356,"Thu, 02 Jun 2011 23:51:51 +0000",7,0.437115979,65,0.562884021,,,,,,,,
15044,"Sat, 26 Feb 2011 05:15:54 +0000",26,0.982953923,42,0.017046077,,,,,,,,
13769,"Thu, 06 Jan 2011 13:15:05 +0000",14,6.57E-04,27,0.999343072,,,,,,,,
18622,"Mon, 18 Jul 2011 12:18:51 +0000",10,1,,,,,,,,,,
19061,"Fri, 05 Aug 2011 15:48:53 +0000",10,0.710825575,58,0.289174425,,,,,,,,
19971,"Mon, 12 Sep 2011 01:13:38 +0000",0,1,,,,,,,,,,
16885,"Mon, 16 May 2011 12:52:53 +0000",6,0.382328144,34,0.617671856,,,,,,,,
17317,"Wed, 01 Jun 2011 21:07:37 +0000",14,0.359989017,28,0.640010983,,,,,,,,
16086,"Mon, 11 Apr 2011 16:46:02 +0000",6,0.264929575,66,0.735070425,,,,,,,,
15977,"Tue, 05 Apr 2011 17:43:33 +0000",7,-0.009322008,30,1.009322008,,,,,,,,
20056,"Thu, 15 Sep 2011 01:49:34 +0000",47,1,,,,,,,,,,
15476,"Sun, 13 Mar 2011 22:30:21 +0000",18,0.41964509,47,0.58035491,,,,,,,,
18733,"Fri, 22 Jul 2011 12:04:47 +0000",26,1,,,,,,,,,,
17080,"Mon, 23 May 2011 16:52:38 +0000",1,0.659160806,14,0.340839194,,,,,,,,
13687,"Tue, 04 Jan 2011 22:52:18 +0000",0,1,,,,,,,,,,
14093,"Mon, 17 Jan 2011 21:25:01 +0000",17,1,,,,,,,,,,
13701,"Wed, 05 Jan 2011 05:03:56 +0000",9,0.315963217,43,0.684036783,,,,,,,,
13834,"Sat, 08 Jan 2011 08:03:56 +0000",26,1,,,,,,,,,,
15743,"Sat, 26 Mar 2011 10:20:41 +0000",27,0.583496508,28,0.416503492,,,,,,,,
15557,"Wed, 16 Mar 2011 22:08:39 +0000",14,0.279168714,47,0.720831286,,,,,,,,
18711,"Thu, 21 Jul 2011 22:24:50 +0000",26,1,,,,,,,,,,
16709,"Tue, 10 May 2011 14:13:13 +0000",6,-2.160769573,27,3.160769573,,,,,,,,
19946,"Sat, 10 Sep 2011 06:44:09 +0000",10,1.31E-04,43,0.999868673,,,,,,,,
17590,"Sun, 12 Jun 2011 14:21:59 +0000",3,0.998363313,42,0.001636687,,,,,,,,
15652,"Mon, 21 Mar 2011 19:57:15 +0000",0,1,,,,,,,,,,
18671,"Wed, 20 Jul 2011 09:24:55 +0000",5,0.924711547,28,0.075288453,,,,,,,,
19914,"Thu, 08 Sep 2011 19:22:58 +0000",6,1,,,,,,,,,,
14169,"Thu, 20 Jan 2011 06:20:02 +0000",1,0.189185323,9,0.676914901,27,0.133899776,,,,,,
18971,"Tue, 02 Aug 2011 10:45:52 +0000",9,0.41385488,29,0.24093402,30,0.345211099,,,,,,
14688,"Sat, 12 Feb 2011 02:41:16 +0000",9,0.01870348,18,0.981110831,29,1.86E-04,,,,,,
17971,"Sat, 25 Jun 2011 08:43:42 +0000",1,1,,,,,,,,,,
19135,"Tue, 09 Aug 2011 12:05:20 +0000",14,1,,,,,,,,,,
19280,"Tue, 16 Aug 2011 06:01:25 +0000",6,0.880962339,46,0.119037661,,,,,,,,
16195,"Sun, 17 Apr 2011 17:38:09 +0000",8,1,,,,,,,,,,
16576,"Wed, 04 May 2011 08:07:46 +0000",28,1,,,,,,,,,,
18305,"Thu, 07 Jul 2011 12:29:32 +0000",0,1,,,,,,,,,,
15617,"Sat, 19 Mar 2011 11:13:04 +0000",9,0.00266277,43,0.99733723,,,,,,,,
17044,"Sat, 21 May 2011 19:05:54 +0000",3,-2.54E-04,42,1.000253723,,,,,,,,
17562,"Fri, 10 Jun 2011 15:33:57 +0000",6,1,,,,,,,,,,
14584,"Mon, 07 Feb 2011 08:39:46 +0000",2,1,,,,,,,,,,
17013,"Fri, 20 May 2011 12:16:15 +0000",17,1,,,,,,,,,,
14711,"Sun, 13 Feb 2011 23:04:06 +0000",10,0.03202585,62,0.96797415,,,,,,,,
17649,"Tue, 14 Jun 2011 13:15:18 +0000",9,1,,,,,,,,,,
15701,"Thu, 24 Mar 2011 14:30:29 +0000",9,0.393658893,18,0.340869837,29,0.265471271,,,,,,
13805,"Fri, 07 Jan 2011 14:16:51 +0000",0,0.914803105,9,2.24E-04,34,0.084972672,,,,,,
15769,"Sun, 27 Mar 2011 17:20:11 +0000",30,1,,,,,,,,,,
17846,"Tue, 21 Jun 2011 12:55:11 +0000",0,1,,,,,,,,,,
15338,"Wed, 09 Mar 2011 00:29:58 +0000",9,0.247337355,10,0.200291215,17,0.455042966,34,0.097328464,,,,
13864,"Sun, 09 Jan 2011 16:38:46 +0000",14,1,,,,,,,,,,
15840,"Tue, 29 Mar 2011 18:31:12 +0000",27,0.941283762,28,0.058716238,,,,,,,,
15191,"Thu, 03 Mar 2011 06:24:20 +0000",9,0.257296995,43,0.742703005,,,,,,,,
15241,"Fri, 04 Mar 2011 16:49:27 +0000",0,1,,,,,,,,,,
13705,"Wed, 05 Jan 2011 08:09:21 +0000",6,0.503456893,20,0.423885239,34,0.072657868,,,,,,
14927,"Tue, 22 Feb 2011 20:09:43 +0000",3,0.07250857,9,0.92749143,,,,,,,,
15609,"Fri, 18 Mar 2011 18:48:04 +0000",3,1,,,,,,,,,,
13636,"Mon, 03 Jan 2011 13:35:23 +0000",67,1,,,,,,,,,,
15054,"Sat, 26 Feb 2011 10:53:55 +0000",9,0.484206534,29,0.515793466,,,,,,,,
17504,"Wed, 08 Jun 2011 20:21:24 +0000",0,1,,,,,,,,,,
17146,"Wed, 25 May 2011 19:19:22 +0000",0,0.734853066,34,0.265146934,,,,,,,,
15558,"Wed, 16 Mar 2011 22:10:35 +0000",14,1,,,,,,,,,,
16200,"Mon, 18 Apr 2011 02:35:49 +0000",0,1,,,,,,,,,,
18139,"Thu, 30 Jun 2011 16:10:55 +0000",28,1,,,,,,,,,,
14852,"Sat, 19 Feb 2011 01:50:44 +0000",28,1,,,,,,,,,,
16332,"Sun, 24 Apr 2011 04:38:26 +0000",3,0.812133454,22,0.187866546,,,,,,,,
15915,"Fri, 01 Apr 2011 16:43:15 +0000",46,1,,,,,,,,,,
17919,"Thu, 23 Jun 2011 16:59:40 +0000",14,0.046330692,52,0.953669308,,,,,,,,
18110,"Wed, 29 Jun 2011 19:23:36 +0000",29,1,,,,,,,,,,
16054,"Fri, 08 Apr 2011 23:55:15 +0000",14,1,,,,,,,,,,
15171,"Wed, 02 Mar 2011 14:45:31 +0000",0,0.478292303,43,0.521707697,,,,,,,,
19758,"Thu, 01 Sep 2011 19:49:46 +0000",12,0.989771001,34,0.010228999,,,,,,,,
14667,"Fri, 11 Feb 2011 09:22:35 +0000",26,1,,,,,,,,,,
19489,"Tue, 23 Aug 2011 23:15:58 +0000",28,0.334111838,46,0.108360314,48,0.557527848,,,,,,
14295,"Tue, 25 Jan 2011 14:36:14 +0000",10,0.320070444,23,0.679929556,,,,,,,,
18910,"Fri, 29 Jul 2011 11:05:46 +0000",52,1,,,,,,,,,,
14477,"Wed, 02 Feb 2011 14:14:20 +0000",0,1,,,,,,,,,,
16478,"Sat, 30 Apr 2011 22:54:01 +0000",12,1,,,,,,,,,,
19600,"Fri, 26 Aug 2011 14:58:08 +0000",12,1,,,,,,,,,,
16166,"Fri, 15 Apr 2011 05:42:23 +0000",0,1,,,,,,,,,,
15553,"Wed, 16 Mar 2011 16:52:01 +0000",9,0.38242341,27,0.493770256,29,0.123806335,,,,,,
19483,"Tue, 23 Aug 2011 20:21:18 +0000",0,1,,,,,,,,,,
17621,"Mon, 13 Jun 2011 16:46:02 +0000",10,1,,,,,,,,,,
13612,"Sun, 02 Jan 2011 13:18:20 +0000",28,0.057773683,34,0.942226317,,,,,,,,
19148,"Wed, 10 Aug 2011 05:57:05 +0000",46,1,,,,,,,,,,
16690,"Mon, 09 May 2011 14:49:27 +0000",3,0.708895745,9,0.291104255,,,,,,,,
17865,"Tue, 21 Jun 2011 23:16:29 +0000",14,1,,,,,,,,,,
18073,"Tue, 28 Jun 2011 19:56:52 +0000",26,1,,,,,,,,,,
16991,"Thu, 19 May 2011 17:48:26 +0000",6,1,,,,,,,,,,
20014,"Tue, 13 Sep 2011 16:35:26 +0000",16,0.487562621,30,0.239758765,34,0.107586974,42,0.16509164,,,,
19062,"Fri, 05 Aug 2011 17:59:45 +0000",1,0.310928795,68,0.689071205,,,,,,,,
18284,"Thu, 07 Jul 2011 04:49:10 +0000",30,1,,,,,,,,,,
17174,"Thu, 26 May 2011 16:24:20 +0000",9,1,,,,,,,,,,
16628,"Fri, 06 May 2011 10:53:01 +0000",6,1,,,,,,,,,,
15971,"Tue, 05 Apr 2011 08:33:48 +0000",7,0.609478884,29,0.390521116,,,,,,,,
20229,"Wed, 21 Sep 2011 16:24:09 +0000",2,0.968747746,18,0.031252254,,,,,,,,
15450,"Sat, 12 Mar 2011 01:58:12 +0000",0,0.568411136,55,0.431588864,,,,,,,,
15237,"Fri, 04 Mar 2011 14:21:29 +0000",9,0.21373648,46,0.78626352,,,,,,,,
14228,"Sun, 23 Jan 2011 00:18:20 +0000",9,0.792927146,29,0.207072854,,,,,,,,
18162,"Fri, 01 Jul 2011 06:15:06 +0000",2,1,,,,,,,,,,
19250,"Sun, 14 Aug 2011 20:37:46 +0000",6,0.506363174,56,0.493636826,,,,,,,,
18142,"Thu, 30 Jun 2011 18:29:59 +0000",26,0.105553309,34,0.238857855,42,0.655588835,,,,,,
19987,"Mon, 12 Sep 2011 16:40:08 +0000",26,0.681173905,50,0.318826095,,,,,,,,
16730,"Wed, 11 May 2011 06:28:17 +0000",30,1,,,,,,,,,,
14231,"Sun, 23 Jan 2011 11:10:43 +0000",29,1,,,,,,,,,,
18207,"Sun, 03 Jul 2011 15:09:45 +0000",12,0.626162404,35,0.373837596,,,,,,,,
13632,"Mon, 03 Jan 2011 08:11:42 +0000",0,0.743967927,9,0.256032073,,,,,,,,
17709,"Thu, 16 Jun 2011 10:27:33 +0000",9,0.973643411,29,0.026356589,,,,,,,,
18170,"Fri, 01 Jul 2011 10:47:04 +0000",6,1,,,,,,,,,,
19028,"Thu, 04 Aug 2011 07:16:37 +0000",0,0.18418919,17,0.029733685,23,0.756951955,29,0.029125169,,,,
18248,"Tue, 05 Jul 2011 12:06:36 +0000",0,0.623897561,43,0.376102439,,,,,,,,
16842,"Sat, 14 May 2011 22:00:47 +0000",43,1,,,,,,,,,,
18085,"Wed, 29 Jun 2011 06:21:01 +0000",9,1,,,,,,,,,,
17160,"Thu, 26 May 2011 09:29:03 +0000",43,1,,,,,,,,,,
17993,"Sun, 26 Jun 2011 15:31:04 +0000",26,0.883517757,42,0.116482243,,,,,,,,
18047,"Tue, 28 Jun 2011 09:35:20 +0000",65,1,,,,,,,,,,
18148,"Thu, 30 Jun 2011 23:07:51 +0000",0,1,,,,,,,,,,
20201,"Tue, 20 Sep 2011 19:18:14 +0000",16,0.66369815,34,0.33630185,,,,,,,,
16046,"Fri, 08 Apr 2011 13:58:34 +0000",28,1,,,,,,,,,,
18635,"Mon, 18 Jul 2011 18:58:31 +0000",30,1,,,,,,,,,,
16468,"Sat, 30 Apr 2011 09:32:44 +0000",43,1,,,,,,,,,,
15671,"Tue, 22 Mar 2011 19:48:28 +0000",1,0.070444047,3,0.929555953,,,,,,,,
15474,"Sun, 13 Mar 2011 21:02:03 +0000",0,1,,,,,,,,,,
15581,"Fri, 18 Mar 2011 00:40:40 +0000",2,0.227002592,18,0.772997408,,,,,,,,
19388,"Fri, 19 Aug 2011 14:03:20 +0000",2,0.852320643,29,0.147679357,,,,,,,,
17177,"Thu, 26 May 2011 18:24:44 +0000",16,1,,,,,,,,,,
15466,"Sun, 13 Mar 2011 06:12:22 +0000",7,1,,,,,,,,,,
16755,"Wed, 11 May 2011 22:29:47 +0000",43,0.953931085,46,0.046068915,,,,,,,,
14276,"Mon, 24 Jan 2011 22:52:01 +0000",2,1,,,,,,,,,,
15556,"Wed, 16 Mar 2011 21:27:28 +0000",10,0.512766753,23,0.487233247,,,,,,,,
13659,"Tue, 04 Jan 2011 03:56:28 +0000",4,1,,,,,,,,,,
17653,"Tue, 14 Jun 2011 14:26:03 +0000",5,1,,,,,,,,,,
14926,"Tue, 22 Feb 2011 19:36:24 +0000",28,1,,,,,,,,,,
13708,"Wed, 05 Jan 2011 09:39:20 +0000",0,0.683308097,18,0.316691903,,,,,,,,
16973,"Thu, 19 May 2011 03:08:50 +0000",14,1,,,,,,,,,,
19874,"Wed, 07 Sep 2011 15:30:43 +0000",26,1,,,,,,,,,,
15567,"Thu, 17 Mar 2011 03:53:02 +0000",5,1,,,,,,,,,,
17415,"Sun, 05 Jun 2011 22:24:48 +0000",2,1,,,,,,,,,,
14200,"Fri, 21 Jan 2011 15:57:27 +0000",26,1,,,,,,,,,,
14624,"Wed, 09 Feb 2011 11:31:46 +0000",10,1,,,,,,,,,,
14414,"Sun, 30 Jan 2011 20:27:34 +0000",43,1,,,,,,,,,,
15485,"Mon, 14 Mar 2011 11:34:08 +0000",0,1,,,,,,,,,,
16247,"Wed, 20 Apr 2011 06:32:43 +0000",36,0.575858319,39,0.424141681,,,,,,,,
19409,"Sat, 20 Aug 2011 14:02:31 +0000",11,1,,,,,,,,,,
15986,"Wed, 06 Apr 2011 09:31:14 +0000",32,1,,,,,,,,,,
18404,"Mon, 11 Jul 2011 11:57:55 +0000",26,1,,,,,,,,,,
19161,"Wed, 10 Aug 2011 16:30:21 +0000",2,0.133880602,26,0.866119398,,,,,,,,
13792,"Fri, 07 Jan 2011 02:32:59 +0000",9,1,,,,,,,,,,
19047,"Fri, 05 Aug 2011 05:14:05 +0000",12,0.378454048,35,0.621545952,,,,,,,,
16128,"Wed, 13 Apr 2011 15:15:37 +0000",0,1,,,,,,,,,,
15125,"Tue, 01 Mar 2011 09:47:07 +0000",9,0.001237796,10,0.998762204,,,,,,,,
14588,"Mon, 07 Feb 2011 13:35:25 +0000",0,1,,,,,,,,,,
16525,"Mon, 02 May 2011 19:07:24 +0000",5,1,,,,,,,,,,
14907,"Mon, 21 Feb 2011 21:15:14 +0000",6,0.266300407,56,0.733699593,,,,,,,,
14687,"Sat, 12 Feb 2011 02:12:50 +0000",14,1,,,,,,,,,,
19404,"Sat, 20 Aug 2011 11:29:42 +0000",10,0.023428034,17,0.976571966,,,,,,,,
17232,"Mon, 30 May 2011 01:41:02 +0000",14,1,,,,,,,,,,
15263,"Sat, 05 Mar 2011 01:51:40 +0000",14,1,,,,,,,,,,
14919,"Tue, 22 Feb 2011 12:45:06 +0000",43,1,,,,,,,,,,
16861,"Sun, 15 May 2011 22:46:19 +0000",8,1,,,,,,,,,,
13611,"Sun, 02 Jan 2011 13:11:53 +0000",7,5.43E-04,34,0.999457313,,,,,,,,
15562,"Wed, 16 Mar 2011 23:57:23 +0000",6,0.993838659,27,0.006161341,,,,,,,,
14741,"Tue, 15 Feb 2011 04:59:41 +0000",26,1,,,,,,,,,,
16979,"Thu, 19 May 2011 07:38:30 +0000",13,1,,,,,,,,,,
19603,"Fri, 26 Aug 2011 16:45:05 +0000",2,0.50608532,18,0.49391468,,,,,,,,
18066,"Tue, 28 Jun 2011 15:42:44 +0000",10,1,,,,,,,,,,
16567,"Tue, 03 May 2011 19:57:16 +0000",12,1,,,,,,,,,,
17082,"Mon, 23 May 2011 18:23:09 +0000",39,1,,,,,,,,,,
18888,"Thu, 28 Jul 2011 15:22:49 +0000",9,0.349438704,49,0.650561296,,,,,,,,
17722,"Thu, 16 Jun 2011 19:15:08 +0000",0,0.857645399,24,0.142354601,,,,,,,,
19364,"Thu, 18 Aug 2011 17:48:00 +0000",9,0.756020573,30,0.092780318,34,0.151199109,,,,,,
18044,"Tue, 28 Jun 2011 08:13:02 +0000",43,1,,,,,,,,,,
17592,"Sun, 12 Jun 2011 18:04:04 +0000",2,1,,,,,,,,,,
18208,"Sun, 03 Jul 2011 15:11:15 +0000",12,1,,,,,,,,,,
17801,"Mon, 20 Jun 2011 03:59:55 +0000",3,1,,,,,,,,,,
17291,"Tue, 31 May 2011 19:51:50 +0000",0,0.023440274,43,0.976559726,,,,,,,,
15072,"Sun, 27 Feb 2011 08:10:04 +0000",19,1,,,,,,,,,,
14456,"Tue, 01 Feb 2011 15:15:34 +0000",0,0.806721309,9,0.193278691,,,,,,,,
18716,"Fri, 22 Jul 2011 04:29:48 +0000",17,0.497779627,23,0.502220373,,,,,,,,
19087,"Sun, 07 Aug 2011 04:35:19 +0000",15,1,,,,,,,,,,
17322,"Thu, 02 Jun 2011 01:31:05 +0000",24,0.710350684,45,0.289649316,,,,,,,,
19773,"Fri, 02 Sep 2011 12:31:17 +0000",28,1,,,,,,,,,,
17383,"Sat, 04 Jun 2011 03:48:35 +0000",35,1,,,,,,,,,,
18113,"Wed, 29 Jun 2011 21:44:34 +0000",17,0.92154268,25,0.07845732,,,,,,,,
19636,"Sun, 28 Aug 2011 12:52:52 +0000",2,1,,,,,,,,,,
19403,"Sat, 20 Aug 2011 10:18:05 +0000",35,0.65645411,52,0.34354589,,,,,,,,
13837,"Sat, 08 Jan 2011 08:15:54 +0000",30,1,,,,,,,,,,
14628,"Wed, 09 Feb 2011 13:44:58 +0000",2,0.943224909,42,0.056775091,,,,,,,,
19073,"Sat, 06 Aug 2011 03:48:51 +0000",0,0.118015193,9,0.838527788,29,0.043457019,,,,,,
15165,"Wed, 02 Mar 2011 11:51:36 +0000",8,0.582585014,30,0.417414986,,,,,,,,
19185,"Thu, 11 Aug 2011 12:46:08 +0000",14,1,,,,,,,,,,
18214,"Sun, 03 Jul 2011 22:48:31 +0000",16,0.999888786,30,1.11E-04,,,,,,,,
15555,"Wed, 16 Mar 2011 20:02:21 +0000",6,1,,,,,,,,,,
19661,"Mon, 29 Aug 2011 20:22:45 +0000",6,0.704240049,8,0.295759951,,,,,,,,
15876,"Wed, 30 Mar 2011 23:51:13 +0000",0,0.56807482,9,0.43192518,,,,,,,,
19083,"Sat, 06 Aug 2011 22:12:53 +0000",9,5.83E-05,52,0.999941722,,,,,,,,
14603,"Tue, 08 Feb 2011 08:50:25 +0000",0,0.513485899,25,0.486514101,,,,,,,,
18687,"Wed, 20 Jul 2011 21:04:07 +0000",0,0.738971749,23,0.261028251,,,,,,,,
15628,"Sun, 20 Mar 2011 12:05:42 +0000",26,1,,,,,,,,,,
16325,"Sat, 23 Apr 2011 14:52:02 +0000",9,3.51E-04,30,0.99964865,,,,,,,,
14473,"Wed, 02 Feb 2011 11:09:58 +0000",4,0.058384711,10,0.389605889,15,0.5520094,,,,,,
19175,"Thu, 11 Aug 2011 05:47:46 +0000",0,1,,,,,,,,,,
17481,"Wed, 08 Jun 2011 09:48:09 +0000",8,1,,,,,,,,,,
20030,"Wed, 14 Sep 2011 08:13:39 +0000",43,1.35E-05,63,0.999986461,,,,,,,,
16858,"Sun, 15 May 2011 17:29:35 +0000",8,0.875199355,30,0.007107783,64,0.117692862,,,,,,
20132,"Sun, 18 Sep 2011 17:42:32 +0000",1,1,,,,,,,,,,
19036,"Thu, 04 Aug 2011 15:21:34 +0000",27,0.616441179,29,0.383558821,,,,,,,,
18824,"Tue, 26 Jul 2011 14:32:24 +0000",30,-9.92E-05,64,1.000099177,,,,,,,,
16147,"Thu, 14 Apr 2011 11:30:29 +0000",6,0.574429123,56,0.425570877,,,,,,,,
17195,"Fri, 27 May 2011 08:05:05 +0000",6,0.59022426,27,0.40977574,,,,,,,,
17267,"Tue, 31 May 2011 09:03:27 +0000",0,0.455823455,29,0.544176545,,,,,,,,
19740,"Thu, 01 Sep 2011 07:36:51 +0000",14,1,,,,,,,,,,
15804,"Mon, 28 Mar 2011 21:29:56 +0000",9,0.142197476,29,0.436181292,34,0.421621233,,,,,,
19106,"Mon, 08 Aug 2011 12:28:24 +0000",1,0.096600998,14,0.278331535,22,0.625067467,,,,,,
15096,"Mon, 28 Feb 2011 07:42:37 +0000",26,0.349137087,42,0.650862913,,,,,,,,
18410,"Mon, 11 Jul 2011 13:52:06 +0000",2,0.071972023,9,0.928027977,,,,,,,,
18189,"Sat, 02 Jul 2011 01:31:49 +0000",67,1,,,,,,,,,,
18732,"Fri, 22 Jul 2011 09:46:20 +0000",9,0.324325894,49,0.675674106,,,,,,,,
19875,"Wed, 07 Sep 2011 15:31:23 +0000",26,1,,,,,,,,,,
14226,"Sat, 22 Jan 2011 23:59:55 +0000",0,0.088803174,18,0.911196826,,,,,,,,
14780,"Wed, 16 Feb 2011 12:42:48 +0000",9,0.573151777,27,0.426848223,,,,,,,,
19963,"Sun, 11 Sep 2011 05:56:46 +0000",9,0.294166562,49,0.705833438,,,,,,,,
14005,"Fri, 14 Jan 2011 12:42:07 +0000",26,1,,,,,,,,,,
19500,"Wed, 24 Aug 2011 06:05:48 +0000",0,0.324090995,3,0.675667189,34,2.42E-04,,,,,,
14091,"Mon, 17 Jan 2011 20:46:03 +0000",17,0.872555554,23,0.127444446,,,,,,,,
15220,"Fri, 04 Mar 2011 06:26:32 +0000",10,0.532349623,37,0.467650377,,,,,,,,
17638,"Tue, 14 Jun 2011 05:47:19 +0000",26,0.585029627,42,0.414970373,,,,,,,,
16402,"Wed, 27 Apr 2011 19:52:15 +0000",0,1,,,,,,,,,,
19970,"Sun, 11 Sep 2011 21:48:16 +0000",7,1.20E-04,9,1.82E-04,30,8.98E-05,34,3.26E-04,52,0.999282108,,
14391,"Sat, 29 Jan 2011 04:38:40 +0000",6,1,,,,,,,,,,
14319,"Wed, 26 Jan 2011 04:48:37 +0000",26,1,,,,,,,,,,
19682,"Tue, 30 Aug 2011 11:24:05 +0000",29,1,,,,,,,,,,
20174,"Mon, 19 Sep 2011 17:47:49 +0000",3,1,,,,,,,,,,
15926,"Sat, 02 Apr 2011 05:56:22 +0000",3,1,,,,,,,,,,
17108,"Tue, 24 May 2011 13:25:36 +0000",2,1,,,,,,,,,,
20121,"Sun, 18 Sep 2011 10:32:30 +0000",10,1,,,,,,,,,,
17058,"Sun, 22 May 2011 15:21:04 +0000",7,0.49356188,47,0.50643812,,,,,,,,
20045,"Wed, 14 Sep 2011 19:22:11 +0000",14,0.239921083,27,0.760078917,,,,,,,,
17347,"Thu, 02 Jun 2011 18:46:38 +0000",27,4.86E-04,29,0.425399038,39,0.574115071,,,,,,
15467,"Sun, 13 Mar 2011 09:05:51 +0000",8,0.325748791,30,0.674251209,,,,,,,,
15282,"Sun, 06 Mar 2011 09:13:54 +0000",6,0.998491533,27,5.86E-04,28,9.22E-04,,,,,,
15955,"Mon, 04 Apr 2011 05:10:30 +0000",26,0.756997072,42,0.243002928,,,,,,,,
15066,"Sun, 27 Feb 2011 00:13:26 +0000",2,0.31814833,42,0.68185167,,,,,,,,
15020,"Fri, 25 Feb 2011 11:33:59 +0000",6,1,,,,,,,,,,
16847,"Sun, 15 May 2011 05:29:16 +0000",9,0.321179848,17,0.113183795,23,0.554045172,30,0.011591186,,,,
17176,"Thu, 26 May 2011 18:06:33 +0000",6,0.081286949,9,0.236783225,28,0.095472485,30,4.68E-04,69,0.585989527,,
20167,"Mon, 19 Sep 2011 15:36:43 +0000",7,0.416197229,30,0.07803904,32,0.40760945,52,0.098154281,,,,
15378,"Thu, 10 Mar 2011 03:16:02 +0000",0,0.998166297,1,0.001833703,,,,,,,,
16779,"Thu, 12 May 2011 15:08:05 +0000",6,0.185359136,56,0.278928454,66,0.53571241,,,,,,
13610,"Sun, 02 Jan 2011 13:11:34 +0000",34,1,,,,,,,,,,
14145,"Wed, 19 Jan 2011 07:09:20 +0000",29,1,,,,,,,,,,
17302,"Wed, 01 Jun 2011 09:25:34 +0000",34,1,,,,,,,,,,
16651,"Sat, 07 May 2011 18:30:37 +0000",28,1,,,,,,,,,,
15105,"Mon, 28 Feb 2011 14:08:20 +0000",6,0.5883108,28,0.411572571,70,1.17E-04,,,,,,
18542,"Fri, 15 Jul 2011 02:52:18 +0000",17,0.480774726,23,0.519225274,,,,,,,,
13940,"Wed, 12 Jan 2011 09:05:43 +0000",10,0.028832997,17,0.971167003,,,,,,,,
19365,"Thu, 18 Aug 2011 18:31:51 +0000",2,1,,,,,,,,,,
16142,"Thu, 14 Apr 2011 06:49:01 +0000",13,1,,,,,,,,,,
18955,"Mon, 01 Aug 2011 17:10:20 +0000",0,1,,,,,,,,,,
18795,"Mon, 25 Jul 2011 17:15:18 +0000",10,0.183581786,19,0.816418214,,,,,,,,
19072,"Sat, 06 Aug 2011 03:41:22 +0000",39,1,,,,,,,,,,
13644,"Mon, 03 Jan 2011 16:48:22 +0000",0,0.511533154,9,0.32980676,29,0.158660086,,,,,,
16418,"Thu, 28 Apr 2011 09:15:28 +0000",0,1,,,,,,,,,,
17789,"Sun, 19 Jun 2011 17:09:25 +0000",0,0.11265734,17,0.887320271,23,2.24E-05,,,,,,
15946,"Sun, 03 Apr 2011 07:25:07 +0000",2,0.643272289,6,0.356727711,,,,,,,,
13582,"Sat, 01 Jan 2011 06:24:40 +0000",6,0.704000485,8,0.295999515,,,,,,,,
19761,"Fri, 02 Sep 2011 01:24:30 +0000",42,1,,,,,,,,,,
15760,"Sun, 27 Mar 2011 05:30:16 +0000",3,1,,,,,,,,,,
16807,"Fri, 13 May 2011 14:14:26 +0000",17,1,,,,,,,,,,
18786,"Mon, 25 Jul 2011 13:11:14 +0000",9,0.26370164,29,0.73629836,,,,,,,,
13649,"Mon, 03 Jan 2011 18:41:30 +0000",62,1,,,,,,,,,,
20013,"Tue, 13 Sep 2011 16:33:10 +0000",16,1.000086675,18,-5.96E-05,30,-3.09E-05,34,3.80E-06,,,,
19108,"Mon, 08 Aug 2011 14:03:47 +0000",0,0.669905882,25,0.330094118,,,,,,,,
17569,"Sat, 11 Jun 2011 04:27:25 +0000",2,0.009292548,6,0.151373897,7,0.143705763,9,0.194644383,25,0.259376781,42,0.241606628
16405,"Wed, 27 Apr 2011 21:50:02 +0000",6,1,,,,,,,,,,
16333,"Sun, 24 Apr 2011 05:39:21 +0000",10,-1.06E-06,43,-2.94E-05,58,1.000030511,,,,,,
17574,"Sat, 11 Jun 2011 09:24:52 +0000",67,1,,,,,,,,,,
19003,"Wed, 03 Aug 2011 11:43:23 +0000",1,0.557124846,9,0.167922705,36,0.274952449,,,,,,
15416,"Fri, 11 Mar 2011 04:07:29 +0000",27,1,,,,,,,,,,
15437,"Fri, 11 Mar 2011 17:35:48 +0000",10,1,,,,,,,,,,
19129,"Tue, 09 Aug 2011 05:54:30 +0000",0,0.652764222,3,0.006733362,18,0.340502417,,,,,,
20036,"Wed, 14 Sep 2011 10:58:25 +0000",9,0.628791373,23,0.115458078,29,0.25575055,,,,,,
17316,"Wed, 01 Jun 2011 20:28:29 +0000",3,1,,,,,,,,,,
15653,"Mon, 21 Mar 2011 20:09:47 +0000",4,0.957374798,10,0.042625202,,,,,,,,
15756,"Sun, 27 Mar 2011 01:46:10 +0000",26,1,,,,,,,,,,
20099,"Fri, 16 Sep 2011 22:05:28 +0000",46,1,,,,,,,,,,
17070,"Mon, 23 May 2011 07:12:50 +0000",3,0.80873231,25,0.19126769,,,,,,,,
15483,"Mon, 14 Mar 2011 09:19:36 +0000",2,0.317405725,18,0.682594275,,,,,,,,
14222,"Sat, 22 Jan 2011 18:36:47 +0000",3,0.147558301,42,0.852441699,,,,,,,,
14577,"Sun, 06 Feb 2011 18:16:55 +0000",0,0.686017876,7,0.313982124,,,,,,,,
13720,"Wed, 05 Jan 2011 15:00:01 +0000",0,0.999421226,7,5.79E-04,,,,,,,,
17941,"Fri, 24 Jun 2011 10:04:44 +0000",6,0.995644363,27,0.004355637,,,,,,,,
16648,"Sat, 07 May 2011 15:38:46 +0000",26,1,,,,,,,,,,
15136,"Tue, 01 Mar 2011 19:42:30 +0000",7,1,,,,,,,,,,
15978,"Tue, 05 Apr 2011 19:46:33 +0000",3,0.780005713,42,0.219994287,,,,,,,,
19182,"Thu, 11 Aug 2011 08:51:19 +0000",0,0.99912572,7,8.74E-04,,,,,,,,
14854,"Sat, 19 Feb 2011 11:54:39 +0000",37,1,,,,,,,,,,
18146,"Thu, 30 Jun 2011 21:01:53 +0000",3,0.357878332,25,0.642121668,,,,,,,,
16618,"Thu, 05 May 2011 23:57:06 +0000",7,0.30932687,14,8.84E-04,35,0.689788992,,,,,,
18177,"Fri, 01 Jul 2011 14:45:11 +0000",44,1,,,,,,,,,,
17311,"Wed, 01 Jun 2011 17:19:32 +0000",5,1,,,,,,,,,,
19311,"Wed, 17 Aug 2011 01:51:39 +0000",7,0.063600497,9,0.936399503,,,,,,,,
13616,"Sun, 02 Jan 2011 20:19:17 +0000",50,1,,,,,,,,,,
17382,"Sat, 04 Jun 2011 03:37:09 +0000",1,0.133596303,7,6.60E-05,29,0.866337655,,,,,,
16741,"Wed, 11 May 2011 11:50:10 +0000",71,1,,,,,,,,,,
19797,"Sat, 03 Sep 2011 19:31:05 +0000",7,0.052089037,14,0.947910963,,,,,,,,
17424,"Mon, 06 Jun 2011 13:36:44 +0000",14,0.001492593,27,0.998507407,,,,,,,,
15858,"Wed, 30 Mar 2011 13:17:09 +0000",7,-2.98E-05,30,1.000029783,,,,,,,,
14116,"Tue, 18 Jan 2011 15:47:36 +0000",13,1,,,,,,,,,,
16774,"Thu, 12 May 2011 13:55:21 +0000",7,0.190081096,46,0.809918904,,,,,,,,
18561,"Fri, 15 Jul 2011 22:08:07 +0000",28,1,,,,,,,,,,
19912,"Thu, 08 Sep 2011 18:01:33 +0000",7,3.70E-04,30,-1.19E-04,34,0.999748205,,,,,,
17847,"Tue, 21 Jun 2011 12:58:10 +0000",0,0.999356362,9,6.44E-04,,,,,,,,
14070,"Mon, 17 Jan 2011 08:22:17 +0000",36,1,,,,,,,,,,
18750,"Sat, 23 Jul 2011 04:22:19 +0000",7,0.283006487,34,0.716993513,,,,,,,,
16882,"Mon, 16 May 2011 11:39:04 +0000",7,6.27E-05,27,0.99993733,,,,,,,,
16903,"Tue, 17 May 2011 04:36:14 +0000",40,1,,,,,,,,,,
20241,"Thu, 22 Sep 2011 05:42:50 +0000",28,1,,,,,,,,,,
18382,"Sun, 10 Jul 2011 19:42:57 +0000",9,0.679645319,46,0.320354681,,,,,,,,
17771,"Sat, 18 Jun 2011 23:23:44 +0000",8,1,,,,,,,,,,
17019,"Fri, 20 May 2011 15:08:35 +0000",18,0.387167439,22,0.255061916,27,0.357770645,,,,,,
