5401,Sat 12 Dec 2009 05:31:22 +0000
4827,Mon 16 Nov 2009 16:05:59 +0000
5337,Thu 10 Dec 2009 14:19:43 +0000
4873,Tue 17 Nov 2009 22:44:17 +0000
5650,Fri 25 Dec 2009 22:10:23 +0000
4742,Thu 12 Nov 2009 23:06:42 +0000
5417,Sun 13 Dec 2009 02:49:26 +0000
5564,Mon 21 Dec 2009 16:14:06 +0000
5354,Fri 11 Dec 2009 00:54:45 +0000
4969,Sat 21 Nov 2009 00:13:29 +0000
4722,Thu 12 Nov 2009 16:12:37 +0000
5275,Tue 08 Dec 2009 17:08:54 +0000
4828,Mon 16 Nov 2009 16:07:00 +0000
5245,Sun 06 Dec 2009 23:28:39 +0000
5453,Tue 15 Dec 2009 04:34:06 +0000
5121,Mon 30 Nov 2009 16:45:12 +0000
4979,Sat 21 Nov 2009 18:18:50 +0000
5666,Sat 26 Dec 2009 20:13:02 +0000
4712,Thu 12 Nov 2009 05:22:47 +0000
5001,Mon 23 Nov 2009 16:40:26 +0000
5627,Wed 23 Dec 2009 22:03:09 +0000
4650,Tue 10 Nov 2009 17:32:29 +0000
4821,Mon 16 Nov 2009 03:01:28 +0000
4551,Sat 07 Nov 2009 03:30:40 +0000
5088,Fri 27 Nov 2009 20:34:21 +0000
5525,Fri 18 Dec 2009 11:47:03 +0000
5514,Thu 17 Dec 2009 19:09:54 +0000
4938,Thu 19 Nov 2009 22:52:24 +0000
4944,Fri 20 Nov 2009 02:39:50 +0000
5569,Mon 21 Dec 2009 20:09:25 +0000
5274,Tue 08 Dec 2009 15:30:05 +0000
5699,Tue 29 Dec 2009 15:37:00 +0000
4719,Thu 12 Nov 2009 14:50:08 +0000
4886,Wed 18 Nov 2009 14:18:28 +0000
5688,Tue 29 Dec 2009 04:53:56 +0000
5304,Wed 09 Dec 2009 21:47:53 +0000
5400,Sat 12 Dec 2009 05:29:08 +0000
4639,Tue 10 Nov 2009 09:29:12 +0000
4694,Wed 11 Nov 2009 19:44:44 +0000
5618,Wed 23 Dec 2009 18:47:22 +0000
4951,Fri 20 Nov 2009 14:04:35 +0000
5377,Fri 11 Dec 2009 17:12:07 +0000
5577,Mon 21 Dec 2009 23:11:48 +0000
5404,Sat 12 Dec 2009 13:33:59 +0000
5261,Mon 07 Dec 2009 20:59:22 +0000
5271,Tue 08 Dec 2009 14:14:13 +0000
4985,Sun 22 Nov 2009 06:11:59 +0000
5393,Fri 11 Dec 2009 22:36:59 +0000
5090,Fri 27 Nov 2009 21:13:25 +0000
5649,Fri 25 Dec 2009 22:03:55 +0000
5363,Fri 11 Dec 2009 07:34:07 +0000
5311,Thu 10 Dec 2009 00:47:48 +0000
5163,Wed 02 Dec 2009 16:31:23 +0000
5065,Thu 26 Nov 2009 18:09:20 +0000
5470,Tue 15 Dec 2009 23:52:51 +0000
5349,Thu 10 Dec 2009 19:57:40 +0000
5165,Wed 02 Dec 2009 22:08:47 +0000
4856,Tue 17 Nov 2009 14:36:44 +0000
4668,Tue 10 Nov 2009 23:45:03 +0000
5387,Fri 11 Dec 2009 19:52:08 +0000
5463,Tue 15 Dec 2009 17:02:29 +0000
5549,Mon 21 Dec 2009 02:20:31 +0000
5361,Fri 11 Dec 2009 06:09:53 +0000
4870,Tue 17 Nov 2009 19:49:13 +0000
5192,Thu 03 Dec 2009 18:18:43 +0000
5286,Wed 09 Dec 2009 06:36:08 +0000
4939,Thu 19 Nov 2009 23:14:04 +0000
5468,Tue 15 Dec 2009 19:58:11 +0000
5014,Tue 24 Nov 2009 03:23:22 +0000
5036,Wed 25 Nov 2009 14:15:46 +0000
5629,Wed 23 Dec 2009 23:38:24 +0000
5642,Fri 25 Dec 2009 09:07:11 +0000
4748,Fri 13 Nov 2009 02:38:18 +0000
5669,Sun 27 Dec 2009 00:18:25 +0000
4653,Tue 10 Nov 2009 18:36:22 +0000
5452,Tue 15 Dec 2009 03:49:12 +0000
5595,Tue 22 Dec 2009 17:44:14 +0000
5345,Thu 10 Dec 2009 18:12:36 +0000
5144,Tue 01 Dec 2009 17:35:05 +0000
5241,Sun 06 Dec 2009 22:05:35 +0000
4693,Wed 11 Nov 2009 19:31:20 +0000
5719,Wed 30 Dec 2009 03:30:23 +0000
5741,Thu 31 Dec 2009 19:49:48 +0000
5413,Sat 12 Dec 2009 23:10:37 +0000
5195,Thu 03 Dec 2009 20:28:37 +0000
4983,Sun 22 Nov 2009 00:49:51 +0000
5221,Fri 04 Dec 2009 23:13:08 +0000
4707,Thu 12 Nov 2009 03:02:56 +0000
4713,Thu 12 Nov 2009 06:17:40 +0000
5685,Mon 28 Dec 2009 22:57:27 +0000
4623,Mon 09 Nov 2009 20:50:56 +0000
4965,Fri 20 Nov 2009 21:20:12 +0000
5739,Thu 31 Dec 2009 17:11:22 +0000
4958,Fri 20 Nov 2009 19:44:23 +0000
5099,Sat 28 Nov 2009 13:11:28 +0000
5484,Wed 16 Dec 2009 16:30:00 +0000
5714,Tue 29 Dec 2009 23:01:03 +0000
4864,Tue 17 Nov 2009 17:52:02 +0000
4700,Wed 11 Nov 2009 21:17:38 +0000
4583,Sun 08 Nov 2009 11:14:17 +0000
5076,Fri 27 Nov 2009 06:15:38 +0000
4844,Tue 17 Nov 2009 01:54:59 +0000
5215,Fri 04 Dec 2009 19:15:02 +0000
4784,Sat 14 Nov 2009 14:32:35 +0000
4582,Sun 08 Nov 2009 11:10:49 +0000
5097,Sat 28 Nov 2009 04:56:51 +0000
5238,Sun 06 Dec 2009 17:58:48 +0000
3015,Tue 16 Jun 2009 17:51:02 +0000
4928,Thu 19 Nov 2009 17:52:41 +0000
5444,Mon 14 Dec 2009 18:22:50 +0000
4735,Thu 12 Nov 2009 21:01:02 +0000
5424,Sun 13 Dec 2009 15:52:00 +0000
5164,Wed 02 Dec 2009 19:22:43 +0000
4972,Sat 21 Nov 2009 04:38:22 +0000
4433,Fri 30 Oct 2009 09:13:05 +0000
5335,Thu 10 Dec 2009 13:42:48 +0000
4960,Fri 20 Nov 2009 20:28:01 +0000
5678,Mon 28 Dec 2009 08:21:15 +0000
5063,Thu 26 Nov 2009 15:25:34 +0000
5546,Sun 20 Dec 2009 18:10:46 +0000
4931,Thu 19 Nov 2009 20:47:38 +0000
4575,Sun 08 Nov 2009 06:37:17 +0000
5356,Fri 11 Dec 2009 01:20:26 +0000
4749,Fri 13 Nov 2009 04:20:25 +0000
5411,Sat 12 Dec 2009 21:14:31 +0000
5168,Wed 02 Dec 2009 23:21:31 +0000
5598,Tue 22 Dec 2009 19:35:10 +0000
5113,Mon 30 Nov 2009 03:50:07 +0000
5621,Wed 23 Dec 2009 19:57:25 +0000
4949,Fri 20 Nov 2009 06:20:49 +0000
5108,Sun 29 Nov 2009 17:59:50 +0000
5093,Sat 28 Nov 2009 00:55:49 +0000
4940,Thu 19 Nov 2009 23:15:43 +0000
5406,Sat 12 Dec 2009 18:52:09 +0000
4714,Thu 12 Nov 2009 07:11:19 +0000
4687,Wed 11 Nov 2009 16:22:31 +0000
4964,Fri 20 Nov 2009 21:16:41 +0000
5523,Fri 18 Dec 2009 06:59:55 +0000
4823,Mon 16 Nov 2009 08:21:35 +0000
4813,Sun 15 Nov 2009 18:31:10 +0000
5485,Wed 16 Dec 2009 16:43:51 +0000
5652,Fri 25 Dec 2009 23:41:48 +0000
4655,Tue 10 Nov 2009 19:36:45 +0000
5127,Mon 30 Nov 2009 21:47:14 +0000
4878,Wed 18 Nov 2009 03:59:27 +0000
5674,Sun 27 Dec 2009 20:58:27 +0000
4728,Thu 12 Nov 2009 18:24:21 +0000
5415,Sun 13 Dec 2009 00:38:43 +0000
4837,Mon 16 Nov 2009 23:58:25 +0000
5498,Wed 16 Dec 2009 23:07:20 +0000
5375,Fri 11 Dec 2009 15:47:04 +0000
4601,Mon 09 Nov 2009 03:44:58 +0000
4999,Mon 23 Nov 2009 15:15:44 +0000
5174,Thu 03 Dec 2009 03:36:53 +0000
4953,Fri 20 Nov 2009 18:03:20 +0000
5338,Thu 10 Dec 2009 14:26:12 +0000
4992,Mon 23 Nov 2009 09:11:42 +0000
5474,Wed 16 Dec 2009 03:10:36 +0000
5626,Wed 23 Dec 2009 21:18:18 +0000
4841,Tue 17 Nov 2009 01:19:50 +0000
5096,Sat 28 Nov 2009 04:17:40 +0000
4948,Fri 20 Nov 2009 06:07:18 +0000
5009,Mon 23 Nov 2009 22:31:46 +0000
5158,Wed 02 Dec 2009 14:36:57 +0000
5167,Wed 02 Dec 2009 22:58:54 +0000
4795,Sat 14 Nov 2009 22:51:38 +0000
5533,Sat 19 Dec 2009 03:38:50 +0000
5184,Thu 03 Dec 2009 14:00:13 +0000
5582,Tue 22 Dec 2009 09:19:43 +0000
5138,Tue 01 Dec 2009 14:45:18 +0000
4872,Tue 17 Nov 2009 22:20:22 +0000
5677,Mon 28 Dec 2009 04:39:38 +0000
4692,Wed 11 Nov 2009 19:24:25 +0000
4838,Tue 17 Nov 2009 00:09:18 +0000
4760,Fri 13 Nov 2009 15:25:28 +0000
5449,Mon 14 Dec 2009 21:12:18 +0000
5071,Fri 27 Nov 2009 04:08:52 +0000
5565,Mon 21 Dec 2009 16:19:15 +0000
4715,Thu 12 Nov 2009 09:19:11 +0000
5700,Tue 29 Dec 2009 16:34:36 +0000
5459,Tue 15 Dec 2009 12:28:27 +0000
4630,Tue 10 Nov 2009 00:24:42 +0000
5084,Fri 27 Nov 2009 18:45:42 +0000
5610,Tue 22 Dec 2009 23:42:48 +0000
5378,Fri 11 Dec 2009 17:16:05 +0000
4625,Mon 09 Nov 2009 22:58:15 +0000
5687,Tue 29 Dec 2009 02:25:23 +0000
4842,Tue 17 Nov 2009 01:22:35 +0000
4555,Sat 07 Nov 2009 09:41:13 +0000
3954,Sun 20 Sep 2009 02:07:42 +0000
4952,Fri 20 Nov 2009 16:58:24 +0000
4967,Fri 20 Nov 2009 22:30:46 +0000
5717,Wed 30 Dec 2009 02:05:52 +0000
3016,Tue 16 Jun 2009 18:18:43 +0000
4935,Thu 19 Nov 2009 21:52:56 +0000
5648,Fri 25 Dec 2009 22:00:42 +0000
5689,Tue 29 Dec 2009 05:28:06 +0000
5352,Thu 10 Dec 2009 22:37:59 +0000
5046,Wed 25 Nov 2009 18:47:54 +0000
5519,Fri 18 Dec 2009 01:38:49 +0000
5616,Wed 23 Dec 2009 14:31:04 +0000
5395,Fri 11 Dec 2009 23:24:34 +0000
4903,Wed 18 Nov 2009 23:11:40 +0000
5386,Fri 11 Dec 2009 19:45:30 +0000
5357,Fri 11 Dec 2009 01:38:32 +0000
5197,Thu 03 Dec 2009 20:44:40 +0000
4736,Thu 12 Nov 2009 21:21:57 +0000
4879,Wed 18 Nov 2009 04:00:39 +0000
4877,Wed 18 Nov 2009 03:08:05 +0000
7514,Fri 02 Apr 2010 22:51:36 +0000
13196,Wed 15 Dec 2010 16:42:22 +0000
10713,Mon 23 Aug 2010 21:14:51 +0000
13319,Tue 21 Dec 2010 10:41:41 +0000
8708,Fri 28 May 2010 16:03:05 +0000
13342,Wed 22 Dec 2010 02:54:43 +0000
7922,Thu 22 Apr 2010 20:22:33 +0000
12371,Thu 04 Nov 2010 22:47:47 +0000
11018,Sun 05 Sep 2010 17:43:26 +0000
7503,Fri 02 Apr 2010 14:20:13 +0000
12364,Thu 04 Nov 2010 16:27:04 +0000
7360,Wed 24 Mar 2010 21:33:15 +0000
5895,Thu 07 Jan 2010 21:59:54 +0000
11106,Wed 08 Sep 2010 16:34:32 +0000
6189,Thu 21 Jan 2010 22:13:05 +0000
11704,Tue 05 Oct 2010 13:37:38 +0000
9717,Mon 12 Jul 2010 15:40:29 +0000
7709,Tue 13 Apr 2010 22:11:15 +0000
6659,Mon 15 Feb 2010 14:02:38 +0000
7163,Mon 15 Mar 2010 11:19:10 +0000
7898,Wed 21 Apr 2010 20:14:32 +0000
11898,Fri 15 Oct 2010 18:33:19 +0000
10898,Tue 31 Aug 2010 14:30:11 +0000
10011,Mon 26 Jul 2010 15:51:28 +0000
6107,Sun 17 Jan 2010 17:02:44 +0000
7946,Sat 24 Apr 2010 11:04:33 +0000
7186,Tue 16 Mar 2010 10:28:34 +0000
10108,Fri 30 Jul 2010 21:40:01 +0000
8071,Sat 01 May 2010 13:57:43 +0000
11420,Thu 23 Sep 2010 09:50:22 +0000
9246,Tue 22 Jun 2010 05:19:48 +0000
8999,Thu 10 Jun 2010 17:34:51 +0000
13199,Wed 15 Dec 2010 16:50:18 +0000
10947,Thu 02 Sep 2010 04:29:00 +0000
7520,Sat 03 Apr 2010 15:29:45 +0000
5899,Fri 08 Jan 2010 00:13:51 +0000
11366,Mon 20 Sep 2010 14:41:56 +0000
9359,Sun 27 Jun 2010 08:50:33 +0000
7404,Sat 27 Mar 2010 17:40:32 +0000
6495,Fri 05 Feb 2010 17:54:56 +0000
6558,Wed 10 Feb 2010 00:29:46 +0000
7040,Tue 09 Mar 2010 01:11:25 +0000
6002,Tue 12 Jan 2010 19:44:56 +0000
6719,Thu 18 Feb 2010 18:42:25 +0000
10663,Sat 21 Aug 2010 18:22:11 +0000
5872,Wed 06 Jan 2010 23:52:07 +0000
9186,Fri 18 Jun 2010 21:09:05 +0000
8130,Tue 04 May 2010 00:21:27 +0000
10567,Wed 18 Aug 2010 19:11:42 +0000
6517,Sun 07 Feb 2010 06:33:21 +0000
7720,Wed 14 Apr 2010 16:40:50 +0000
6288,Tue 26 Jan 2010 20:09:55 +0000
6693,Wed 17 Feb 2010 13:32:51 +0000
8463,Sat 22 May 2010 01:44:04 +0000
10460,Mon 16 Aug 2010 09:08:51 +0000
10895,Tue 31 Aug 2010 09:47:09 +0000
6555,Tue 09 Feb 2010 21:21:13 +0000
13323,Tue 21 Dec 2010 10:48:47 +0000
6698,Wed 17 Feb 2010 16:26:29 +0000
7491,Thu 01 Apr 2010 14:08:38 +0000
6992,Fri 05 Mar 2010 03:04:30 +0000
6363,Sat 30 Jan 2010 16:39:30 +0000
7630,Thu 08 Apr 2010 19:34:31 +0000
13349,Wed 22 Dec 2010 05:05:08 +0000
11428,Thu 23 Sep 2010 15:13:46 +0000
13355,Wed 22 Dec 2010 05:49:25 +0000
6615,Fri 12 Feb 2010 15:06:38 +0000
6496,Fri 05 Feb 2010 18:08:41 +0000
10007,Mon 26 Jul 2010 05:47:39 +0000
6146,Wed 20 Jan 2010 00:33:32 +0000
9721,Mon 12 Jul 2010 18:01:06 +0000
5910,Fri 08 Jan 2010 11:33:36 +0000
6574,Wed 10 Feb 2010 17:47:23 +0000
9560,Tue 06 Jul 2010 13:57:59 +0000
10959,Thu 02 Sep 2010 14:23:30 +0000
8678,Thu 27 May 2010 15:30:13 +0000
8930,Tue 08 Jun 2010 10:49:44 +0000
13195,Wed 15 Dec 2010 16:40:08 +0000
10652,Sat 21 Aug 2010 02:04:54 +0000
7931,Fri 23 Apr 2010 12:50:28 +0000
5986,Mon 11 Jan 2010 23:51:04 +0000
8063,Fri 30 Apr 2010 23:03:14 +0000
11136,Thu 09 Sep 2010 21:04:59 +0000
6585,Wed 10 Feb 2010 23:32:00 +0000
7301,Mon 22 Mar 2010 19:26:13 +0000
6944,Tue 02 Mar 2010 18:29:23 +0000
5933,Sat 09 Jan 2010 15:50:16 +0000
10754,Wed 25 Aug 2010 03:56:36 +0000
6006,Tue 12 Jan 2010 21:45:09 +0000
9072,Mon 14 Jun 2010 19:31:17 +0000
8020,Wed 28 Apr 2010 16:34:44 +0000
7977,Mon 26 Apr 2010 17:58:45 +0000
8248,Mon 10 May 2010 18:43:53 +0000
8467,Sat 22 May 2010 09:28:17 +0000
7122,Fri 12 Mar 2010 10:49:37 +0000
9541,Mon 05 Jul 2010 21:16:08 +0000
6538,Mon 08 Feb 2010 21:55:30 +0000
7855,Tue 20 Apr 2010 05:30:22 +0000
11659,Sun 03 Oct 2010 15:01:21 +0000
6103,Sun 17 Jan 2010 09:24:11 +0000
8924,Tue 08 Jun 2010 05:53:16 +0000
13350,Wed 22 Dec 2010 05:07:09 +0000
7508,Fri 02 Apr 2010 19:05:33 +0000
6265,Tue 26 Jan 2010 05:45:12 +0000
7269,Sun 21 Mar 2010 11:58:59 +0000
8224,Sat 08 May 2010 19:40:08 +0000
9038,Sat 12 Jun 2010 19:25:49 +0000
11410,Wed 22 Sep 2010 20:38:02 +0000
7531,Mon 05 Apr 2010 01:26:16 +0000
9706,Mon 12 Jul 2010 10:54:31 +0000
6090,Sat 16 Jan 2010 16:31:10 +0000
5833,Tue 05 Jan 2010 17:25:14 +0000
10452,Mon 16 Aug 2010 02:18:21 +0000
10276,Sat 07 Aug 2010 15:34:02 +0000
10610,Fri 20 Aug 2010 05:27:14 +0000
6130,Mon 18 Jan 2010 23:57:56 +0000
13320,Tue 21 Dec 2010 10:42:12 +0000
11647,Sat 02 Oct 2010 15:58:56 +0000
5825,Tue 05 Jan 2010 15:00:55 +0000
12081,Fri 22 Oct 2010 12:21:28 +0000
6966,Wed 03 Mar 2010 21:07:44 +0000
6038,Thu 14 Jan 2010 14:06:06 +0000
11177,Sun 12 Sep 2010 15:53:33 +0000
7209,Wed 17 Mar 2010 11:17:07 +0000
6506,Sat 06 Feb 2010 11:37:12 +0000
6126,Mon 18 Jan 2010 22:12:24 +0000
7791,Fri 16 Apr 2010 21:22:29 +0000
5818,Tue 05 Jan 2010 00:29:28 +0000
7651,Fri 09 Apr 2010 22:01:12 +0000
8167,Wed 05 May 2010 13:33:46 +0000
10415,Sat 14 Aug 2010 03:32:59 +0000
6484,Fri 05 Feb 2010 12:07:48 +0000
9979,Fri 23 Jul 2010 21:30:54 +0000
6397,Mon 01 Feb 2010 23:26:25 +0000
12355,Thu 04 Nov 2010 07:55:27 +0000
6705,Wed 17 Feb 2010 19:24:07 +0000
9006,Fri 11 Jun 2010 03:04:38 +0000
13343,Wed 22 Dec 2010 04:08:08 +0000
5911,Fri 08 Jan 2010 12:45:26 +0000
9852,Sat 17 Jul 2010 15:41:40 +0000
10960,Thu 02 Sep 2010 14:32:00 +0000
6594,Thu 11 Feb 2010 10:53:44 +0000
5963,Mon 11 Jan 2010 00:38:08 +0000
7625,Thu 08 Apr 2010 17:08:51 +0000
7071,Wed 10 Mar 2010 04:12:59 +0000
9534,Mon 05 Jul 2010 13:31:47 +0000
9595,Wed 07 Jul 2010 19:00:35 +0000
10909,Wed 01 Sep 2010 03:15:07 +0000
13354,Wed 22 Dec 2010 05:22:51 +0000
8430,Thu 20 May 2010 23:21:52 +0000
10186,Wed 04 Aug 2010 07:38:45 +0000
8418,Thu 20 May 2010 14:33:34 +0000
9999,Sun 25 Jul 2010 21:43:13 +0000
7851,Tue 20 Apr 2010 02:37:11 +0000
7231,Thu 18 Mar 2010 11:37:58 +0000
9076,Mon 14 Jun 2010 20:55:51 +0000
8553,Mon 24 May 2010 17:12:31 +0000
10455,Mon 16 Aug 2010 04:18:22 +0000
6745,Sat 20 Feb 2010 12:44:41 +0000
5832,Tue 05 Jan 2010 17:22:53 +0000
11614,Fri 01 Oct 2010 02:55:06 +0000
13330,Tue 21 Dec 2010 20:51:23 +0000
13198,Wed 15 Dec 2010 16:49:18 +0000
7246,Fri 19 Mar 2010 06:25:53 +0000
10773,Wed 25 Aug 2010 15:26:14 +0000
8341,Fri 14 May 2010 23:11:59 +0000
6924,Mon 01 Mar 2010 21:06:22 +0000
5752,Sat 02 Jan 2010 03:18:11 +0000
6616,Fri 12 Feb 2010 15:13:07 +0000
11514,Mon 27 Sep 2010 16:51:15 +0000
10985,Fri 03 Sep 2010 15:25:45 +0000
13266,Sun 19 Dec 2010 11:21:32 +0000
7541,Mon 05 Apr 2010 14:32:08 +0000
12857,Tue 30 Nov 2010 05:36:32 +0000
11411,Wed 22 Sep 2010 21:58:21 +0000
7507,Fri 02 Apr 2010 19:01:50 +0000
10002,Mon 26 Jul 2010 00:40:16 +0000
12289,Mon 01 Nov 2010 14:30:59 +0000
9203,Sat 19 Jun 2010 21:22:26 +0000
12625,Thu 18 Nov 2010 15:00:05 +0000
6828,Wed 24 Feb 2010 14:55:04 +0000
9121,Wed 16 Jun 2010 12:48:35 +0000
6141,Tue 19 Jan 2010 18:13:31 +0000
8651,Wed 26 May 2010 23:34:09 +0000
10849,Sat 28 Aug 2010 18:22:56 +0000
6962,Wed 03 Mar 2010 16:47:25 +0000
6213,Sat 23 Jan 2010 00:23:19 +0000
9950,Thu 22 Jul 2010 16:25:57 +0000
13359,Wed 22 Dec 2010 07:20:54 +0000
6037,Thu 14 Jan 2010 13:54:14 +0000
8677,Thu 27 May 2010 14:57:43 +0000
10881,Mon 30 Aug 2010 17:07:01 +0000
10315,Mon 09 Aug 2010 23:20:38 +0000
8698,Fri 28 May 2010 07:28:42 +0000
6275,Tue 26 Jan 2010 16:34:09 +0000
8326,Fri 14 May 2010 03:38:44 +0000
5868,Wed 06 Jan 2010 21:14:20 +0000
9988,Sun 25 Jul 2010 08:50:54 +0000
8124,Mon 03 May 2010 20:37:54 +0000
8613,Wed 26 May 2010 09:06:39 +0000
12667,Sat 20 Nov 2010 12:01:20 +0000
9071,Mon 14 Jun 2010 19:29:26 +0000
6313,Wed 27 Jan 2010 19:59:22 +0000
6849,Thu 25 Feb 2010 05:19:31 +0000
10476,Mon 16 Aug 2010 16:46:51 +0000
10560,Wed 18 Aug 2010 16:09:24 +0000
7115,Fri 12 Mar 2010 01:23:14 +0000
13211,Thu 16 Dec 2010 08:37:39 +0000
11558,Wed 29 Sep 2010 03:32:53 +0000
9865,Sun 18 Jul 2010 21:57:15 +0000
10727,Tue 24 Aug 2010 05:24:50 +0000
6521,Sun 07 Feb 2010 16:33:50 +0000
9017,Fri 11 Jun 2010 10:36:08 +0000
7091,Wed 10 Mar 2010 18:49:19 +0000
11196,Mon 13 Sep 2010 16:28:27 +0000
8196,Thu 06 May 2010 20:37:10 +0000
10483,Mon 16 Aug 2010 18:32:53 +0000
5915,Fri 08 Jan 2010 17:11:27 +0000
6154,Wed 20 Jan 2010 12:17:23 +0000
10973,Fri 03 Sep 2010 00:20:02 +0000
12880,Wed 01 Dec 2010 05:12:23 +0000
13418,Sun 26 Dec 2010 06:32:34 +0000
6876,Fri 26 Feb 2010 08:04:48 +0000
7323,Tue 23 Mar 2010 16:50:06 +0000
7465,Wed 31 Mar 2010 05:56:48 +0000
10630,Fri 20 Aug 2010 13:02:20 +0000
9630,Thu 08 Jul 2010 23:20:55 +0000
7408,Sun 28 Mar 2010 01:26:00 +0000
7598,Thu 08 Apr 2010 00:26:08 +0000
13235,Fri 17 Dec 2010 03:23:27 +0000
6007,Tue 12 Jan 2010 21:45:13 +0000
11086,Wed 08 Sep 2010 00:34:20 +0000
7776,Fri 16 Apr 2010 08:29:43 +0000
12781,Fri 26 Nov 2010 00:41:08 +0000
6583,Wed 10 Feb 2010 22:34:53 +0000
10746,Tue 24 Aug 2010 17:53:47 +0000
5893,Thu 07 Jan 2010 19:22:33 +0000
8680,Thu 27 May 2010 16:23:33 +0000
8792,Wed 02 Jun 2010 02:56:00 +0000
6642,Sun 14 Feb 2010 01:39:44 +0000
10075,Thu 29 Jul 2010 14:27:34 +0000
6008,Tue 12 Jan 2010 21:50:35 +0000
6987,Thu 04 Mar 2010 20:58:17 +0000
8642,Wed 26 May 2010 18:25:32 +0000
7557,Tue 06 Apr 2010 03:51:42 +0000
6588,Thu 11 Feb 2010 05:19:03 +0000
11011,Sun 05 Sep 2010 15:28:54 +0000
6706,Wed 17 Feb 2010 20:20:47 +0000
7694,Tue 13 Apr 2010 16:22:04 +0000
7600,Thu 08 Apr 2010 00:53:51 +0000
11079,Tue 07 Sep 2010 18:25:49 +0000
10642,Fri 20 Aug 2010 20:08:59 +0000
6269,Tue 26 Jan 2010 09:55:17 +0000
8599,Tue 25 May 2010 22:09:56 +0000
13190,Wed 15 Dec 2010 07:09:51 +0000
6888,Fri 26 Feb 2010 22:48:33 +0000
5995,Tue 12 Jan 2010 12:05:44 +0000
10842,Sat 28 Aug 2010 09:02:20 +0000
8461,Fri 21 May 2010 21:12:43 +0000
9896,Tue 20 Jul 2010 02:13:36 +0000
7234,Thu 18 Mar 2010 15:52:05 +0000
7722,Wed 14 Apr 2010 18:43:22 +0000
10790,Thu 26 Aug 2010 05:44:29 +0000
9131,Wed 16 Jun 2010 21:29:49 +0000
5902,Fri 08 Jan 2010 00:27:17 +0000
10571,Thu 19 Aug 2010 04:13:19 +0000
10983,Fri 03 Sep 2010 15:00:42 +0000
8417,Thu 20 May 2010 14:33:22 +0000
11761,Fri 08 Oct 2010 05:03:53 +0000
6111,Mon 18 Jan 2010 00:47:17 +0000
8656,Thu 27 May 2010 02:58:30 +0000
10628,Fri 20 Aug 2010 11:45:36 +0000
9365,Sun 27 Jun 2010 21:52:50 +0000
10591,Thu 19 Aug 2010 17:08:21 +0000
7941,Fri 23 Apr 2010 23:18:40 +0000
7480,Wed 31 Mar 2010 20:43:52 +0000
5837,Tue 05 Jan 2010 18:59:36 +0000
8761,Mon 31 May 2010 16:12:17 +0000
9005,Fri 11 Jun 2010 03:04:29 +0000
9165,Thu 17 Jun 2010 21:04:28 +0000
7430,Mon 29 Mar 2010 11:59:17 +0000
10379,Thu 12 Aug 2010 15:17:53 +0000
7539,Mon 05 Apr 2010 12:38:06 +0000
9389,Tue 29 Jun 2010 00:47:35 +0000
6418,Wed 03 Feb 2010 01:36:44 +0000
10470,Mon 16 Aug 2010 14:26:25 +0000
9026,Fri 11 Jun 2010 22:19:55 +0000
7626,Thu 08 Apr 2010 18:27:42 +0000
13348,Wed 22 Dec 2010 05:01:16 +0000
7103,Thu 11 Mar 2010 02:21:22 +0000
6767,Mon 22 Feb 2010 02:39:47 +0000
7072,Wed 10 Mar 2010 06:51:57 +0000
12620,Thu 18 Nov 2010 13:31:33 +0000
11581,Wed 29 Sep 2010 19:27:50 +0000
7567,Tue 06 Apr 2010 15:36:58 +0000
8770,Tue 01 Jun 2010 03:37:50 +0000
11713,Tue 05 Oct 2010 22:11:06 +0000
8140,Tue 04 May 2010 12:50:44 +0000
13405,Fri 24 Dec 2010 16:45:45 +0000
8581,Tue 25 May 2010 13:43:40 +0000
13345,Wed 22 Dec 2010 04:24:39 +0000
8059,Fri 30 Apr 2010 20:12:30 +0000
7233,Thu 18 Mar 2010 15:23:02 +0000
7438,Mon 29 Mar 2010 20:11:20 +0000
6663,Mon 15 Feb 2010 15:37:59 +0000
7245,Fri 19 Mar 2010 01:31:23 +0000
11284,Thu 16 Sep 2010 19:19:19 +0000
10305,Mon 09 Aug 2010 16:57:15 +0000
11760,Fri 08 Oct 2010 05:03:49 +0000
11546,Tue 28 Sep 2010 17:25:15 +0000
9070,Mon 14 Jun 2010 18:48:36 +0000
8943,Tue 08 Jun 2010 18:29:53 +0000
7599,Thu 08 Apr 2010 00:51:19 +0000
7938,Fri 23 Apr 2010 20:23:31 +0000
6721,Thu 18 Feb 2010 21:20:47 +0000
6445,Thu 04 Feb 2010 01:46:38 +0000
12286,Mon 01 Nov 2010 12:49:45 +0000
6437,Wed 03 Feb 2010 21:25:32 +0000
7506,Fri 02 Apr 2010 19:00:43 +0000
6899,Sun 28 Feb 2010 01:57:05 +0000
6263,Tue 26 Jan 2010 02:54:06 +0000
13128,Sun 12 Dec 2010 09:24:57 +0000
8652,Wed 26 May 2010 23:34:18 +0000
10411,Fri 13 Aug 2010 19:46:21 +0000
6188,Thu 21 Jan 2010 21:51:39 +0000
7177,Tue 16 Mar 2010 04:01:48 +0000
13321,Tue 21 Dec 2010 10:47:52 +0000
7172,Mon 15 Mar 2010 17:34:38 +0000
5896,Thu 07 Jan 2010 22:00:09 +0000
10555,Wed 18 Aug 2010 15:05:37 +0000
10650,Sat 21 Aug 2010 00:10:02 +0000
6380,Mon 01 Feb 2010 09:35:21 +0000
8586,Tue 25 May 2010 15:29:47 +0000
13272,Sun 19 Dec 2010 20:05:27 +0000
11154,Fri 10 Sep 2010 19:15:53 +0000
6757,Sun 21 Feb 2010 13:22:00 +0000
10711,Mon 23 Aug 2010 19:15:21 +0000
12633,Thu 18 Nov 2010 17:56:30 +0000
8985,Thu 10 Jun 2010 02:21:11 +0000
5792,Sun 03 Jan 2010 20:13:36 +0000
10984,Fri 03 Sep 2010 15:00:47 +0000
11896,Fri 15 Oct 2010 17:36:09 +0000
12377,Fri 05 Nov 2010 10:29:36 +0000
13267,Sun 19 Dec 2010 12:54:11 +0000
6804,Tue 23 Feb 2010 16:24:30 +0000
6476,Fri 05 Feb 2010 07:14:21 +0000
7678,Mon 12 Apr 2010 14:19:47 +0000
12087,Fri 22 Oct 2010 17:00:33 +0000
13197,Wed 15 Dec 2010 16:46:27 +0000
10720,Mon 23 Aug 2010 23:57:32 +0000
8032,Thu 29 Apr 2010 12:35:24 +0000
7325,Tue 23 Mar 2010 17:37:20 +0000
10861,Sun 29 Aug 2010 16:29:57 +0000
7660,Sun 11 Apr 2010 03:19:05 +0000
11906,Sat 16 Oct 2010 01:58:05 +0000
5876,Thu 07 Jan 2010 02:13:12 +0000
10611,Fri 20 Aug 2010 06:30:26 +0000
11540,Tue 28 Sep 2010 15:22:29 +0000
9223,Mon 21 Jun 2010 05:03:47 +0000
6017,Wed 13 Jan 2010 02:29:05 +0000
5760,Sat 02 Jan 2010 23:07:26 +0000
6874,Fri 26 Feb 2010 04:07:17 +0000
9849,Sat 17 Jul 2010 13:23:52 +0000
7501,Fri 02 Apr 2010 08:33:29 +0000
7685,Mon 12 Apr 2010 21:16:27 +0000
5756,Sat 02 Jan 2010 16:58:38 +0000
9657,Fri 09 Jul 2010 19:04:28 +0000
7129,Fri 12 Mar 2010 21:25:51 +0000
9928,Wed 21 Jul 2010 18:38:15 +0000
13352,Wed 22 Dec 2010 05:10:13 +0000
10765,Wed 25 Aug 2010 10:08:07 +0000
7951,Sun 25 Apr 2010 05:03:32 +0000
10702,Mon 23 Aug 2010 14:46:07 +0000
5890,Thu 07 Jan 2010 16:08:56 +0000
7558,Tue 06 Apr 2010 04:52:13 +0000
6557,Wed 10 Feb 2010 00:07:44 +0000
7181,Tue 16 Mar 2010 05:42:15 +0000
13384,Thu 23 Dec 2010 10:58:23 +0000
7002,Fri 05 Mar 2010 23:55:29 +0000
7242,Thu 18 Mar 2010 18:48:40 +0000
7710,Wed 14 Apr 2010 06:02:32 +0000
11100,Wed 08 Sep 2010 12:00:27 +0000
11148,Fri 10 Sep 2010 13:03:28 +0000
12370,Thu 04 Nov 2010 22:47:30 +0000
6147,Wed 20 Jan 2010 05:51:58 +0000
6071,Fri 15 Jan 2010 19:16:59 +0000
7180,Tue 16 Mar 2010 05:24:22 +0000
6031,Thu 14 Jan 2010 05:14:46 +0000
6750,Sat 20 Feb 2010 19:14:53 +0000
13200,Wed 15 Dec 2010 19:08:20 +0000
5750,Fri 01 Jan 2010 23:12:35 +0000
11854,Wed 13 Oct 2010 08:57:08 +0000
7877,Wed 21 Apr 2010 03:59:29 +0000
8138,Tue 04 May 2010 04:35:04 +0000
8141,Tue 04 May 2010 13:25:18 +0000
9372,Mon 28 Jun 2010 08:46:01 +0000
12481,Wed 10 Nov 2010 18:52:04 +0000
11286,Thu 16 Sep 2010 20:13:22 +0000
12621,Thu 18 Nov 2010 13:45:37 +0000
11871,Thu 14 Oct 2010 09:27:39 +0000
13365,Wed 22 Dec 2010 12:13:55 +0000
7498,Thu 01 Apr 2010 23:16:05 +0000
6106,Sun 17 Jan 2010 16:38:55 +0000
9969,Fri 23 Jul 2010 09:18:58 +0000
11609,Fri 01 Oct 2010 00:30:51 +0000
9142,Thu 17 Jun 2010 05:18:34 +0000
13226,Thu 16 Dec 2010 21:13:47 +0000
6193,Thu 21 Jan 2010 23:26:48 +0000
10714,Mon 23 Aug 2010 21:17:20 +0000
7760,Thu 15 Apr 2010 18:07:40 +0000
9084,Tue 15 Jun 2010 01:41:07 +0000
6457,Thu 04 Feb 2010 14:22:20 +0000
13094,Fri 10 Dec 2010 22:20:33 +0000
11110,Wed 08 Sep 2010 20:24:39 +0000
7517,Sat 03 Apr 2010 04:46:31 +0000
7872,Tue 20 Apr 2010 19:47:59 +0000
8971,Wed 09 Jun 2010 12:48:42 +0000
8238,Mon 10 May 2010 00:16:23 +0000
12530,Fri 12 Nov 2010 22:43:14 +0000
13356,Wed 22 Dec 2010 05:55:21 +0000
5852,Wed 06 Jan 2010 14:00:07 +0000
8256,Tue 11 May 2010 00:02:56 +0000
11321,Fri 17 Sep 2010 16:18:36 +0000
6964,Wed 03 Mar 2010 19:13:29 +0000
13322,Tue 21 Dec 2010 10:48:22 +0000
7467,Wed 31 Mar 2010 06:22:36 +0000
13346,Wed 22 Dec 2010 04:53:41 +0000
6833,Wed 24 Feb 2010 17:55:25 +0000
9289,Wed 23 Jun 2010 22:31:56 +0000
13511,Wed 29 Dec 2010 18:19:41 +0000
10034,Tue 27 Jul 2010 13:59:31 +0000
5835,Tue 05 Jan 2010 17:36:38 +0000
7903,Wed 21 Apr 2010 22:35:32 +0000
7731,Wed 14 Apr 2010 22:38:55 +0000
6121,Mon 18 Jan 2010 19:32:00 +0000
8388,Tue 18 May 2010 19:46:05 +0000
7509,Fri 02 Apr 2010 19:05:33 +0000
9738,Tue 13 Jul 2010 09:37:32 +0000
8210,Fri 07 May 2010 11:41:28 +0000
6005,Tue 12 Jan 2010 21:41:14 +0000
7771,Fri 16 Apr 2010 04:38:13 +0000
5793,Sun 03 Jan 2010 20:17:47 +0000
5839,Tue 05 Jan 2010 19:48:27 +0000
6143,Tue 19 Jan 2010 18:31:07 +0000
10413,Fri 13 Aug 2010 22:53:24 +0000
8869,Sun 06 Jun 2010 00:38:29 +0000
6128,Mon 18 Jan 2010 22:24:00 +0000
6896,Sat 27 Feb 2010 15:03:57 +0000
12094,Sat 23 Oct 2010 09:30:42 +0000
5978,Mon 11 Jan 2010 17:22:13 +0000
7668,Mon 12 Apr 2010 01:15:05 +0000
6277,Tue 26 Jan 2010 17:06:23 +0000
8864,Sat 05 Jun 2010 14:41:38 +0000
8416,Thu 20 May 2010 14:33:05 +0000
8615,Wed 26 May 2010 11:30:06 +0000
8348,Sat 15 May 2010 17:20:44 +0000
6353,Fri 29 Jan 2010 20:41:11 +0000
5926,Sat 09 Jan 2010 05:13:39 +0000
7797,Sat 17 Apr 2010 08:50:12 +0000
7607,Thu 08 Apr 2010 04:42:52 +0000
17773,Sun 19 Jun 2011 00:23:35 +0000
14880,Sun 20 Feb 2011 22:26:07 +0000
19986,Mon 12 Sep 2011 15:56:28 +0000
20189,Tue 20 Sep 2011 07:23:59 +0000
16245,Wed 20 Apr 2011 05:48:20 +0000
18185,Fri 01 Jul 2011 19:28:57 +0000
19544,Thu 25 Aug 2011 12:51:02 +0000
13971,Thu 13 Jan 2011 12:42:23 +0000
15918,Fri 01 Apr 2011 18:44:01 +0000
18898,Thu 28 Jul 2011 23:16:24 +0000
20022,Tue 13 Sep 2011 20:05:36 +0000
17045,Sat 21 May 2011 21:18:09 +0000
18552,Fri 15 Jul 2011 12:59:07 +0000
18544,Fri 15 Jul 2011 07:04:29 +0000
19617,Fri 26 Aug 2011 23:34:41 +0000
18188,Fri 01 Jul 2011 20:31:38 +0000
18543,Fri 15 Jul 2011 03:31:24 +0000
15317,Tue 08 Mar 2011 05:24:10 +0000
17611,Mon 13 Jun 2011 10:30:49 +0000
13706,Wed 05 Jan 2011 08:33:21 +0000
15385,Thu 10 Mar 2011 08:05:48 +0000
18669,Wed 20 Jul 2011 06:35:19 +0000
13815,Fri 07 Jan 2011 19:25:58 +0000
18538,Thu 14 Jul 2011 22:48:00 +0000
16955,Wed 18 May 2011 16:15:09 +0000
17087,Mon 23 May 2011 21:26:55 +0000
20052,Thu 15 Sep 2011 01:28:52 +0000
18462,Tue 12 Jul 2011 20:38:24 +0000
14964,Wed 23 Feb 2011 19:26:05 +0000
18387,Mon 11 Jul 2011 01:33:29 +0000
19271,Mon 15 Aug 2011 18:14:19 +0000
18787,Mon 25 Jul 2011 13:52:03 +0000
20102,Sat 17 Sep 2011 08:08:25 +0000
17888,Wed 22 Jun 2011 20:27:03 +0000
15413,Fri 11 Mar 2011 00:24:43 +0000
18356,Sat 09 Jul 2011 10:56:02 +0000
15595,Fri 18 Mar 2011 06:21:49 +0000
17829,Mon 20 Jun 2011 21:40:46 +0000
15250,Fri 04 Mar 2011 23:48:40 +0000
15140,Tue 01 Mar 2011 20:39:27 +0000
14483,Wed 02 Feb 2011 15:34:23 +0000
15575,Thu 17 Mar 2011 16:12:57 +0000
18406,Mon 11 Jul 2011 12:24:23 +0000
15431,Fri 11 Mar 2011 14:19:43 +0000
14247,Sun 23 Jan 2011 19:36:03 +0000
16801,Fri 13 May 2011 08:54:17 +0000
18283,Thu 07 Jul 2011 04:31:43 +0000
15643,Mon 21 Mar 2011 09:10:30 +0000
18599,Sun 17 Jul 2011 04:08:36 +0000
15981,Wed 06 Apr 2011 03:43:34 +0000
16380,Wed 27 Apr 2011 00:25:13 +0000
18315,Thu 07 Jul 2011 18:21:05 +0000
18033,Tue 28 Jun 2011 02:06:15 +0000
16249,Wed 20 Apr 2011 11:44:45 +0000
15778,Mon 28 Mar 2011 06:08:05 +0000
17391,Sun 05 Jun 2011 02:41:11 +0000
16937,Wed 18 May 2011 02:15:18 +0000
15259,Sat 05 Mar 2011 01:22:56 +0000
17499,Wed 08 Jun 2011 17:14:13 +0000
19971,Mon 12 Sep 2011 01:13:38 +0000
18115,Thu 30 Jun 2011 02:49:52 +0000
15139,Tue 01 Mar 2011 20:39:26 +0000
18068,Tue 28 Jun 2011 16:59:46 +0000
20209,Wed 21 Sep 2011 03:36:06 +0000
16643,Fri 06 May 2011 21:21:32 +0000
16863,Mon 16 May 2011 02:31:50 +0000
15844,Tue 29 Mar 2011 23:30:53 +0000
15626,Sun 20 Mar 2011 07:33:32 +0000
15604,Fri 18 Mar 2011 14:34:50 +0000
16617,Thu 05 May 2011 21:20:45 +0000
19350,Thu 18 Aug 2011 06:55:22 +0000
16364,Tue 26 Apr 2011 00:53:05 +0000
15117,Mon 28 Feb 2011 23:38:34 +0000
17914,Thu 23 Jun 2011 14:49:53 +0000
19263,Mon 15 Aug 2011 12:27:17 +0000
20116,Sun 18 Sep 2011 07:23:46 +0000
18756,Sat 23 Jul 2011 13:55:04 +0000
17664,Wed 15 Jun 2011 00:04:41 +0000
15376,Thu 10 Mar 2011 00:45:11 +0000
19066,Fri 05 Aug 2011 20:07:33 +0000
18035,Tue 28 Jun 2011 02:14:36 +0000
15141,Tue 01 Mar 2011 20:39:28 +0000
15253,Fri 04 Mar 2011 23:48:42 +0000
19318,Wed 17 Aug 2011 05:33:37 +0000
18446,Tue 12 Jul 2011 13:12:01 +0000
16708,Tue 10 May 2011 13:55:46 +0000
16884,Mon 16 May 2011 12:33:43 +0000
16604,Thu 05 May 2011 12:34:43 +0000
18526,Thu 14 Jul 2011 15:04:57 +0000
16944,Wed 18 May 2011 12:24:53 +0000
18409,Mon 11 Jul 2011 13:17:04 +0000
17513,Thu 09 Jun 2011 04:29:28 +0000
14438,Mon 31 Jan 2011 23:23:39 +0000
18349,Sat 09 Jul 2011 01:38:40 +0000
20112,Sun 18 Sep 2011 07:20:37 +0000
18739,Fri 22 Jul 2011 17:53:48 +0000
18174,Fri 01 Jul 2011 13:33:02 +0000
20117,Sun 18 Sep 2011 07:24:04 +0000
15649,Mon 21 Mar 2011 17:10:52 +0000
15435,Fri 11 Mar 2011 14:59:21 +0000
16634,Fri 06 May 2011 13:29:41 +0000
16025,Thu 07 Apr 2011 22:35:39 +0000
14179,Thu 20 Jan 2011 17:21:33 +0000
19258,Mon 15 Aug 2011 10:26:53 +0000
16192,Sun 17 Apr 2011 14:09:09 +0000
13602,Sun 02 Jan 2011 04:29:03 +0000
13857,Sun 09 Jan 2011 00:55:21 +0000
14330,Wed 26 Jan 2011 18:04:55 +0000
19758,Thu 01 Sep 2011 19:49:46 +0000
16686,Mon 09 May 2011 10:02:44 +0000
18910,Fri 29 Jul 2011 11:05:46 +0000
19122,Tue 09 Aug 2011 01:17:25 +0000
16261,Wed 20 Apr 2011 17:49:45 +0000
13709,Wed 05 Jan 2011 09:40:58 +0000
16667,Sun 08 May 2011 17:15:19 +0000
16186,Sat 16 Apr 2011 09:50:24 +0000
18614,Mon 18 Jul 2011 02:02:31 +0000
17691,Wed 15 Jun 2011 22:46:33 +0000
15775,Mon 28 Mar 2011 02:10:57 +0000
15202,Thu 03 Mar 2011 20:33:48 +0000
20213,Wed 21 Sep 2011 05:33:45 +0000
19559,Thu 25 Aug 2011 17:59:54 +0000
15914,Fri 01 Apr 2011 15:46:30 +0000
16066,Sun 10 Apr 2011 10:31:10 +0000
17260,Tue 31 May 2011 00:51:10 +0000
18384,Mon 11 Jul 2011 01:13:23 +0000
17553,Fri 10 Jun 2011 09:54:54 +0000
14645,Thu 10 Feb 2011 10:49:06 +0000
16922,Tue 17 May 2011 16:29:45 +0000
15958,Mon 04 Apr 2011 09:20:01 +0000
19304,Tue 16 Aug 2011 23:06:59 +0000
17697,Thu 16 Jun 2011 03:03:03 +0000
16315,Sat 23 Apr 2011 04:24:44 +0000
18605,Sun 17 Jul 2011 12:12:43 +0000
16568,Tue 03 May 2011 20:32:47 +0000
15583,Fri 18 Mar 2011 03:03:10 +0000
15421,Fri 11 Mar 2011 07:20:22 +0000
14754,Tue 15 Feb 2011 17:07:34 +0000
18938,Sun 31 Jul 2011 17:50:06 +0000
14301,Tue 25 Jan 2011 18:26:04 +0000
15796,Mon 28 Mar 2011 17:09:38 +0000
13754,Thu 06 Jan 2011 05:25:06 +0000
17986,Sun 26 Jun 2011 09:07:01 +0000
18431,Tue 12 Jul 2011 03:26:45 +0000
16682,Mon 09 May 2011 08:23:26 +0000
15386,Thu 10 Mar 2011 08:20:28 +0000
20000,Tue 13 Sep 2011 00:49:31 +0000
14492,Wed 02 Feb 2011 22:42:44 +0000
18094,Wed 29 Jun 2011 09:36:46 +0000
17593,Sun 12 Jun 2011 18:17:50 +0000
19174,Thu 11 Aug 2011 02:50:04 +0000
16400,Wed 27 Apr 2011 18:54:58 +0000
18265,Wed 06 Jul 2011 14:33:12 +0000
18248,Tue 05 Jul 2011 12:06:36 +0000
16963,Wed 18 May 2011 21:52:35 +0000
15697,Thu 24 Mar 2011 08:34:10 +0000
16720,Wed 11 May 2011 00:55:35 +0000
19180,Thu 11 Aug 2011 07:13:02 +0000
18618,Mon 18 Jul 2011 06:16:34 +0000
15295,Mon 07 Mar 2011 03:30:07 +0000
19307,Tue 16 Aug 2011 23:25:13 +0000
18915,Fri 29 Jul 2011 20:20:13 +0000
18067,Tue 28 Jun 2011 15:55:16 +0000
13679,Tue 04 Jan 2011 17:15:45 +0000
16193,Sun 17 Apr 2011 14:27:32 +0000
15108,Mon 28 Feb 2011 16:36:50 +0000
18391,Mon 11 Jul 2011 02:58:26 +0000
15995,Wed 06 Apr 2011 19:53:21 +0000
15607,Fri 18 Mar 2011 16:36:51 +0000
15894,Thu 31 Mar 2011 21:20:43 +0000
13927,Tue 11 Jan 2011 19:23:57 +0000
20053,Thu 15 Sep 2011 01:43:12 +0000
18509,Wed 13 Jul 2011 21:41:05 +0000
17537,Thu 09 Jun 2011 19:13:54 +0000
15845,Tue 29 Mar 2011 23:38:03 +0000
14862,Sun 20 Feb 2011 00:55:52 +0000
18389,Mon 11 Jul 2011 02:21:53 +0000
16836,Sat 14 May 2011 16:00:43 +0000
15309,Mon 07 Mar 2011 23:23:48 +0000
20113,Sun 18 Sep 2011 07:21:05 +0000
15252,Fri 04 Mar 2011 23:48:40 +0000
19269,Mon 15 Aug 2011 16:13:42 +0000
16401,Wed 27 Apr 2011 19:22:20 +0000
19940,Fri 09 Sep 2011 18:20:15 +0000
15228,Fri 04 Mar 2011 09:11:29 +0000
15753,Sat 26 Mar 2011 18:41:04 +0000
17587,Sun 12 Jun 2011 07:40:47 +0000
17565,Fri 10 Jun 2011 18:56:04 +0000
17728,Thu 16 Jun 2011 21:27:49 +0000
16269,Wed 20 Apr 2011 23:14:17 +0000
20251,Thu 22 Sep 2011 18:00:53 +0000
18398,Mon 11 Jul 2011 09:33:47 +0000
16529,Mon 02 May 2011 22:56:38 +0000
18451,Tue 12 Jul 2011 15:08:54 +0000
20072,Thu 15 Sep 2011 12:11:58 +0000
17848,Tue 21 Jun 2011 13:42:38 +0000
16874,Mon 16 May 2011 07:21:20 +0000
15047,Sat 26 Feb 2011 07:51:51 +0000
18961,Tue 02 Aug 2011 01:42:56 +0000
18862,Wed 27 Jul 2011 16:29:53 +0000
18954,Mon 01 Aug 2011 14:49:10 +0000
19056,Fri 05 Aug 2011 10:07:25 +0000
19679,Tue 30 Aug 2011 08:05:16 +0000
15667,Tue 22 Mar 2011 18:17:19 +0000
18310,Thu 07 Jul 2011 15:08:53 +0000
14698,Sun 13 Feb 2011 01:16:19 +0000
15137,Tue 01 Mar 2011 19:43:08 +0000
17779,Sun 19 Jun 2011 07:23:39 +0000
18941,Sun 31 Jul 2011 22:54:18 +0000
19179,Thu 11 Aug 2011 06:14:48 +0000
16397,Wed 27 Apr 2011 18:49:55 +0000
17772,Sun 19 Jun 2011 00:22:14 +0000
19265,Mon 15 Aug 2011 12:52:52 +0000
19490,Wed 24 Aug 2011 00:22:43 +0000
18889,Thu 28 Jul 2011 16:58:50 +0000
18350,Sat 09 Jul 2011 02:49:09 +0000
13912,Tue 11 Jan 2011 03:34:46 +0000
18951,Mon 01 Aug 2011 13:02:47 +0000
16441,Fri 29 Apr 2011 07:32:00 +0000
19936,Fri 09 Sep 2011 17:09:52 +0000
19290,Tue 16 Aug 2011 15:25:30 +0000
19724,Wed 31 Aug 2011 22:40:47 +0000
18041,Tue 28 Jun 2011 07:42:32 +0000
17679,Wed 15 Jun 2011 18:03:22 +0000
15264,Sat 05 Mar 2011 04:41:03 +0000
20118,Sun 18 Sep 2011 07:26:40 +0000
15244,Fri 04 Mar 2011 19:14:04 +0000
17043,Sat 21 May 2011 17:57:35 +0000
15065,Sat 26 Feb 2011 21:22:31 +0000
19370,Fri 19 Aug 2011 00:56:03 +0000
15339,Wed 09 Mar 2011 00:59:21 +0000
15702,Thu 24 Mar 2011 14:36:15 +0000
19070,Fri 05 Aug 2011 22:48:35 +0000
15451,Sat 12 Mar 2011 05:50:26 +0000
15257,Sat 05 Mar 2011 01:20:55 +0000
15365,Wed 09 Mar 2011 18:20:21 +0000
16412,Thu 28 Apr 2011 05:34:30 +0000
15144,Wed 02 Mar 2011 01:55:46 +0000
19137,Tue 09 Aug 2011 13:51:13 +0000
16346,Sun 24 Apr 2011 21:01:35 +0000
14635,Wed 09 Feb 2011 19:02:25 +0000
15270,Sat 05 Mar 2011 13:36:41 +0000
16915,Tue 17 May 2011 13:12:26 +0000
16317,Sat 23 Apr 2011 04:53:06 +0000
17851,Tue 21 Jun 2011 14:26:31 +0000
15249,Fri 04 Mar 2011 23:45:04 +0000
17103,Tue 24 May 2011 08:44:23 +0000
16975,Thu 19 May 2011 05:26:43 +0000
16693,Mon 09 May 2011 22:33:56 +0000
13653,Mon 03 Jan 2011 21:23:01 +0000
15623,Sun 20 Mar 2011 00:30:30 +0000
16330,Sat 23 Apr 2011 21:29:09 +0000
15514,Tue 15 Mar 2011 14:52:17 +0000
19157,Wed 10 Aug 2011 14:02:59 +0000
20114,Sun 18 Sep 2011 07:21:14 +0000
20021,Tue 13 Sep 2011 19:53:57 +0000
18069,Tue 28 Jun 2011 18:38:18 +0000
20167,Mon 19 Sep 2011 15:36:43 +0000
16283,Thu 21 Apr 2011 15:43:08 +0000
16205,Mon 18 Apr 2011 13:41:23 +0000
15959,Mon 04 Apr 2011 12:29:30 +0000
16936,Wed 18 May 2011 01:16:32 +0000
15083,Sun 27 Feb 2011 22:04:39 +0000
17254,Mon 30 May 2011 16:13:53 +0000
16570,Wed 04 May 2011 01:01:10 +0000
15420,Fri 11 Mar 2011 07:17:12 +0000
19126,Tue 09 Aug 2011 03:44:40 +0000
16369,Tue 26 Apr 2011 12:01:31 +0000
13665,Tue 04 Jan 2011 07:36:09 +0000
15251,Fri 04 Mar 2011 23:48:40 +0000
17046,Sat 21 May 2011 21:56:14 +0000
18955,Mon 01 Aug 2011 17:10:20 +0000
16357,Mon 25 Apr 2011 11:46:53 +0000
16270,Thu 21 Apr 2011 01:45:11 +0000
17211,Sat 28 May 2011 03:01:11 +0000
17312,Wed 01 Jun 2011 18:25:30 +0000
18964,Tue 02 Aug 2011 02:46:06 +0000
16886,Mon 16 May 2011 13:15:27 +0000
16920,Tue 17 May 2011 14:28:41 +0000
17458,Tue 07 Jun 2011 15:50:11 +0000
18821,Tue 26 Jul 2011 12:35:44 +0000
15423,Fri 11 Mar 2011 07:41:24 +0000
15289,Sun 06 Mar 2011 23:23:18 +0000
18196,Sat 02 Jul 2011 19:35:32 +0000
13630,Mon 03 Jan 2011 06:02:39 +0000
19400,Sat 20 Aug 2011 03:33:24 +0000
20115,Sun 18 Sep 2011 07:21:40 +0000
17252,Mon 30 May 2011 15:21:17 +0000
19461,Tue 23 Aug 2011 04:46:52 +0000
16831,Sat 14 May 2011 13:25:12 +0000
15537,Wed 16 Mar 2011 04:22:41 +0000
19150,Wed 10 Aug 2011 08:04:35 +0000
18598,Sun 17 Jul 2011 03:53:31 +0000
18137,Thu 30 Jun 2011 14:58:35 +0000
19792,Sat 03 Sep 2011 03:36:10 +0000
19305,Tue 16 Aug 2011 23:17:27 +0000
20041,Wed 14 Sep 2011 14:02:09 +0000
14487,Wed 02 Feb 2011 16:32:49 +0000
16257,Wed 20 Apr 2011 17:12:49 +0000
13616,Sun 02 Jan 2011 20:19:17 +0000
16918,Tue 17 May 2011 13:26:49 +0000
16318,Sat 23 Apr 2011 06:01:53 +0000
18034,Tue 28 Jun 2011 02:11:25 +0000
13620,Sun 02 Jan 2011 23:17:22 +0000
13976,Thu 13 Jan 2011 14:52:51 +0000
15090,Mon 28 Feb 2011 04:17:31 +0000
17781,Sun 19 Jun 2011 10:03:55 +0000
14906,Mon 21 Feb 2011 20:45:46 +0000
19372,Fri 19 Aug 2011 03:47:17 +0000
17997,Sun 26 Jun 2011 19:53:30 +0000
18071,Tue 28 Jun 2011 19:41:08 +0000
15256,Sat 05 Mar 2011 01:17:59 +0000
18899,Thu 28 Jul 2011 23:43:06 +0000
13586,Sat 01 Jan 2011 14:16:30 +0000
15121,Tue 01 Mar 2011 05:51:18 +0000
18873,Wed 27 Jul 2011 23:09:39 +0000
