5401,2009-12,Sat 12 Dec 2009 05:31:22 +0000
4827,2009-11,Mon 16 Nov 2009 16:05:59 +0000
5337,2009-12,Thu 10 Dec 2009 14:19:43 +0000
4873,2009-11,Tue 17 Nov 2009 22:44:17 +0000
5650,2009-12,Fri 25 Dec 2009 22:10:23 +0000
4742,2009-11,Thu 12 Nov 2009 23:06:42 +0000
5417,2009-12,Sun 13 Dec 2009 02:49:26 +0000
5564,2009-12,Mon 21 Dec 2009 16:14:06 +0000
5354,2009-12,Fri 11 Dec 2009 00:54:45 +0000
4969,2009-11,Sat 21 Nov 2009 00:13:29 +0000
4722,2009-11,Thu 12 Nov 2009 16:12:37 +0000
5275,2009-12,Tue 08 Dec 2009 17:08:54 +0000
4828,2009-11,Mon 16 Nov 2009 16:07:00 +0000
5245,2009-12,Sun 06 Dec 2009 23:28:39 +0000
5453,2009-12,Tue 15 Dec 2009 04:34:06 +0000
5121,2009-11,Mon 30 Nov 2009 16:45:12 +0000
4979,2009-11,Sat 21 Nov 2009 18:18:50 +0000
5666,2009-12,Sat 26 Dec 2009 20:13:02 +0000
4712,2009-11,Thu 12 Nov 2009 05:22:47 +0000
5001,2009-11,Mon 23 Nov 2009 16:40:26 +0000
5627,2009-12,Wed 23 Dec 2009 22:03:09 +0000
4650,2009-11,Tue 10 Nov 2009 17:32:29 +0000
4821,2009-11,Mon 16 Nov 2009 03:01:28 +0000
4551,2009-11,Sat 07 Nov 2009 03:30:40 +0000
5088,2009-11,Fri 27 Nov 2009 20:34:21 +0000
5525,2009-12,Fri 18 Dec 2009 11:47:03 +0000
5514,2009-12,Thu 17 Dec 2009 19:09:54 +0000
4938,2009-11,Thu 19 Nov 2009 22:52:24 +0000
4944,2009-11,Fri 20 Nov 2009 02:39:50 +0000
5569,2009-12,Mon 21 Dec 2009 20:09:25 +0000
5274,2009-12,Tue 08 Dec 2009 15:30:05 +0000
5699,2009-12,Tue 29 Dec 2009 15:37:00 +0000
4719,2009-11,Thu 12 Nov 2009 14:50:08 +0000
4886,2009-11,Wed 18 Nov 2009 14:18:28 +0000
5688,2009-12,Tue 29 Dec 2009 04:53:56 +0000
5304,2009-12,Wed 09 Dec 2009 21:47:53 +0000
5400,2009-12,Sat 12 Dec 2009 05:29:08 +0000
4639,2009-11,Tue 10 Nov 2009 09:29:12 +0000
4694,2009-11,Wed 11 Nov 2009 19:44:44 +0000
5618,2009-12,Wed 23 Dec 2009 18:47:22 +0000
4951,2009-11,Fri 20 Nov 2009 14:04:35 +0000
5377,2009-12,Fri 11 Dec 2009 17:12:07 +0000
5577,2009-12,Mon 21 Dec 2009 23:11:48 +0000
5404,2009-12,Sat 12 Dec 2009 13:33:59 +0000
5261,2009-12,Mon 07 Dec 2009 20:59:22 +0000
5271,2009-12,Tue 08 Dec 2009 14:14:13 +0000
4985,2009-11,Sun 22 Nov 2009 06:11:59 +0000
5393,2009-12,Fri 11 Dec 2009 22:36:59 +0000
5090,2009-11,Fri 27 Nov 2009 21:13:25 +0000
5649,2009-12,Fri 25 Dec 2009 22:03:55 +0000
5363,2009-12,Fri 11 Dec 2009 07:34:07 +0000
5311,2009-12,Thu 10 Dec 2009 00:47:48 +0000
5163,2009-12,Wed 02 Dec 2009 16:31:23 +0000
5065,2009-11,Thu 26 Nov 2009 18:09:20 +0000
5470,2009-12,Tue 15 Dec 2009 23:52:51 +0000
5349,2009-12,Thu 10 Dec 2009 19:57:40 +0000
5165,2009-12,Wed 02 Dec 2009 22:08:47 +0000
4856,2009-11,Tue 17 Nov 2009 14:36:44 +0000
4668,2009-11,Tue 10 Nov 2009 23:45:03 +0000
5387,2009-12,Fri 11 Dec 2009 19:52:08 +0000
5463,2009-12,Tue 15 Dec 2009 17:02:29 +0000
5549,2009-12,Mon 21 Dec 2009 02:20:31 +0000
5361,2009-12,Fri 11 Dec 2009 06:09:53 +0000
4870,2009-11,Tue 17 Nov 2009 19:49:13 +0000
5192,2009-12,Thu 03 Dec 2009 18:18:43 +0000
5286,2009-12,Wed 09 Dec 2009 06:36:08 +0000
4939,2009-11,Thu 19 Nov 2009 23:14:04 +0000
5468,2009-12,Tue 15 Dec 2009 19:58:11 +0000
5014,2009-11,Tue 24 Nov 2009 03:23:22 +0000
5036,2009-11,Wed 25 Nov 2009 14:15:46 +0000
5629,2009-12,Wed 23 Dec 2009 23:38:24 +0000
5642,2009-12,Fri 25 Dec 2009 09:07:11 +0000
4748,2009-11,Fri 13 Nov 2009 02:38:18 +0000
5669,2009-12,Sun 27 Dec 2009 00:18:25 +0000
4653,2009-11,Tue 10 Nov 2009 18:36:22 +0000
5452,2009-12,Tue 15 Dec 2009 03:49:12 +0000
5595,2009-12,Tue 22 Dec 2009 17:44:14 +0000
5345,2009-12,Thu 10 Dec 2009 18:12:36 +0000
5144,2009-12,Tue 01 Dec 2009 17:35:05 +0000
5241,2009-12,Sun 06 Dec 2009 22:05:35 +0000
4693,2009-11,Wed 11 Nov 2009 19:31:20 +0000
5719,2009-12,Wed 30 Dec 2009 03:30:23 +0000
5741,2009-12,Thu 31 Dec 2009 19:49:48 +0000
5413,2009-12,Sat 12 Dec 2009 23:10:37 +0000
5195,2009-12,Thu 03 Dec 2009 20:28:37 +0000
4983,2009-11,Sun 22 Nov 2009 00:49:51 +0000
5221,2009-12,Fri 04 Dec 2009 23:13:08 +0000
4707,2009-11,Thu 12 Nov 2009 03:02:56 +0000
4713,2009-11,Thu 12 Nov 2009 06:17:40 +0000
5685,2009-12,Mon 28 Dec 2009 22:57:27 +0000
4623,2009-11,Mon 09 Nov 2009 20:50:56 +0000
4965,2009-11,Fri 20 Nov 2009 21:20:12 +0000
5739,2009-12,Thu 31 Dec 2009 17:11:22 +0000
4958,2009-11,Fri 20 Nov 2009 19:44:23 +0000
5099,2009-11,Sat 28 Nov 2009 13:11:28 +0000
5484,2009-12,Wed 16 Dec 2009 16:30:00 +0000
5714,2009-12,Tue 29 Dec 2009 23:01:03 +0000
4864,2009-11,Tue 17 Nov 2009 17:52:02 +0000
4700,2009-11,Wed 11 Nov 2009 21:17:38 +0000
4583,2009-11,Sun 08 Nov 2009 11:14:17 +0000
5076,2009-11,Fri 27 Nov 2009 06:15:38 +0000
4844,2009-11,Tue 17 Nov 2009 01:54:59 +0000
5215,2009-12,Fri 04 Dec 2009 19:15:02 +0000
4784,2009-11,Sat 14 Nov 2009 14:32:35 +0000
4582,2009-11,Sun 08 Nov 2009 11:10:49 +0000
5097,2009-11,Sat 28 Nov 2009 04:56:51 +0000
5238,2009-12,Sun 06 Dec 2009 17:58:48 +0000
3015,2009-06,Tue 16 Jun 2009 17:51:02 +0000
4928,2009-11,Thu 19 Nov 2009 17:52:41 +0000
5444,2009-12,Mon 14 Dec 2009 18:22:50 +0000
4735,2009-11,Thu 12 Nov 2009 21:01:02 +0000
5424,2009-12,Sun 13 Dec 2009 15:52:00 +0000
5164,2009-12,Wed 02 Dec 2009 19:22:43 +0000
4972,2009-11,Sat 21 Nov 2009 04:38:22 +0000
4433,2009-10,Fri 30 Oct 2009 09:13:05 +0000
5335,2009-12,Thu 10 Dec 2009 13:42:48 +0000
4960,2009-11,Fri 20 Nov 2009 20:28:01 +0000
5678,2009-12,Mon 28 Dec 2009 08:21:15 +0000
5063,2009-11,Thu 26 Nov 2009 15:25:34 +0000
5546,2009-12,Sun 20 Dec 2009 18:10:46 +0000
4931,2009-11,Thu 19 Nov 2009 20:47:38 +0000
4575,2009-11,Sun 08 Nov 2009 06:37:17 +0000
5356,2009-12,Fri 11 Dec 2009 01:20:26 +0000
4749,2009-11,Fri 13 Nov 2009 04:20:25 +0000
5411,2009-12,Sat 12 Dec 2009 21:14:31 +0000
5168,2009-12,Wed 02 Dec 2009 23:21:31 +0000
5598,2009-12,Tue 22 Dec 2009 19:35:10 +0000
5113,2009-11,Mon 30 Nov 2009 03:50:07 +0000
5621,2009-12,Wed 23 Dec 2009 19:57:25 +0000
4949,2009-11,Fri 20 Nov 2009 06:20:49 +0000
5108,2009-11,Sun 29 Nov 2009 17:59:50 +0000
5093,2009-11,Sat 28 Nov 2009 00:55:49 +0000
4940,2009-11,Thu 19 Nov 2009 23:15:43 +0000
5406,2009-12,Sat 12 Dec 2009 18:52:09 +0000
4714,2009-11,Thu 12 Nov 2009 07:11:19 +0000
4687,2009-11,Wed 11 Nov 2009 16:22:31 +0000
4964,2009-11,Fri 20 Nov 2009 21:16:41 +0000
5523,2009-12,Fri 18 Dec 2009 06:59:55 +0000
4823,2009-11,Mon 16 Nov 2009 08:21:35 +0000
4813,2009-11,Sun 15 Nov 2009 18:31:10 +0000
5485,2009-12,Wed 16 Dec 2009 16:43:51 +0000
5652,2009-12,Fri 25 Dec 2009 23:41:48 +0000
4655,2009-11,Tue 10 Nov 2009 19:36:45 +0000
5127,2009-11,Mon 30 Nov 2009 21:47:14 +0000
4878,2009-11,Wed 18 Nov 2009 03:59:27 +0000
5674,2009-12,Sun 27 Dec 2009 20:58:27 +0000
4728,2009-11,Thu 12 Nov 2009 18:24:21 +0000
5415,2009-12,Sun 13 Dec 2009 00:38:43 +0000
4837,2009-11,Mon 16 Nov 2009 23:58:25 +0000
5498,2009-12,Wed 16 Dec 2009 23:07:20 +0000
5375,2009-12,Fri 11 Dec 2009 15:47:04 +0000
4601,2009-11,Mon 09 Nov 2009 03:44:58 +0000
4999,2009-11,Mon 23 Nov 2009 15:15:44 +0000
5174,2009-12,Thu 03 Dec 2009 03:36:53 +0000
4953,2009-11,Fri 20 Nov 2009 18:03:20 +0000
5338,2009-12,Thu 10 Dec 2009 14:26:12 +0000
4992,2009-11,Mon 23 Nov 2009 09:11:42 +0000
5474,2009-12,Wed 16 Dec 2009 03:10:36 +0000
5626,2009-12,Wed 23 Dec 2009 21:18:18 +0000
4841,2009-11,Tue 17 Nov 2009 01:19:50 +0000
5096,2009-11,Sat 28 Nov 2009 04:17:40 +0000
4948,2009-11,Fri 20 Nov 2009 06:07:18 +0000
5009,2009-11,Mon 23 Nov 2009 22:31:46 +0000
5158,2009-12,Wed 02 Dec 2009 14:36:57 +0000
5167,2009-12,Wed 02 Dec 2009 22:58:54 +0000
4795,2009-11,Sat 14 Nov 2009 22:51:38 +0000
5533,2009-12,Sat 19 Dec 2009 03:38:50 +0000
5184,2009-12,Thu 03 Dec 2009 14:00:13 +0000
5582,2009-12,Tue 22 Dec 2009 09:19:43 +0000
5138,2009-12,Tue 01 Dec 2009 14:45:18 +0000
4872,2009-11,Tue 17 Nov 2009 22:20:22 +0000
5677,2009-12,Mon 28 Dec 2009 04:39:38 +0000
4692,2009-11,Wed 11 Nov 2009 19:24:25 +0000
4838,2009-11,Tue 17 Nov 2009 00:09:18 +0000
4760,2009-11,Fri 13 Nov 2009 15:25:28 +0000
5449,2009-12,Mon 14 Dec 2009 21:12:18 +0000
5071,2009-11,Fri 27 Nov 2009 04:08:52 +0000
5565,2009-12,Mon 21 Dec 2009 16:19:15 +0000
4715,2009-11,Thu 12 Nov 2009 09:19:11 +0000
5700,2009-12,Tue 29 Dec 2009 16:34:36 +0000
5459,2009-12,Tue 15 Dec 2009 12:28:27 +0000
4630,2009-11,Tue 10 Nov 2009 00:24:42 +0000
5084,2009-11,Fri 27 Nov 2009 18:45:42 +0000
5610,2009-12,Tue 22 Dec 2009 23:42:48 +0000
5378,2009-12,Fri 11 Dec 2009 17:16:05 +0000
4625,2009-11,Mon 09 Nov 2009 22:58:15 +0000
5687,2009-12,Tue 29 Dec 2009 02:25:23 +0000
4842,2009-11,Tue 17 Nov 2009 01:22:35 +0000
4555,2009-11,Sat 07 Nov 2009 09:41:13 +0000
3954,2009-09,Sun 20 Sep 2009 02:07:42 +0000
4952,2009-11,Fri 20 Nov 2009 16:58:24 +0000
4967,2009-11,Fri 20 Nov 2009 22:30:46 +0000
5717,2009-12,Wed 30 Dec 2009 02:05:52 +0000
3016,2009-06,Tue 16 Jun 2009 18:18:43 +0000
4935,2009-11,Thu 19 Nov 2009 21:52:56 +0000
5648,2009-12,Fri 25 Dec 2009 22:00:42 +0000
5689,2009-12,Tue 29 Dec 2009 05:28:06 +0000
5352,2009-12,Thu 10 Dec 2009 22:37:59 +0000
5046,2009-11,Wed 25 Nov 2009 18:47:54 +0000
5519,2009-12,Fri 18 Dec 2009 01:38:49 +0000
5616,2009-12,Wed 23 Dec 2009 14:31:04 +0000
5395,2009-12,Fri 11 Dec 2009 23:24:34 +0000
4903,2009-11,Wed 18 Nov 2009 23:11:40 +0000
5386,2009-12,Fri 11 Dec 2009 19:45:30 +0000
5357,2009-12,Fri 11 Dec 2009 01:38:32 +0000
5197,2009-12,Thu 03 Dec 2009 20:44:40 +0000
4736,2009-11,Thu 12 Nov 2009 21:21:57 +0000
4879,2009-11,Wed 18 Nov 2009 04:00:39 +0000
4877,2009-11,Wed 18 Nov 2009 03:08:05 +0000
7514,2010-04,Fri 02 Apr 2010 22:51:36 +0000
13196,2010-12,Wed 15 Dec 2010 16:42:22 +0000
10713,2010-08,Mon 23 Aug 2010 21:14:51 +0000
13319,2010-12,Tue 21 Dec 2010 10:41:41 +0000
8708,2010-05,Fri 28 May 2010 16:03:05 +0000
13342,2010-12,Wed 22 Dec 2010 02:54:43 +0000
7922,2010-04,Thu 22 Apr 2010 20:22:33 +0000
12371,2010-11,Thu 04 Nov 2010 22:47:47 +0000
11018,2010-09,Sun 05 Sep 2010 17:43:26 +0000
7503,2010-04,Fri 02 Apr 2010 14:20:13 +0000
12364,2010-11,Thu 04 Nov 2010 16:27:04 +0000
7360,2010-03,Wed 24 Mar 2010 21:33:15 +0000
5895,2010-01,Thu 07 Jan 2010 21:59:54 +0000
11106,2010-09,Wed 08 Sep 2010 16:34:32 +0000
6189,2010-01,Thu 21 Jan 2010 22:13:05 +0000
11704,2010-10,Tue 05 Oct 2010 13:37:38 +0000
9717,2010-07,Mon 12 Jul 2010 15:40:29 +0000
7709,2010-04,Tue 13 Apr 2010 22:11:15 +0000
6659,2010-02,Mon 15 Feb 2010 14:02:38 +0000
7163,2010-03,Mon 15 Mar 2010 11:19:10 +0000
7898,2010-04,Wed 21 Apr 2010 20:14:32 +0000
11898,2010-10,Fri 15 Oct 2010 18:33:19 +0000
10898,2010-08,Tue 31 Aug 2010 14:30:11 +0000
10011,2010-07,Mon 26 Jul 2010 15:51:28 +0000
6107,2010-01,Sun 17 Jan 2010 17:02:44 +0000
7946,2010-04,Sat 24 Apr 2010 11:04:33 +0000
7186,2010-03,Tue 16 Mar 2010 10:28:34 +0000
10108,2010-07,Fri 30 Jul 2010 21:40:01 +0000
8071,2010-05,Sat 01 May 2010 13:57:43 +0000
11420,2010-09,Thu 23 Sep 2010 09:50:22 +0000
9246,2010-06,Tue 22 Jun 2010 05:19:48 +0000
8999,2010-06,Thu 10 Jun 2010 17:34:51 +0000
13199,2010-12,Wed 15 Dec 2010 16:50:18 +0000
10947,2010-09,Thu 02 Sep 2010 04:29:00 +0000
7520,2010-04,Sat 03 Apr 2010 15:29:45 +0000
5899,2010-01,Fri 08 Jan 2010 00:13:51 +0000
11366,2010-09,Mon 20 Sep 2010 14:41:56 +0000
9359,2010-06,Sun 27 Jun 2010 08:50:33 +0000
7404,2010-03,Sat 27 Mar 2010 17:40:32 +0000
6495,2010-02,Fri 05 Feb 2010 17:54:56 +0000
6558,2010-02,Wed 10 Feb 2010 00:29:46 +0000
7040,2010-03,Tue 09 Mar 2010 01:11:25 +0000
6002,2010-01,Tue 12 Jan 2010 19:44:56 +0000
6719,2010-02,Thu 18 Feb 2010 18:42:25 +0000
10663,2010-08,Sat 21 Aug 2010 18:22:11 +0000
5872,2010-01,Wed 06 Jan 2010 23:52:07 +0000
9186,2010-06,Fri 18 Jun 2010 21:09:05 +0000
8130,2010-05,Tue 04 May 2010 00:21:27 +0000
10567,2010-08,Wed 18 Aug 2010 19:11:42 +0000
6517,2010-02,Sun 07 Feb 2010 06:33:21 +0000
7720,2010-04,Wed 14 Apr 2010 16:40:50 +0000
6288,2010-01,Tue 26 Jan 2010 20:09:55 +0000
6693,2010-02,Wed 17 Feb 2010 13:32:51 +0000
8463,2010-05,Sat 22 May 2010 01:44:04 +0000
10460,2010-08,Mon 16 Aug 2010 09:08:51 +0000
10895,2010-08,Tue 31 Aug 2010 09:47:09 +0000
6555,2010-02,Tue 09 Feb 2010 21:21:13 +0000
13323,2010-12,Tue 21 Dec 2010 10:48:47 +0000
6698,2010-02,Wed 17 Feb 2010 16:26:29 +0000
7491,2010-04,Thu 01 Apr 2010 14:08:38 +0000
6992,2010-03,Fri 05 Mar 2010 03:04:30 +0000
6363,2010-01,Sat 30 Jan 2010 16:39:30 +0000
7630,2010-04,Thu 08 Apr 2010 19:34:31 +0000
13349,2010-12,Wed 22 Dec 2010 05:05:08 +0000
11428,2010-09,Thu 23 Sep 2010 15:13:46 +0000
13355,2010-12,Wed 22 Dec 2010 05:49:25 +0000
6615,2010-02,Fri 12 Feb 2010 15:06:38 +0000
6496,2010-02,Fri 05 Feb 2010 18:08:41 +0000
10007,2010-07,Mon 26 Jul 2010 05:47:39 +0000
6146,2010-01,Wed 20 Jan 2010 00:33:32 +0000
9721,2010-07,Mon 12 Jul 2010 18:01:06 +0000
5910,2010-01,Fri 08 Jan 2010 11:33:36 +0000
6574,2010-02,Wed 10 Feb 2010 17:47:23 +0000
9560,2010-07,Tue 06 Jul 2010 13:57:59 +0000
10959,2010-09,Thu 02 Sep 2010 14:23:30 +0000
8678,2010-05,Thu 27 May 2010 15:30:13 +0000
8930,2010-06,Tue 08 Jun 2010 10:49:44 +0000
13195,2010-12,Wed 15 Dec 2010 16:40:08 +0000
10652,2010-08,Sat 21 Aug 2010 02:04:54 +0000
7931,2010-04,Fri 23 Apr 2010 12:50:28 +0000
5986,2010-01,Mon 11 Jan 2010 23:51:04 +0000
8063,2010-04,Fri 30 Apr 2010 23:03:14 +0000
11136,2010-09,Thu 09 Sep 2010 21:04:59 +0000
6585,2010-02,Wed 10 Feb 2010 23:32:00 +0000
7301,2010-03,Mon 22 Mar 2010 19:26:13 +0000
6944,2010-03,Tue 02 Mar 2010 18:29:23 +0000
5933,2010-01,Sat 09 Jan 2010 15:50:16 +0000
10754,2010-08,Wed 25 Aug 2010 03:56:36 +0000
6006,2010-01,Tue 12 Jan 2010 21:45:09 +0000
9072,2010-06,Mon 14 Jun 2010 19:31:17 +0000
8020,2010-04,Wed 28 Apr 2010 16:34:44 +0000
7977,2010-04,Mon 26 Apr 2010 17:58:45 +0000
8248,2010-05,Mon 10 May 2010 18:43:53 +0000
8467,2010-05,Sat 22 May 2010 09:28:17 +0000
7122,2010-03,Fri 12 Mar 2010 10:49:37 +0000
9541,2010-07,Mon 05 Jul 2010 21:16:08 +0000
6538,2010-02,Mon 08 Feb 2010 21:55:30 +0000
7855,2010-04,Tue 20 Apr 2010 05:30:22 +0000
11659,2010-10,Sun 03 Oct 2010 15:01:21 +0000
6103,2010-01,Sun 17 Jan 2010 09:24:11 +0000
8924,2010-06,Tue 08 Jun 2010 05:53:16 +0000
13350,2010-12,Wed 22 Dec 2010 05:07:09 +0000
7508,2010-04,Fri 02 Apr 2010 19:05:33 +0000
6265,2010-01,Tue 26 Jan 2010 05:45:12 +0000
7269,2010-03,Sun 21 Mar 2010 11:58:59 +0000
8224,2010-05,Sat 08 May 2010 19:40:08 +0000
9038,2010-06,Sat 12 Jun 2010 19:25:49 +0000
11410,2010-09,Wed 22 Sep 2010 20:38:02 +0000
7531,2010-04,Mon 05 Apr 2010 01:26:16 +0000
9706,2010-07,Mon 12 Jul 2010 10:54:31 +0000
6090,2010-01,Sat 16 Jan 2010 16:31:10 +0000
5833,2010-01,Tue 05 Jan 2010 17:25:14 +0000
10452,2010-08,Mon 16 Aug 2010 02:18:21 +0000
10276,2010-08,Sat 07 Aug 2010 15:34:02 +0000
10610,2010-08,Fri 20 Aug 2010 05:27:14 +0000
6130,2010-01,Mon 18 Jan 2010 23:57:56 +0000
13320,2010-12,Tue 21 Dec 2010 10:42:12 +0000
11647,2010-10,Sat 02 Oct 2010 15:58:56 +0000
5825,2010-01,Tue 05 Jan 2010 15:00:55 +0000
12081,2010-10,Fri 22 Oct 2010 12:21:28 +0000
6966,2010-03,Wed 03 Mar 2010 21:07:44 +0000
6038,2010-01,Thu 14 Jan 2010 14:06:06 +0000
11177,2010-09,Sun 12 Sep 2010 15:53:33 +0000
7209,2010-03,Wed 17 Mar 2010 11:17:07 +0000
6506,2010-02,Sat 06 Feb 2010 11:37:12 +0000
6126,2010-01,Mon 18 Jan 2010 22:12:24 +0000
7791,2010-04,Fri 16 Apr 2010 21:22:29 +0000
5818,2010-01,Tue 05 Jan 2010 00:29:28 +0000
7651,2010-04,Fri 09 Apr 2010 22:01:12 +0000
8167,2010-05,Wed 05 May 2010 13:33:46 +0000
10415,2010-08,Sat 14 Aug 2010 03:32:59 +0000
6484,2010-02,Fri 05 Feb 2010 12:07:48 +0000
9979,2010-07,Fri 23 Jul 2010 21:30:54 +0000
6397,2010-02,Mon 01 Feb 2010 23:26:25 +0000
12355,2010-11,Thu 04 Nov 2010 07:55:27 +0000
6705,2010-02,Wed 17 Feb 2010 19:24:07 +0000
9006,2010-06,Fri 11 Jun 2010 03:04:38 +0000
13343,2010-12,Wed 22 Dec 2010 04:08:08 +0000
5911,2010-01,Fri 08 Jan 2010 12:45:26 +0000
9852,2010-07,Sat 17 Jul 2010 15:41:40 +0000
10960,2010-09,Thu 02 Sep 2010 14:32:00 +0000
6594,2010-02,Thu 11 Feb 2010 10:53:44 +0000
5963,2010-01,Mon 11 Jan 2010 00:38:08 +0000
7625,2010-04,Thu 08 Apr 2010 17:08:51 +0000
7071,2010-03,Wed 10 Mar 2010 04:12:59 +0000
9534,2010-07,Mon 05 Jul 2010 13:31:47 +0000
9595,2010-07,Wed 07 Jul 2010 19:00:35 +0000
10909,2010-08,Wed 01 Sep 2010 03:15:07 +0000
13354,2010-12,Wed 22 Dec 2010 05:22:51 +0000
8430,2010-05,Thu 20 May 2010 23:21:52 +0000
10186,2010-08,Wed 04 Aug 2010 07:38:45 +0000
8418,2010-05,Thu 20 May 2010 14:33:34 +0000
9999,2010-07,Sun 25 Jul 2010 21:43:13 +0000
7851,2010-04,Tue 20 Apr 2010 02:37:11 +0000
7231,2010-03,Thu 18 Mar 2010 11:37:58 +0000
9076,2010-06,Mon 14 Jun 2010 20:55:51 +0000
8553,2010-05,Mon 24 May 2010 17:12:31 +0000
10455,2010-08,Mon 16 Aug 2010 04:18:22 +0000
6745,2010-02,Sat 20 Feb 2010 12:44:41 +0000
5832,2010-01,Tue 05 Jan 2010 17:22:53 +0000
11614,2010-09,Fri 01 Oct 2010 02:55:06 +0000
13330,2010-12,Tue 21 Dec 2010 20:51:23 +0000
13198,2010-12,Wed 15 Dec 2010 16:49:18 +0000
7246,2010-03,Fri 19 Mar 2010 06:25:53 +0000
10773,2010-08,Wed 25 Aug 2010 15:26:14 +0000
8341,2010-05,Fri 14 May 2010 23:11:59 +0000
6924,2010-03,Mon 01 Mar 2010 21:06:22 +0000
5752,2010-01,Sat 02 Jan 2010 03:18:11 +0000
6616,2010-02,Fri 12 Feb 2010 15:13:07 +0000
11514,2010-09,Mon 27 Sep 2010 16:51:15 +0000
10985,2010-09,Fri 03 Sep 2010 15:25:45 +0000
13266,2010-12,Sun 19 Dec 2010 11:21:32 +0000
7541,2010-04,Mon 05 Apr 2010 14:32:08 +0000
12857,2010-11,Tue 30 Nov 2010 05:36:32 +0000
11411,2010-09,Wed 22 Sep 2010 21:58:21 +0000
7507,2010-04,Fri 02 Apr 2010 19:01:50 +0000
10002,2010-07,Mon 26 Jul 2010 00:40:16 +0000
12289,2010-11,Mon 01 Nov 2010 14:30:59 +0000
9203,2010-06,Sat 19 Jun 2010 21:22:26 +0000
12625,2010-11,Thu 18 Nov 2010 15:00:05 +0000
6828,2010-02,Wed 24 Feb 2010 14:55:04 +0000
9121,2010-06,Wed 16 Jun 2010 12:48:35 +0000
6141,2010-01,Tue 19 Jan 2010 18:13:31 +0000
8651,2010-05,Wed 26 May 2010 23:34:09 +0000
10849,2010-08,Sat 28 Aug 2010 18:22:56 +0000
6962,2010-03,Wed 03 Mar 2010 16:47:25 +0000
6213,2010-01,Sat 23 Jan 2010 00:23:19 +0000
9950,2010-07,Thu 22 Jul 2010 16:25:57 +0000
13359,2010-12,Wed 22 Dec 2010 07:20:54 +0000
6037,2010-01,Thu 14 Jan 2010 13:54:14 +0000
8677,2010-05,Thu 27 May 2010 14:57:43 +0000
10881,2010-08,Mon 30 Aug 2010 17:07:01 +0000
10315,2010-08,Mon 09 Aug 2010 23:20:38 +0000
8698,2010-05,Fri 28 May 2010 07:28:42 +0000
6275,2010-01,Tue 26 Jan 2010 16:34:09 +0000
8326,2010-05,Fri 14 May 2010 03:38:44 +0000
5868,2010-01,Wed 06 Jan 2010 21:14:20 +0000
9988,2010-07,Sun 25 Jul 2010 08:50:54 +0000
8124,2010-05,Mon 03 May 2010 20:37:54 +0000
8613,2010-05,Wed 26 May 2010 09:06:39 +0000
12667,2010-11,Sat 20 Nov 2010 12:01:20 +0000
9071,2010-06,Mon 14 Jun 2010 19:29:26 +0000
6313,2010-01,Wed 27 Jan 2010 19:59:22 +0000
6849,2010-02,Thu 25 Feb 2010 05:19:31 +0000
10476,2010-08,Mon 16 Aug 2010 16:46:51 +0000
10560,2010-08,Wed 18 Aug 2010 16:09:24 +0000
7115,2010-03,Fri 12 Mar 2010 01:23:14 +0000
13211,2010-12,Thu 16 Dec 2010 08:37:39 +0000
11558,2010-09,Wed 29 Sep 2010 03:32:53 +0000
9865,2010-07,Sun 18 Jul 2010 21:57:15 +0000
10727,2010-08,Tue 24 Aug 2010 05:24:50 +0000
6521,2010-02,Sun 07 Feb 2010 16:33:50 +0000
9017,2010-06,Fri 11 Jun 2010 10:36:08 +0000
7091,2010-03,Wed 10 Mar 2010 18:49:19 +0000
11196,2010-09,Mon 13 Sep 2010 16:28:27 +0000
8196,2010-05,Thu 06 May 2010 20:37:10 +0000
10483,2010-08,Mon 16 Aug 2010 18:32:53 +0000
5915,2010-01,Fri 08 Jan 2010 17:11:27 +0000
6154,2010-01,Wed 20 Jan 2010 12:17:23 +0000
10973,2010-09,Fri 03 Sep 2010 00:20:02 +0000
12880,2010-11,Wed 01 Dec 2010 05:12:23 +0000
13418,2010-12,Sun 26 Dec 2010 06:32:34 +0000
6876,2010-02,Fri 26 Feb 2010 08:04:48 +0000
7323,2010-03,Tue 23 Mar 2010 16:50:06 +0000
7465,2010-03,Wed 31 Mar 2010 05:56:48 +0000
10630,2010-08,Fri 20 Aug 2010 13:02:20 +0000
9630,2010-07,Thu 08 Jul 2010 23:20:55 +0000
7408,2010-03,Sun 28 Mar 2010 01:26:00 +0000
7598,2010-04,Thu 08 Apr 2010 00:26:08 +0000
13235,2010-12,Fri 17 Dec 2010 03:23:27 +0000
6007,2010-01,Tue 12 Jan 2010 21:45:13 +0000
11086,2010-09,Wed 08 Sep 2010 00:34:20 +0000
7776,2010-04,Fri 16 Apr 2010 08:29:43 +0000
12781,2010-11,Fri 26 Nov 2010 00:41:08 +0000
6583,2010-02,Wed 10 Feb 2010 22:34:53 +0000
10746,2010-08,Tue 24 Aug 2010 17:53:47 +0000
5893,2010-01,Thu 07 Jan 2010 19:22:33 +0000
8680,2010-05,Thu 27 May 2010 16:23:33 +0000
8792,2010-06,Wed 02 Jun 2010 02:56:00 +0000
6642,2010-02,Sun 14 Feb 2010 01:39:44 +0000
10075,2010-07,Thu 29 Jul 2010 14:27:34 +0000
6008,2010-01,Tue 12 Jan 2010 21:50:35 +0000
6987,2010-03,Thu 04 Mar 2010 20:58:17 +0000
8642,2010-05,Wed 26 May 2010 18:25:32 +0000
7557,2010-04,Tue 06 Apr 2010 03:51:42 +0000
6588,2010-02,Thu 11 Feb 2010 05:19:03 +0000
11011,2010-09,Sun 05 Sep 2010 15:28:54 +0000
6706,2010-02,Wed 17 Feb 2010 20:20:47 +0000
7694,2010-04,Tue 13 Apr 2010 16:22:04 +0000
7600,2010-04,Thu 08 Apr 2010 00:53:51 +0000
11079,2010-09,Tue 07 Sep 2010 18:25:49 +0000
10642,2010-08,Fri 20 Aug 2010 20:08:59 +0000
6269,2010-01,Tue 26 Jan 2010 09:55:17 +0000
8599,2010-05,Tue 25 May 2010 22:09:56 +0000
13190,2010-12,Wed 15 Dec 2010 07:09:51 +0000
6888,2010-02,Fri 26 Feb 2010 22:48:33 +0000
5995,2010-01,Tue 12 Jan 2010 12:05:44 +0000
10842,2010-08,Sat 28 Aug 2010 09:02:20 +0000
8461,2010-05,Fri 21 May 2010 21:12:43 +0000
9896,2010-07,Tue 20 Jul 2010 02:13:36 +0000
7234,2010-03,Thu 18 Mar 2010 15:52:05 +0000
7722,2010-04,Wed 14 Apr 2010 18:43:22 +0000
10790,2010-08,Thu 26 Aug 2010 05:44:29 +0000
9131,2010-06,Wed 16 Jun 2010 21:29:49 +0000
5902,2010-01,Fri 08 Jan 2010 00:27:17 +0000
10571,2010-08,Thu 19 Aug 2010 04:13:19 +0000
10983,2010-09,Fri 03 Sep 2010 15:00:42 +0000
8417,2010-05,Thu 20 May 2010 14:33:22 +0000
11761,2010-10,Fri 08 Oct 2010 05:03:53 +0000
6111,2010-01,Mon 18 Jan 2010 00:47:17 +0000
8656,2010-05,Thu 27 May 2010 02:58:30 +0000
10628,2010-08,Fri 20 Aug 2010 11:45:36 +0000
9365,2010-06,Sun 27 Jun 2010 21:52:50 +0000
10591,2010-08,Thu 19 Aug 2010 17:08:21 +0000
7941,2010-04,Fri 23 Apr 2010 23:18:40 +0000
7480,2010-03,Wed 31 Mar 2010 20:43:52 +0000
5837,2010-01,Tue 05 Jan 2010 18:59:36 +0000
8761,2010-05,Mon 31 May 2010 16:12:17 +0000
9005,2010-06,Fri 11 Jun 2010 03:04:29 +0000
9165,2010-06,Thu 17 Jun 2010 21:04:28 +0000
7430,2010-03,Mon 29 Mar 2010 11:59:17 +0000
10379,2010-08,Thu 12 Aug 2010 15:17:53 +0000
7539,2010-04,Mon 05 Apr 2010 12:38:06 +0000
9389,2010-06,Tue 29 Jun 2010 00:47:35 +0000
6418,2010-02,Wed 03 Feb 2010 01:36:44 +0000
10470,2010-08,Mon 16 Aug 2010 14:26:25 +0000
9026,2010-06,Fri 11 Jun 2010 22:19:55 +0000
7626,2010-04,Thu 08 Apr 2010 18:27:42 +0000
13348,2010-12,Wed 22 Dec 2010 05:01:16 +0000
7103,2010-03,Thu 11 Mar 2010 02:21:22 +0000
6767,2010-02,Mon 22 Feb 2010 02:39:47 +0000
7072,2010-03,Wed 10 Mar 2010 06:51:57 +0000
12620,2010-11,Thu 18 Nov 2010 13:31:33 +0000
11581,2010-09,Wed 29 Sep 2010 19:27:50 +0000
7567,2010-04,Tue 06 Apr 2010 15:36:58 +0000
8770,2010-05,Tue 01 Jun 2010 03:37:50 +0000
11713,2010-10,Tue 05 Oct 2010 22:11:06 +0000
8140,2010-05,Tue 04 May 2010 12:50:44 +0000
13405,2010-12,Fri 24 Dec 2010 16:45:45 +0000
8581,2010-05,Tue 25 May 2010 13:43:40 +0000
13345,2010-12,Wed 22 Dec 2010 04:24:39 +0000
8059,2010-04,Fri 30 Apr 2010 20:12:30 +0000
7233,2010-03,Thu 18 Mar 2010 15:23:02 +0000
7438,2010-03,Mon 29 Mar 2010 20:11:20 +0000
6663,2010-02,Mon 15 Feb 2010 15:37:59 +0000
7245,2010-03,Fri 19 Mar 2010 01:31:23 +0000
11284,2010-09,Thu 16 Sep 2010 19:19:19 +0000
10305,2010-08,Mon 09 Aug 2010 16:57:15 +0000
11760,2010-10,Fri 08 Oct 2010 05:03:49 +0000
11546,2010-09,Tue 28 Sep 2010 17:25:15 +0000
9070,2010-06,Mon 14 Jun 2010 18:48:36 +0000
8943,2010-06,Tue 08 Jun 2010 18:29:53 +0000
7599,2010-04,Thu 08 Apr 2010 00:51:19 +0000
7938,2010-04,Fri 23 Apr 2010 20:23:31 +0000
6721,2010-02,Thu 18 Feb 2010 21:20:47 +0000
6445,2010-02,Thu 04 Feb 2010 01:46:38 +0000
12286,2010-11,Mon 01 Nov 2010 12:49:45 +0000
6437,2010-02,Wed 03 Feb 2010 21:25:32 +0000
7506,2010-04,Fri 02 Apr 2010 19:00:43 +0000
6899,2010-02,Sun 28 Feb 2010 01:57:05 +0000
6263,2010-01,Tue 26 Jan 2010 02:54:06 +0000
13128,2010-12,Sun 12 Dec 2010 09:24:57 +0000
8652,2010-05,Wed 26 May 2010 23:34:18 +0000
10411,2010-08,Fri 13 Aug 2010 19:46:21 +0000
6188,2010-01,Thu 21 Jan 2010 21:51:39 +0000
7177,2010-03,Tue 16 Mar 2010 04:01:48 +0000
13321,2010-12,Tue 21 Dec 2010 10:47:52 +0000
7172,2010-03,Mon 15 Mar 2010 17:34:38 +0000
5896,2010-01,Thu 07 Jan 2010 22:00:09 +0000
10555,2010-08,Wed 18 Aug 2010 15:05:37 +0000
10650,2010-08,Sat 21 Aug 2010 00:10:02 +0000
6380,2010-02,Mon 01 Feb 2010 09:35:21 +0000
8586,2010-05,Tue 25 May 2010 15:29:47 +0000
13272,2010-12,Sun 19 Dec 2010 20:05:27 +0000
11154,2010-09,Fri 10 Sep 2010 19:15:53 +0000
6757,2010-02,Sun 21 Feb 2010 13:22:00 +0000
10711,2010-08,Mon 23 Aug 2010 19:15:21 +0000
12633,2010-11,Thu 18 Nov 2010 17:56:30 +0000
8985,2010-06,Thu 10 Jun 2010 02:21:11 +0000
5792,2010-01,Sun 03 Jan 2010 20:13:36 +0000
10984,2010-09,Fri 03 Sep 2010 15:00:47 +0000
11896,2010-10,Fri 15 Oct 2010 17:36:09 +0000
12377,2010-11,Fri 05 Nov 2010 10:29:36 +0000
13267,2010-12,Sun 19 Dec 2010 12:54:11 +0000
6804,2010-02,Tue 23 Feb 2010 16:24:30 +0000
6476,2010-02,Fri 05 Feb 2010 07:14:21 +0000
7678,2010-04,Mon 12 Apr 2010 14:19:47 +0000
12087,2010-10,Fri 22 Oct 2010 17:00:33 +0000
13197,2010-12,Wed 15 Dec 2010 16:46:27 +0000
10720,2010-08,Mon 23 Aug 2010 23:57:32 +0000
8032,2010-04,Thu 29 Apr 2010 12:35:24 +0000
7325,2010-03,Tue 23 Mar 2010 17:37:20 +0000
10861,2010-08,Sun 29 Aug 2010 16:29:57 +0000
7660,2010-04,Sun 11 Apr 2010 03:19:05 +0000
11906,2010-10,Sat 16 Oct 2010 01:58:05 +0000
5876,2010-01,Thu 07 Jan 2010 02:13:12 +0000
10611,2010-08,Fri 20 Aug 2010 06:30:26 +0000
11540,2010-09,Tue 28 Sep 2010 15:22:29 +0000
9223,2010-06,Mon 21 Jun 2010 05:03:47 +0000
6017,2010-01,Wed 13 Jan 2010 02:29:05 +0000
5760,2010-01,Sat 02 Jan 2010 23:07:26 +0000
6874,2010-02,Fri 26 Feb 2010 04:07:17 +0000
9849,2010-07,Sat 17 Jul 2010 13:23:52 +0000
7501,2010-04,Fri 02 Apr 2010 08:33:29 +0000
7685,2010-04,Mon 12 Apr 2010 21:16:27 +0000
5756,2010-01,Sat 02 Jan 2010 16:58:38 +0000
9657,2010-07,Fri 09 Jul 2010 19:04:28 +0000
7129,2010-03,Fri 12 Mar 2010 21:25:51 +0000
9928,2010-07,Wed 21 Jul 2010 18:38:15 +0000
13352,2010-12,Wed 22 Dec 2010 05:10:13 +0000
10765,2010-08,Wed 25 Aug 2010 10:08:07 +0000
7951,2010-04,Sun 25 Apr 2010 05:03:32 +0000
10702,2010-08,Mon 23 Aug 2010 14:46:07 +0000
5890,2010-01,Thu 07 Jan 2010 16:08:56 +0000
7558,2010-04,Tue 06 Apr 2010 04:52:13 +0000
6557,2010-02,Wed 10 Feb 2010 00:07:44 +0000
7181,2010-03,Tue 16 Mar 2010 05:42:15 +0000
13384,2010-12,Thu 23 Dec 2010 10:58:23 +0000
7002,2010-03,Fri 05 Mar 2010 23:55:29 +0000
7242,2010-03,Thu 18 Mar 2010 18:48:40 +0000
7710,2010-04,Wed 14 Apr 2010 06:02:32 +0000
11100,2010-09,Wed 08 Sep 2010 12:00:27 +0000
11148,2010-09,Fri 10 Sep 2010 13:03:28 +0000
12370,2010-11,Thu 04 Nov 2010 22:47:30 +0000
6147,2010-01,Wed 20 Jan 2010 05:51:58 +0000
6071,2010-01,Fri 15 Jan 2010 19:16:59 +0000
7180,2010-03,Tue 16 Mar 2010 05:24:22 +0000
6031,2010-01,Thu 14 Jan 2010 05:14:46 +0000
6750,2010-02,Sat 20 Feb 2010 19:14:53 +0000
13200,2010-12,Wed 15 Dec 2010 19:08:20 +0000
5750,2010-01,Fri 01 Jan 2010 23:12:35 +0000
11854,2010-10,Wed 13 Oct 2010 08:57:08 +0000
7877,2010-04,Wed 21 Apr 2010 03:59:29 +0000
8138,2010-05,Tue 04 May 2010 04:35:04 +0000
8141,2010-05,Tue 04 May 2010 13:25:18 +0000
9372,2010-06,Mon 28 Jun 2010 08:46:01 +0000
12481,2010-11,Wed 10 Nov 2010 18:52:04 +0000
11286,2010-09,Thu 16 Sep 2010 20:13:22 +0000
12621,2010-11,Thu 18 Nov 2010 13:45:37 +0000
11871,2010-10,Thu 14 Oct 2010 09:27:39 +0000
13365,2010-12,Wed 22 Dec 2010 12:13:55 +0000
7498,2010-04,Thu 01 Apr 2010 23:16:05 +0000
6106,2010-01,Sun 17 Jan 2010 16:38:55 +0000
9969,2010-07,Fri 23 Jul 2010 09:18:58 +0000
11609,2010-09,Fri 01 Oct 2010 00:30:51 +0000
9142,2010-06,Thu 17 Jun 2010 05:18:34 +0000
13226,2010-12,Thu 16 Dec 2010 21:13:47 +0000
6193,2010-01,Thu 21 Jan 2010 23:26:48 +0000
10714,2010-08,Mon 23 Aug 2010 21:17:20 +0000
7760,2010-04,Thu 15 Apr 2010 18:07:40 +0000
9084,2010-06,Tue 15 Jun 2010 01:41:07 +0000
6457,2010-02,Thu 04 Feb 2010 14:22:20 +0000
13094,2010-12,Fri 10 Dec 2010 22:20:33 +0000
11110,2010-09,Wed 08 Sep 2010 20:24:39 +0000
7517,2010-04,Sat 03 Apr 2010 04:46:31 +0000
7872,2010-04,Tue 20 Apr 2010 19:47:59 +0000
8971,2010-06,Wed 09 Jun 2010 12:48:42 +0000
8238,2010-05,Mon 10 May 2010 00:16:23 +0000
12530,2010-11,Fri 12 Nov 2010 22:43:14 +0000
13356,2010-12,Wed 22 Dec 2010 05:55:21 +0000
5852,2010-01,Wed 06 Jan 2010 14:00:07 +0000
8256,2010-05,Tue 11 May 2010 00:02:56 +0000
11321,2010-09,Fri 17 Sep 2010 16:18:36 +0000
6964,2010-03,Wed 03 Mar 2010 19:13:29 +0000
13322,2010-12,Tue 21 Dec 2010 10:48:22 +0000
7467,2010-03,Wed 31 Mar 2010 06:22:36 +0000
13346,2010-12,Wed 22 Dec 2010 04:53:41 +0000
6833,2010-02,Wed 24 Feb 2010 17:55:25 +0000
9289,2010-06,Wed 23 Jun 2010 22:31:56 +0000
13511,2010-12,Wed 29 Dec 2010 18:19:41 +0000
10034,2010-07,Tue 27 Jul 2010 13:59:31 +0000
5835,2010-01,Tue 05 Jan 2010 17:36:38 +0000
7903,2010-04,Wed 21 Apr 2010 22:35:32 +0000
7731,2010-04,Wed 14 Apr 2010 22:38:55 +0000
6121,2010-01,Mon 18 Jan 2010 19:32:00 +0000
8388,2010-05,Tue 18 May 2010 19:46:05 +0000
7509,2010-04,Fri 02 Apr 2010 19:05:33 +0000
9738,2010-07,Tue 13 Jul 2010 09:37:32 +0000
8210,2010-05,Fri 07 May 2010 11:41:28 +0000
6005,2010-01,Tue 12 Jan 2010 21:41:14 +0000
7771,2010-04,Fri 16 Apr 2010 04:38:13 +0000
5793,2010-01,Sun 03 Jan 2010 20:17:47 +0000
5839,2010-01,Tue 05 Jan 2010 19:48:27 +0000
6143,2010-01,Tue 19 Jan 2010 18:31:07 +0000
10413,2010-08,Fri 13 Aug 2010 22:53:24 +0000
8869,2010-06,Sun 06 Jun 2010 00:38:29 +0000
6128,2010-01,Mon 18 Jan 2010 22:24:00 +0000
6896,2010-02,Sat 27 Feb 2010 15:03:57 +0000
12094,2010-10,Sat 23 Oct 2010 09:30:42 +0000
5978,2010-01,Mon 11 Jan 2010 17:22:13 +0000
7668,2010-04,Mon 12 Apr 2010 01:15:05 +0000
6277,2010-01,Tue 26 Jan 2010 17:06:23 +0000
8864,2010-06,Sat 05 Jun 2010 14:41:38 +0000
8416,2010-05,Thu 20 May 2010 14:33:05 +0000
8615,2010-05,Wed 26 May 2010 11:30:06 +0000
8348,2010-05,Sat 15 May 2010 17:20:44 +0000
6353,2010-01,Fri 29 Jan 2010 20:41:11 +0000
5926,2010-01,Sat 09 Jan 2010 05:13:39 +0000
7797,2010-04,Sat 17 Apr 2010 08:50:12 +0000
7607,2010-04,Thu 08 Apr 2010 04:42:52 +0000
17773,2011-06,Sun 19 Jun 2011 00:23:35 +0000
14880,2011-02,Sun 20 Feb 2011 22:26:07 +0000
19986,2011-09,Mon 12 Sep 2011 15:56:28 +0000
20189,2011-09,Tue 20 Sep 2011 07:23:59 +0000
16245,2011-04,Wed 20 Apr 2011 05:48:20 +0000
18185,2011-07,Fri 01 Jul 2011 19:28:57 +0000
19544,2011-08,Thu 25 Aug 2011 12:51:02 +0000
13971,2011-01,Thu 13 Jan 2011 12:42:23 +0000
15918,2011-04,Fri 01 Apr 2011 18:44:01 +0000
18898,2011-07,Thu 28 Jul 2011 23:16:24 +0000
20022,2011-09,Tue 13 Sep 2011 20:05:36 +0000
17045,2011-05,Sat 21 May 2011 21:18:09 +0000
18552,2011-07,Fri 15 Jul 2011 12:59:07 +0000
18544,2011-07,Fri 15 Jul 2011 07:04:29 +0000
19617,2011-08,Fri 26 Aug 2011 23:34:41 +0000
18188,2011-07,Fri 01 Jul 2011 20:31:38 +0000
18543,2011-07,Fri 15 Jul 2011 03:31:24 +0000
15317,2011-03,Tue 08 Mar 2011 05:24:10 +0000
17611,2011-06,Mon 13 Jun 2011 10:30:49 +0000
13706,2011-01,Wed 05 Jan 2011 08:33:21 +0000
15385,2011-03,Thu 10 Mar 2011 08:05:48 +0000
18669,2011-07,Wed 20 Jul 2011 06:35:19 +0000
13815,2011-01,Fri 07 Jan 2011 19:25:58 +0000
18538,2011-07,Thu 14 Jul 2011 22:48:00 +0000
16955,2011-05,Wed 18 May 2011 16:15:09 +0000
17087,2011-05,Mon 23 May 2011 21:26:55 +0000
20052,2011-09,Thu 15 Sep 2011 01:28:52 +0000
18462,2011-07,Tue 12 Jul 2011 20:38:24 +0000
14964,2011-02,Wed 23 Feb 2011 19:26:05 +0000
18387,2011-07,Mon 11 Jul 2011 01:33:29 +0000
19271,2011-08,Mon 15 Aug 2011 18:14:19 +0000
18787,2011-07,Mon 25 Jul 2011 13:52:03 +0000
20102,2011-09,Sat 17 Sep 2011 08:08:25 +0000
17888,2011-06,Wed 22 Jun 2011 20:27:03 +0000
15413,2011-03,Fri 11 Mar 2011 00:24:43 +0000
18356,2011-07,Sat 09 Jul 2011 10:56:02 +0000
15595,2011-03,Fri 18 Mar 2011 06:21:49 +0000
17829,2011-06,Mon 20 Jun 2011 21:40:46 +0000
15250,2011-03,Fri 04 Mar 2011 23:48:40 +0000
15140,2011-03,Tue 01 Mar 2011 20:39:27 +0000
14483,2011-02,Wed 02 Feb 2011 15:34:23 +0000
15575,2011-03,Thu 17 Mar 2011 16:12:57 +0000
18406,2011-07,Mon 11 Jul 2011 12:24:23 +0000
15431,2011-03,Fri 11 Mar 2011 14:19:43 +0000
14247,2011-01,Sun 23 Jan 2011 19:36:03 +0000
16801,2011-05,Fri 13 May 2011 08:54:17 +0000
18283,2011-07,Thu 07 Jul 2011 04:31:43 +0000
15643,2011-03,Mon 21 Mar 2011 09:10:30 +0000
18599,2011-07,Sun 17 Jul 2011 04:08:36 +0000
15981,2011-04,Wed 06 Apr 2011 03:43:34 +0000
16380,2011-04,Wed 27 Apr 2011 00:25:13 +0000
18315,2011-07,Thu 07 Jul 2011 18:21:05 +0000
18033,2011-06,Tue 28 Jun 2011 02:06:15 +0000
16249,2011-04,Wed 20 Apr 2011 11:44:45 +0000
15778,2011-03,Mon 28 Mar 2011 06:08:05 +0000
17391,2011-06,Sun 05 Jun 2011 02:41:11 +0000
16937,2011-05,Wed 18 May 2011 02:15:18 +0000
15259,2011-03,Sat 05 Mar 2011 01:22:56 +0000
17499,2011-06,Wed 08 Jun 2011 17:14:13 +0000
19971,2011-09,Mon 12 Sep 2011 01:13:38 +0000
18115,2011-06,Thu 30 Jun 2011 02:49:52 +0000
15139,2011-03,Tue 01 Mar 2011 20:39:26 +0000
18068,2011-06,Tue 28 Jun 2011 16:59:46 +0000
20209,2011-09,Wed 21 Sep 2011 03:36:06 +0000
16643,2011-05,Fri 06 May 2011 21:21:32 +0000
16863,2011-05,Mon 16 May 2011 02:31:50 +0000
15844,2011-03,Tue 29 Mar 2011 23:30:53 +0000
15626,2011-03,Sun 20 Mar 2011 07:33:32 +0000
15604,2011-03,Fri 18 Mar 2011 14:34:50 +0000
16617,2011-05,Thu 05 May 2011 21:20:45 +0000
19350,2011-08,Thu 18 Aug 2011 06:55:22 +0000
16364,2011-04,Tue 26 Apr 2011 00:53:05 +0000
15117,2011-02,Mon 28 Feb 2011 23:38:34 +0000
17914,2011-06,Thu 23 Jun 2011 14:49:53 +0000
19263,2011-08,Mon 15 Aug 2011 12:27:17 +0000
20116,2011-09,Sun 18 Sep 2011 07:23:46 +0000
18756,2011-07,Sat 23 Jul 2011 13:55:04 +0000
17664,2011-06,Wed 15 Jun 2011 00:04:41 +0000
15376,2011-03,Thu 10 Mar 2011 00:45:11 +0000
19066,2011-08,Fri 05 Aug 2011 20:07:33 +0000
18035,2011-06,Tue 28 Jun 2011 02:14:36 +0000
15141,2011-03,Tue 01 Mar 2011 20:39:28 +0000
15253,2011-03,Fri 04 Mar 2011 23:48:42 +0000
19318,2011-08,Wed 17 Aug 2011 05:33:37 +0000
18446,2011-07,Tue 12 Jul 2011 13:12:01 +0000
16708,2011-05,Tue 10 May 2011 13:55:46 +0000
16884,2011-05,Mon 16 May 2011 12:33:43 +0000
16604,2011-05,Thu 05 May 2011 12:34:43 +0000
18526,2011-07,Thu 14 Jul 2011 15:04:57 +0000
16944,2011-05,Wed 18 May 2011 12:24:53 +0000
18409,2011-07,Mon 11 Jul 2011 13:17:04 +0000
17513,2011-06,Thu 09 Jun 2011 04:29:28 +0000
14438,2011-01,Mon 31 Jan 2011 23:23:39 +0000
18349,2011-07,Sat 09 Jul 2011 01:38:40 +0000
20112,2011-09,Sun 18 Sep 2011 07:20:37 +0000
18739,2011-07,Fri 22 Jul 2011 17:53:48 +0000
18174,2011-07,Fri 01 Jul 2011 13:33:02 +0000
20117,2011-09,Sun 18 Sep 2011 07:24:04 +0000
15649,2011-03,Mon 21 Mar 2011 17:10:52 +0000
15435,2011-03,Fri 11 Mar 2011 14:59:21 +0000
16634,2011-05,Fri 06 May 2011 13:29:41 +0000
16025,2011-04,Thu 07 Apr 2011 22:35:39 +0000
14179,2011-01,Thu 20 Jan 2011 17:21:33 +0000
19258,2011-08,Mon 15 Aug 2011 10:26:53 +0000
16192,2011-04,Sun 17 Apr 2011 14:09:09 +0000
13602,2011-01,Sun 02 Jan 2011 04:29:03 +0000
13857,2011-01,Sun 09 Jan 2011 00:55:21 +0000
14330,2011-01,Wed 26 Jan 2011 18:04:55 +0000
19758,2011-09,Thu 01 Sep 2011 19:49:46 +0000
16686,2011-05,Mon 09 May 2011 10:02:44 +0000
18910,2011-07,Fri 29 Jul 2011 11:05:46 +0000
19122,2011-08,Tue 09 Aug 2011 01:17:25 +0000
16261,2011-04,Wed 20 Apr 2011 17:49:45 +0000
13709,2011-01,Wed 05 Jan 2011 09:40:58 +0000
16667,2011-05,Sun 08 May 2011 17:15:19 +0000
16186,2011-04,Sat 16 Apr 2011 09:50:24 +0000
18614,2011-07,Mon 18 Jul 2011 02:02:31 +0000
17691,2011-06,Wed 15 Jun 2011 22:46:33 +0000
15775,2011-03,Mon 28 Mar 2011 02:10:57 +0000
15202,2011-03,Thu 03 Mar 2011 20:33:48 +0000
20213,2011-09,Wed 21 Sep 2011 05:33:45 +0000
19559,2011-08,Thu 25 Aug 2011 17:59:54 +0000
15914,2011-04,Fri 01 Apr 2011 15:46:30 +0000
16066,2011-04,Sun 10 Apr 2011 10:31:10 +0000
17260,2011-05,Tue 31 May 2011 00:51:10 +0000
18384,2011-07,Mon 11 Jul 2011 01:13:23 +0000
17553,2011-06,Fri 10 Jun 2011 09:54:54 +0000
14645,2011-02,Thu 10 Feb 2011 10:49:06 +0000
16922,2011-05,Tue 17 May 2011 16:29:45 +0000
15958,2011-04,Mon 04 Apr 2011 09:20:01 +0000
19304,2011-08,Tue 16 Aug 2011 23:06:59 +0000
17697,2011-06,Thu 16 Jun 2011 03:03:03 +0000
16315,2011-04,Sat 23 Apr 2011 04:24:44 +0000
18605,2011-07,Sun 17 Jul 2011 12:12:43 +0000
16568,2011-05,Tue 03 May 2011 20:32:47 +0000
15583,2011-03,Fri 18 Mar 2011 03:03:10 +0000
15421,2011-03,Fri 11 Mar 2011 07:20:22 +0000
14754,2011-02,Tue 15 Feb 2011 17:07:34 +0000
18938,2011-07,Sun 31 Jul 2011 17:50:06 +0000
14301,2011-01,Tue 25 Jan 2011 18:26:04 +0000
15796,2011-03,Mon 28 Mar 2011 17:09:38 +0000
13754,2011-01,Thu 06 Jan 2011 05:25:06 +0000
17986,2011-06,Sun 26 Jun 2011 09:07:01 +0000
18431,2011-07,Tue 12 Jul 2011 03:26:45 +0000
16682,2011-05,Mon 09 May 2011 08:23:26 +0000
15386,2011-03,Thu 10 Mar 2011 08:20:28 +0000
20000,2011-09,Tue 13 Sep 2011 00:49:31 +0000
14492,2011-02,Wed 02 Feb 2011 22:42:44 +0000
18094,2011-06,Wed 29 Jun 2011 09:36:46 +0000
17593,2011-06,Sun 12 Jun 2011 18:17:50 +0000
19174,2011-08,Thu 11 Aug 2011 02:50:04 +0000
16400,2011-04,Wed 27 Apr 2011 18:54:58 +0000
18265,2011-07,Wed 06 Jul 2011 14:33:12 +0000
18248,2011-07,Tue 05 Jul 2011 12:06:36 +0000
16963,2011-05,Wed 18 May 2011 21:52:35 +0000
15697,2011-03,Thu 24 Mar 2011 08:34:10 +0000
16720,2011-05,Wed 11 May 2011 00:55:35 +0000
19180,2011-08,Thu 11 Aug 2011 07:13:02 +0000
18618,2011-07,Mon 18 Jul 2011 06:16:34 +0000
15295,2011-03,Mon 07 Mar 2011 03:30:07 +0000
19307,2011-08,Tue 16 Aug 2011 23:25:13 +0000
18915,2011-07,Fri 29 Jul 2011 20:20:13 +0000
18067,2011-06,Tue 28 Jun 2011 15:55:16 +0000
13679,2011-01,Tue 04 Jan 2011 17:15:45 +0000
16193,2011-04,Sun 17 Apr 2011 14:27:32 +0000
15108,2011-02,Mon 28 Feb 2011 16:36:50 +0000
18391,2011-07,Mon 11 Jul 2011 02:58:26 +0000
15995,2011-04,Wed 06 Apr 2011 19:53:21 +0000
15607,2011-03,Fri 18 Mar 2011 16:36:51 +0000
15894,2011-03,Thu 31 Mar 2011 21:20:43 +0000
13927,2011-01,Tue 11 Jan 2011 19:23:57 +0000
20053,2011-09,Thu 15 Sep 2011 01:43:12 +0000
18509,2011-07,Wed 13 Jul 2011 21:41:05 +0000
17537,2011-06,Thu 09 Jun 2011 19:13:54 +0000
15845,2011-03,Tue 29 Mar 2011 23:38:03 +0000
14862,2011-02,Sun 20 Feb 2011 00:55:52 +0000
18389,2011-07,Mon 11 Jul 2011 02:21:53 +0000
16836,2011-05,Sat 14 May 2011 16:00:43 +0000
15309,2011-03,Mon 07 Mar 2011 23:23:48 +0000
20113,2011-09,Sun 18 Sep 2011 07:21:05 +0000
15252,2011-03,Fri 04 Mar 2011 23:48:40 +0000
19269,2011-08,Mon 15 Aug 2011 16:13:42 +0000
16401,2011-04,Wed 27 Apr 2011 19:22:20 +0000
19940,2011-09,Fri 09 Sep 2011 18:20:15 +0000
15228,2011-03,Fri 04 Mar 2011 09:11:29 +0000
15753,2011-03,Sat 26 Mar 2011 18:41:04 +0000
17587,2011-06,Sun 12 Jun 2011 07:40:47 +0000
17565,2011-06,Fri 10 Jun 2011 18:56:04 +0000
17728,2011-06,Thu 16 Jun 2011 21:27:49 +0000
16269,2011-04,Wed 20 Apr 2011 23:14:17 +0000
20251,2011-09,Thu 22 Sep 2011 18:00:53 +0000
18398,2011-07,Mon 11 Jul 2011 09:33:47 +0000
16529,2011-05,Mon 02 May 2011 22:56:38 +0000
18451,2011-07,Tue 12 Jul 2011 15:08:54 +0000
20072,2011-09,Thu 15 Sep 2011 12:11:58 +0000
17848,2011-06,Tue 21 Jun 2011 13:42:38 +0000
16874,2011-05,Mon 16 May 2011 07:21:20 +0000
15047,2011-02,Sat 26 Feb 2011 07:51:51 +0000
18961,2011-08,Tue 02 Aug 2011 01:42:56 +0000
18862,2011-07,Wed 27 Jul 2011 16:29:53 +0000
18954,2011-08,Mon 01 Aug 2011 14:49:10 +0000
19056,2011-08,Fri 05 Aug 2011 10:07:25 +0000
19679,2011-08,Tue 30 Aug 2011 08:05:16 +0000
15667,2011-03,Tue 22 Mar 2011 18:17:19 +0000
18310,2011-07,Thu 07 Jul 2011 15:08:53 +0000
14698,2011-02,Sun 13 Feb 2011 01:16:19 +0000
15137,2011-03,Tue 01 Mar 2011 19:43:08 +0000
17779,2011-06,Sun 19 Jun 2011 07:23:39 +0000
18941,2011-07,Sun 31 Jul 2011 22:54:18 +0000
19179,2011-08,Thu 11 Aug 2011 06:14:48 +0000
16397,2011-04,Wed 27 Apr 2011 18:49:55 +0000
17772,2011-06,Sun 19 Jun 2011 00:22:14 +0000
19265,2011-08,Mon 15 Aug 2011 12:52:52 +0000
19490,2011-08,Wed 24 Aug 2011 00:22:43 +0000
18889,2011-07,Thu 28 Jul 2011 16:58:50 +0000
18350,2011-07,Sat 09 Jul 2011 02:49:09 +0000
13912,2011-01,Tue 11 Jan 2011 03:34:46 +0000
18951,2011-08,Mon 01 Aug 2011 13:02:47 +0000
16441,2011-04,Fri 29 Apr 2011 07:32:00 +0000
19936,2011-09,Fri 09 Sep 2011 17:09:52 +0000
19290,2011-08,Tue 16 Aug 2011 15:25:30 +0000
19724,2011-08,Wed 31 Aug 2011 22:40:47 +0000
18041,2011-06,Tue 28 Jun 2011 07:42:32 +0000
17679,2011-06,Wed 15 Jun 2011 18:03:22 +0000
15264,2011-03,Sat 05 Mar 2011 04:41:03 +0000
20118,2011-09,Sun 18 Sep 2011 07:26:40 +0000
15244,2011-03,Fri 04 Mar 2011 19:14:04 +0000
17043,2011-05,Sat 21 May 2011 17:57:35 +0000
15065,2011-02,Sat 26 Feb 2011 21:22:31 +0000
19370,2011-08,Fri 19 Aug 2011 00:56:03 +0000
15339,2011-03,Wed 09 Mar 2011 00:59:21 +0000
15702,2011-03,Thu 24 Mar 2011 14:36:15 +0000
19070,2011-08,Fri 05 Aug 2011 22:48:35 +0000
15451,2011-03,Sat 12 Mar 2011 05:50:26 +0000
15257,2011-03,Sat 05 Mar 2011 01:20:55 +0000
15365,2011-03,Wed 09 Mar 2011 18:20:21 +0000
16412,2011-04,Thu 28 Apr 2011 05:34:30 +0000
15144,2011-03,Wed 02 Mar 2011 01:55:46 +0000
19137,2011-08,Tue 09 Aug 2011 13:51:13 +0000
16346,2011-04,Sun 24 Apr 2011 21:01:35 +0000
14635,2011-02,Wed 09 Feb 2011 19:02:25 +0000
15270,2011-03,Sat 05 Mar 2011 13:36:41 +0000
16915,2011-05,Tue 17 May 2011 13:12:26 +0000
16317,2011-04,Sat 23 Apr 2011 04:53:06 +0000
17851,2011-06,Tue 21 Jun 2011 14:26:31 +0000
15249,2011-03,Fri 04 Mar 2011 23:45:04 +0000
17103,2011-05,Tue 24 May 2011 08:44:23 +0000
16975,2011-05,Thu 19 May 2011 05:26:43 +0000
16693,2011-05,Mon 09 May 2011 22:33:56 +0000
13653,2011-01,Mon 03 Jan 2011 21:23:01 +0000
15623,2011-03,Sun 20 Mar 2011 00:30:30 +0000
16330,2011-04,Sat 23 Apr 2011 21:29:09 +0000
15514,2011-03,Tue 15 Mar 2011 14:52:17 +0000
19157,2011-08,Wed 10 Aug 2011 14:02:59 +0000
20114,2011-09,Sun 18 Sep 2011 07:21:14 +0000
20021,2011-09,Tue 13 Sep 2011 19:53:57 +0000
18069,2011-06,Tue 28 Jun 2011 18:38:18 +0000
20167,2011-09,Mon 19 Sep 2011 15:36:43 +0000
16283,2011-04,Thu 21 Apr 2011 15:43:08 +0000
16205,2011-04,Mon 18 Apr 2011 13:41:23 +0000
15959,2011-04,Mon 04 Apr 2011 12:29:30 +0000
16936,2011-05,Wed 18 May 2011 01:16:32 +0000
15083,2011-02,Sun 27 Feb 2011 22:04:39 +0000
17254,2011-05,Mon 30 May 2011 16:13:53 +0000
16570,2011-05,Wed 04 May 2011 01:01:10 +0000
15420,2011-03,Fri 11 Mar 2011 07:17:12 +0000
19126,2011-08,Tue 09 Aug 2011 03:44:40 +0000
16369,2011-04,Tue 26 Apr 2011 12:01:31 +0000
13665,2011-01,Tue 04 Jan 2011 07:36:09 +0000
15251,2011-03,Fri 04 Mar 2011 23:48:40 +0000
17046,2011-05,Sat 21 May 2011 21:56:14 +0000
18955,2011-08,Mon 01 Aug 2011 17:10:20 +0000
16357,2011-04,Mon 25 Apr 2011 11:46:53 +0000
16270,2011-04,Thu 21 Apr 2011 01:45:11 +0000
17211,2011-05,Sat 28 May 2011 03:01:11 +0000
17312,2011-06,Wed 01 Jun 2011 18:25:30 +0000
18964,2011-08,Tue 02 Aug 2011 02:46:06 +0000
16886,2011-05,Mon 16 May 2011 13:15:27 +0000
16920,2011-05,Tue 17 May 2011 14:28:41 +0000
17458,2011-06,Tue 07 Jun 2011 15:50:11 +0000
18821,2011-07,Tue 26 Jul 2011 12:35:44 +0000
15423,2011-03,Fri 11 Mar 2011 07:41:24 +0000
15289,2011-03,Sun 06 Mar 2011 23:23:18 +0000
18196,2011-07,Sat 02 Jul 2011 19:35:32 +0000
13630,2011-01,Mon 03 Jan 2011 06:02:39 +0000
19400,2011-08,Sat 20 Aug 2011 03:33:24 +0000
20115,2011-09,Sun 18 Sep 2011 07:21:40 +0000
17252,2011-05,Mon 30 May 2011 15:21:17 +0000
19461,2011-08,Tue 23 Aug 2011 04:46:52 +0000
16831,2011-05,Sat 14 May 2011 13:25:12 +0000
15537,2011-03,Wed 16 Mar 2011 04:22:41 +0000
19150,2011-08,Wed 10 Aug 2011 08:04:35 +0000
18598,2011-07,Sun 17 Jul 2011 03:53:31 +0000
18137,2011-06,Thu 30 Jun 2011 14:58:35 +0000
19792,2011-09,Sat 03 Sep 2011 03:36:10 +0000
19305,2011-08,Tue 16 Aug 2011 23:17:27 +0000
20041,2011-09,Wed 14 Sep 2011 14:02:09 +0000
14487,2011-02,Wed 02 Feb 2011 16:32:49 +0000
16257,2011-04,Wed 20 Apr 2011 17:12:49 +0000
13616,2011-01,Sun 02 Jan 2011 20:19:17 +0000
16918,2011-05,Tue 17 May 2011 13:26:49 +0000
16318,2011-04,Sat 23 Apr 2011 06:01:53 +0000
18034,2011-06,Tue 28 Jun 2011 02:11:25 +0000
13620,2011-01,Sun 02 Jan 2011 23:17:22 +0000
13976,2011-01,Thu 13 Jan 2011 14:52:51 +0000
15090,2011-02,Mon 28 Feb 2011 04:17:31 +0000
17781,2011-06,Sun 19 Jun 2011 10:03:55 +0000
14906,2011-02,Mon 21 Feb 2011 20:45:46 +0000
19372,2011-08,Fri 19 Aug 2011 03:47:17 +0000
17997,2011-06,Sun 26 Jun 2011 19:53:30 +0000
18071,2011-06,Tue 28 Jun 2011 19:41:08 +0000
15256,2011-03,Sat 05 Mar 2011 01:17:59 +0000
18899,2011-07,Thu 28 Jul 2011 23:43:06 +0000
13586,2011-01,Sat 01 Jan 2011 14:16:30 +0000
15121,2011-02,Tue 01 Mar 2011 05:51:18 +0000
18873,2011-07,Wed 27 Jul 2011 23:09:39 +0000
