5401,0,0.30922262653533683,1,0.6907773734646632
4827,2,1.0
5337,3,1.0002405281356723,4,-1.3182161837787761E-4,5,-6.375996168220258E-5,6,-4.4946555612007404E-5
4873,5,0.6934119000155369,7,0.30658809998446307
5650,8,0.5426525392201476,9,0.45734746077985244
4742,6,0.4619294815538686,10,0.5380705184461313
5417,11,1.0002230075288743,12,-2.2300752887434788E-4
5564,2,0.3132178603538643,11,0.6867821396461359
5354,13,0.1097848931912797,14,0.8902151068087202
4969,15,1.0
4722,16,-1.1226608892974558E-5,17,1.0000112266088932
5275,0,0.4104908319865665,16,0.5895091680134334
4828,8,0.8564038729315027,18,0.14359612706849753
5245,5,0.7160800064739724,19,0.2839199935260273
5453,5,1.0315044769895851,18,-4.785470485581241E-5,19,-0.03145662228472956
5121,20,0.5148144636848718,21,0.4851855363151283
4979,5,0.6845738607306577,6,0.11394667375815845,19,0.20147946551118376
5666,7,0.5951648443919125,13,0.4048351556080874
4712,8,1.0
5001,14,0.7815012130165948,15,0.21849878698340527
5627,13,0.503674006929476,22,0.49632599307052394
4650,16,0.09393473127620848,23,0.9060652687237913
4821,10,0.08546154283943276,14,-1.0247731577619025E-4,24,0.9146409344763434
4551,6,0.25891060444730807,12,0.6952399722745939,25,0.04584942327809803
5088,16,0.9817709953784759,23,0.018229004621523916
5525,3,0.6778798522744499,21,0.3221201477255501
5514,1,0.999930708237576,21,6.929176242366661E-5
4938,1,0.5298642224339927,18,0.09346939907093088,21,0.3766663784950765
4944,4,0.45967744805787597,6,0.5403225519421242
5569,12,0.8372384201127255,14,0.1627615798872741
5274,10,0.029418975937827455,20,-3.39448699502684E-5,26,0.9706149689321227
5699,14,0.19593473782304735,24,0.8040652621769526
4719,1,0.3269108540541994,19,0.5832441753653443,26,0.089844970580456
4886,22,0.35017244510447765,27,0.6498275548955221
5688,16,0.9808683946906923,21,-1.4079427280713807E-5,23,0.019145684736588398
5304,19,0.31777502622352116,20,0.6822249737764787
5400,2,1.0
4639,10,0.4492342160618124,28,0.4661347531707294,29,0.08463103076745822
4694,8,-1.2192375570990898E-4,25,1.0001484768912126,30,-2.6553135502577113E-5
5618,25,0.844596554617423,30,0.15540344538257694
4951,3,0.47571348775401834,10,0.1912892216497289,20,0.3329972905962529
5377,10,0.19970592421952388,20,0.800294075780476
5577,14,0.034976277129188355,31,0.9650237228708113
5404,7,0.1499195639121863,14,0.3614455859719012,29,0.17302559560986955,32,0.3156092545060429
5261,20,1.0
5271,6,8.412652025756167E-4,19,0.26101768274144826,20,0.7381410520559762
4985,14,0.9770058404257921,19,1.137992916150467E-4,29,0.022880360282592774
5393,22,0.9998663043090941,30,1.3369569090570946E-4
5090,1,0.8563764983585791,30,0.1436235016414207
5649,8,0.9898606090676831,30,0.010139390932316784
5363,5,0.9707777754642943,6,0.028877034199677604,19,2.1502866487226646E-6,20,3.430400493792237E-4
5311,33,1.0
5163,8,0.35192649634064094,21,0.37060704583829385,28,0.27746645782106516
5065,6,0.3733716240382536,10,0.18017556415938749,20,0.4464528118023594
5470,5,1.0
5349,5,0.34745981292095146,6,0.6525401870790486
5165,8,0.2515020348390242,30,0.7484979651609758
4856,8,1.0
4668,34,-1.446534755079382E-5,35,1.0000144653475502
5387,5,0.3697516696113194,6,0.49472227179103706,7,0.1335975142842763,13,0.0019285443133675413
5463,13,0.32674627498295405,17,0.6724693561808146,23,7.843688362313553E-4
5549,33,1.0
5361,4,0.021423894246543205,32,0.9785761057534567
4870,16,0.4310750974722005,23,0.5689249025277994
5192,9,0.7483727428511688,31,0.2516272571488312
5286,15,0.2652517597542111,32,0.7347482402457891
4939,24,1.0
5468,18,0.8927961290122,20,0.1072038709878001
5014,4,0.7419884595022852,19,0.25801154049771474
5036,6,0.560056457758008,21,0.4399435422419921
5629,5,0.052805511432813736,6,0.947144451822631,19,5.0036744555508746E-5
5642,8,0.34229851622688434,9,0.6577014837731157
4748,9,0.44711549006409895,22,0.5528845099359011
5669,10,1.0
4653,34,0.998980289692511,36,0.001019710307489761
5452,12,1.0
5595,0,1.0
5345,5,0.7274686431300756,6,0.272531356869924
5144,5,1.0
5241,7,0.3820530683572496,13,0.3330499475420102,19,0.28489698410074016
4693,22,0.49628773832551576,25,0.5037122616744842
5719,19,0.33169684294351753,20,0.6683031570564822
5741,5,0.9991900683250139,22,8.099316749866513E-4
5413,8,0.1429856392315366,20,0.8570143607684633
5195,5,6.915044563622043E-5,8,2.5722569333719508E-5,30,0.999905126985029
4983,22,1.0
5221,10,2.130624751374644E-4,19,1.7761178033422748E-4,24,0.9996093257445283
4707,5,1.0
4713,19,0.19073377519406648,20,0.8092662248059336
5685,19,0.146421126817587,20,0.8535788731824129
4623,31,1.0
4965,36,4.759581781660925E-5,37,0.9999524041821832
5739,6,0.34182770313328015,19,0.26681083194105437,31,0.39136146492566565
4958,36,0.7691668482958632,37,0.23083315170413737
5099,12,-9.79865140061604E-5,25,1.0000979865140058
5484,4,0.9306594967805237,19,0.06934050321947577
5714,13,0.6036605193810933,22,0.3963394806189066
4864,5,0.864679604212668,20,0.13532039578733188
4700,10,2.009414132623536E-4,20,0.9997990585867376
4583,0,0.26160430913589283,5,0.7383956908641074
5076,13,0.8383414505386418,38,0.16165854946135857
4844,7,0.3770407705395525,13,0.12793016261640514,19,0.4950290668440425
5215,11,1.0001231356965756,12,-1.2313569657554144E-4
4784,9,0.5395650010665256,22,0.46043499893347445
4582,8,0.6026669567995124,22,0.39733304320048746
5097,8,0.8546130713370841,30,0.14538692866291586
5238,1,0.9454810670264291,2,-1.0335298617489033E-4,22,0.054622285959745824
3015,12,0.9995750051984406,22,4.249948015593915E-4
4928,5,0.9993103285736318,22,6.896714263677652E-4
5444,8,0.32967939896462783,9,0.6703206010353723
4735,19,0.06804861237802082,20,0.9319513876219793
5424,6,0.4275375868424311,19,2.249015596805984E-4,20,0.19221531694812588,31,0.3800221946497625
5164,20,0.6392121674463958,24,0.3607878325536042
4972,7,0.4976395490623612,13,0.20968588354103573,19,0.2926745673966031
4433,8,0.9999891152170063,18,1.0884782993653189E-5
5335,36,0.7995411036303529,37,0.20045889636964714
4960,19,1.0
5678,0,1.0
5063,13,1.0
5546,3,0.2661144806848338,4,0.3941903540872125,6,0.3396951652279539
4931,8,0.16845829900178297,22,0.831541700998217
4575,33,1.0
5356,7,0.029078173263607638,24,0.9701480167475045,32,7.738099888877887E-4
4749,10,0.1284824161526036,19,0.38339007152770377,20,5.129269194799644E-4,24,0.4876145854002128
5411,4,0.5205878758861177,15,0.21907161010604695,19,0.2603405140078353
5168,12,0.5961141102370394,13,0.32556138259727335,35,0.0783245071656872
5598,19,0.0013305032491704887,20,0.9986694967508297
5113,15,1.0
5621,10,0.7610744035131765,28,0.23892559648682332
4949,13,0.9998852437851881,38,1.1475621481221214E-4
5108,19,1.0
5093,3,0.38707377766416856,20,0.6129262223358315
4940,1,0.7814229072153934,38,0.21857709278460674
5406,10,0.7285292449724039,20,0.27147075502759616
4714,19,-3.540262756536066E-5,20,1.0000354026275653
4687,11,1.0
4964,36,4.759581781660925E-5,37,0.9999524041821832
5523,13,0.5044429421608602,38,0.4955570578391399
4823,20,1.0
4813,0,0.7010880310841325,19,0.2989119689158671
5485,0,0.2675691392666197,39,0.7324308607333802
5652,5,1.0
4655,13,-1.5574694789263646E-4,16,1.0000940361470225,23,6.171080087005333E-5
5127,1,0.7230840838584599,2,0.27691591614153976
4878,26,0.674984408812868,34,0.09387183915733939,36,0.23114375202979248
5674,22,1.0
4728,5,0.998829150249163,6,0.0011342302437172844,19,3.6619507119720616E-5
5415,5,0.2599745589136949,32,0.7400254410863051
4837,21,0.15812226911222593,37,0.841877730887774
5498,10,1.0
5375,13,1.0
4601,3,0.7163922752385602,4,0.1698061581300793,5,0.06079662899488386,6,0.053004937636476505
4999,13,1.0
5174,2,0.5343528890251268,10,0.4656471109748732
4953,13,-3.0053487145536026E-5,21,-8.437035571989041E-5,25,1.0001144238428654
5338,19,0.5784789004659501,22,0.42152109953404987
4992,2,0.578532165664798,15,0.42146783433520196
5474,13,1.0
5626,24,1.0
4841,8,0.7826169490554108,30,0.217383050944589
5096,8,0.7309226036858382,24,0.26907739631416194
4948,5,0.27430560057324577,6,0.22554442918947595,12,0.5001499702372784
5009,14,1.0
5158,5,0.9995607860071901,18,4.392139928097935E-4
5167,18,0.25458329629306115,19,0.1512018440658599,20,0.5942148596410789
4795,5,0.5192268353363577,33,0.4807731646636422
5533,16,-6.069542738677148E-5,17,1.0000606954273872
5184,19,0.2242723110982999,29,0.7757276889017005
5582,4,0.7004277040421142,19,0.2995722959578857
5138,14,0.18976161659815355,15,0.8102383834018461
4872,2,-1.8444260595285557E-4,32,1.0001844426059527
5677,8,0.4617515218140351,21,0.5382484781859649
4692,19,0.45083485396702194,20,0.5491651460329777
4838,13,0.05409910671939966,37,0.9459008932806001
4760,3,0.9999901587484408,20,9.841251559012674E-6
5449,24,1.0
5071,12,1.0
5565,2,0.06047768716573155,19,0.9395223128342682
4715,7,0.6447228538859423,8,0.3552771461140574
5700,24,1.0
5459,14,0.6063307256987082,32,0.39366927430129195
4630,8,0.6255934192805823,10,0.1934778416563423,20,0.18092873906307538
5084,5,1.0
5610,19,0.10591526315615589,20,0.8940847368438439
5378,3,0.3182309561893823,6,0.21421815127618188,20,0.46755089253443566
4625,21,0.4029688183066565,37,0.5970311816933436
5687,0,1.0
4842,8,0.4225773960156541,36,0.577422603984346
4555,8,0.4973704350968748,24,0.10741223882235389,25,0.39521732608077126
3954,19,1.0
4952,8,1.0
4967,14,0.692519669832885,32,0.3074803301671148
5717,19,1.0
3016,21,0.9997709282040159,37,2.2907179598430293E-4
4935,34,-3.0025661584581848E-5,35,1.000030025661584
5648,5,0.6339320049204278,10,0.1715368703721289,19,0.19453112470744333
5689,5,0.5642457027257798,6,0.06904081819065967,10,0.29392844879502145,19,0.07278503028853914
5352,10,2.139068861566631E-4,20,0.9449955093167087,21,0.054790583797134536
5046,2,1.0
5519,13,0.5085770520342693,22,0.49142294796573066
5616,6,0.40444844122765267,20,0.5955515587723474
5395,5,0.615737581788522,6,0.3476601937748271,18,0.036602224436651225
4903,8,6.575558437955365E-6,36,0.9999934244415624
5386,13,0.3430034414903592,38,0.6569965585096408
5357,5,0.3173242534510911,34,0.682675746548909
5197,5,0.36603518551656516,33,0.6339648144834348
4736,13,1.0
4879,20,1.0
4877,4,0.9056903562183632,19,0.09430964378163689
7514,33,1.0
13196,2,0.7721506751795492,20,0.22784932482045073
10713,10,0.39142347709365233,13,0.2120469507594432,20,0.0031009994875357927,36,0.3934285726593686
13319,29,1.0
8708,16,0.24393252545495808,17,0.7057346414137528,23,0.050332833131289584
13342,18,-7.648994906576175E-6,24,-1.3815032084071843E-5,30,-9.87474642999905E-6,32,-1.4051721694051734E-6,40,1.0000398004369528,41,-7.056491362880272E-6
7922,18,0.13137298180439733,21,0.11928844105291381,32,0.2061426887593876,42,0.5431958883833016
12371,15,1.0
11018,18,0.23977883182707677,21,0.07540894632652367,32,0.20039908671504536,42,0.48441313513135403
7503,18,-6.786544439751654E-5,22,1.0004724956739734,24,-4.046302295762478E-4
12364,15,1.0
7360,10,1.0
5895,20,1.0
11106,12,1.0
6189,18,0.23617465807896226,30,0.025266842467241264,36,0.7385584994537963
11704,14,0.07917705566299522,32,0.243491229043935,43,0.6773317152930696
9717,13,0.5089616111420651,30,0.4910383888579349
7709,9,1.0000479251690308,22,-4.792516903108494E-5
6659,4,0.9995675866487435,6,4.3241335125628646E-4
7163,10,1.0
7898,33,0.7688583655999084,41,0.23114163440009192
11898,0,3.9923968059967814E-4,4,1.980496319209166E-4,39,0.9994027106874791
10898,18,0.5088784182623087,22,0.40771310513607617,32,0.08340847660161524
10011,19,0.011522120636813083,22,0.988477879363187
6107,4,0.23726954876637074,6,0.7627304512336291
7946,18,-1.37541473700908E-4,36,1.0001375414737008
7186,13,1.0
10108,32,1.0
8071,2,0.6745008739975883,19,0.3254991260024116
11420,30,1.0
9246,2,0.6118335651337967,14,0.3881664348662032
8999,18,1.0
13199,20,1.0
10947,44,1.0
7520,2,0.7071241308823265,32,0.2928758691176736
5899,16,0.6022530264192004,20,0.3977469735807996
11366,44,1.0
9359,12,0.06336926618990722,13,-2.193980839287891E-4,33,-8.797187630570125E-5,43,0.9369381037703274
7404,0,0.10493598506000437,1,0.4576911344049944,16,0.4373728805350012
6495,19,1.0
6558,1,0.7934891334758276,18,0.20651086652417217
7040,18,1.0
6002,15,1.0
6719,19,1.0
10663,10,0.35854432487527704,32,0.6414556751247231
5872,7,0.02968027231409419,10,0.9703197276859059
9186,15,1.0
8130,13,0.710849586965119,14,0.28801054634123824,18,0.0011398666936427927
10567,15,1.0
6517,18,1.0
7720,13,0.14215177317279912,36,0.4579260188880153,45,0.39992220793918565
6288,12,0.7090563295492336,13,0.29094367045076686
6693,5,1.0
8463,0,0.9960062028731107,21,0.003993797126889362
10460,18,1.0
10895,4,1.0
6555,2,8.106439353948991E-4,13,0.5662405706284107,26,0.4329487854361942
13323,29,1.0
6698,20,1.0
7491,12,0.22213600419749396,13,0.5536516094951959,22,0.22421238630731027
6992,10,0.250021007516683,13,0.37504781669159054,14,2.9448156404047484E-4,22,0.28704747296653876,45,0.08758922126114739
6363,42,1.0
7630,15,1.0
13349,18,0.2167416777370965,19,0.6431765985241507,30,0.1400817237387527
11428,15,1.0
13355,18,1.4661898190393584E-4,19,0.9998533810180957
6615,9,1.0
6496,17,0.898086872069982,23,0.10191312793001805
10007,9,0.9237265260324333,30,0.076273473967567
6146,4,1.0
9721,12,0.08715022832013772,22,0.9128497716798625
5910,29,1.0
6574,10,1.0
9560,9,1.0
10959,18,0.24199976708338475,20,0.24580781348996453,30,0.5121924194266506
8678,5,0.1728666371766043,6,0.8271333628233958
8930,18,1.0
13195,20,1.0
10652,14,0.5817304861736187,32,0.41826951382638133
7931,13,0.46249725150386534,14,0.11364244457991078,32,0.4238603039162238
5986,13,0.625971388559004,26,0.3740286114409958
8063,16,1.000098609767432,23,-9.860976743291177E-5
11136,14,1.0
6585,39,1.0
7301,2,0.5871940237429752,18,0.41280597625702437
6944,12,0.0035627042949771936,43,0.9964372957050228
5933,2,0.6722265443858046,18,0.3277734556141955
10754,13,1.0
6006,46,1.0
9072,9,0.9999618561150987,18,3.814388490074276E-5
8020,5,1.0
7977,1,0.539654321922798,14,0.46034567807720217
8248,10,0.6072183593864232,14,0.3927816406135768
8467,12,-0.0020137290097565056,13,-1.8432531705258332E-4,43,1.0021980543268094
7122,16,0.8923211388731612,23,0.10767886112683835
9541,26,1.0
6538,12,1.0
7855,5,0.8777799050944521,19,0.12222009490554783
11659,12,0.08557234518203559,13,0.6590594307807741,43,0.2553682240371903
6103,13,0.24327226465394008,18,0.12751606757421627,21,0.6292116677718436
8924,13,0.7521873587389302,43,0.24781264126106972
13350,18,0.9741433235663097,19,0.0258566764336904
7508,43,0.7419986091348217,47,0.25800139086517826
6265,10,0.6021118445796257,14,0.3978881554203743
7269,19,0.432691143769748,23,0.5673088562302521
8224,5,0.02507379256868557,7,2.1065562944658475E-5,18,0.9749051418683696
9038,22,0.6841484065154041,43,0.31585159348459596
11410,18,0.43688005102821664,46,0.5631199489717834
7531,15,1.0
9706,20,1.0
6090,13,1.0
5833,4,0.4314232762821731,13,9.795793224123444E-4,36,0.5675971443954146
10452,4,1.0
10276,21,1.2290343428458297E-5,22,0.0035072207874477022,24,1.2351641703202422E-5,30,-9.46527076871513E-6,33,0.9964776024981887
10610,31,0.14807614624943877,32,0.8519238537505611
6130,20,0.9734212906235239,39,0.02657870937647564
13320,29,1.0
11647,10,1.0
5825,13,0.6142645947284262,21,0.1803947975019589,36,0.20534060776961485
12081,20,1.0
6966,15,1.0
6038,18,1.0001024695282306,30,-1.0246952823034122E-4
11177,6,0.30626325779445057,32,0.6937367422055495
7209,1,1.0
6506,10,1.0
6126,2,0.8779788018506756,5,0.12202119814932447
7791,13,0.6484213847845232,38,0.35157861521547695
5818,18,0.0827642418899054,42,0.9172357581100946
7651,2,1.0
8167,18,1.0
10415,12,0.16400924182419765,22,0.0757918736163004,32,0.7601988845595016
6484,20,1.0
9979,13,0.40029165666682753,22,0.5997083433331725
6397,13,7.351858137790725E-5,43,0.9999264814186224
12355,6,0.5035348943218243,20,0.49646510567817576
6705,14,0.3154384186999656,17,0.6845615813000347
9006,12,1.0
13343,15,1.0
5911,14,0.5819069104850481,48,0.41809308951495194
9852,4,1.0
10960,13,0.7910676400291504,30,0.20893235997084947
6594,19,1.0001748187068145,20,-1.7481870681458568E-4
5963,0,1.0
7625,7,0.5621342432200944,13,0.0938515134684724,22,0.3440142433114334
7071,20,1.0
9534,14,1.0
9595,33,1.0
10909,6,0.8280367226196246,20,0.1719632773803756
13354,30,1.0
8430,9,1.0
10186,14,0.4569800947970117,23,0.5430199052029884
8418,13,8.22461552807853E-4,43,0.9991775384471921
9999,15,1.0
7851,13,1.0
7231,12,0.31041300619411016,14,0.68958699380589
9076,10,1.0
8553,15,1.0
10455,20,1.0
6745,15,1.0
5832,30,1.0
11614,18,0.7307146668489717,19,0.26928533315102837
13330,15,1.0
13198,0,0.4774889749525811,5,0.522511025047419
7246,14,0.17668994360341989,18,0.24801024191331938,22,0.49627607156960146,45,0.07902374291365928
10773,24,1.0
8341,12,0.9636346359451765,18,0.03636536405482333
6924,26,0.04913947924457792,45,0.950860520755422
5752,13,0.2838001585513922,21,0.226342860668646,34,0.4898569807799617
6616,20,1.0
11514,14,9.79417277362999E-6,32,0.9999902058272261
10985,16,0.4716466859795516,20,0.5283533140204483
13266,26,1.0
7541,1,0.4244462466274222,14,0.08712805175320892,18,0.4884257016193685
12857,29,-8.069702412012832E-5,49,1.00008069702412
11411,29,0.45402173364111875,49,0.5459782663588814
7507,47,1.0
10002,43,1.0
12289,18,-1.8058806945478855E-4,19,1.0001805880694552
9203,32,1.0
12625,16,1.0
6828,38,0.42580552764720886,50,0.028065075879583866,51,0.5461293964732072
9121,34,1.0
6141,12,0.16560004723528532,18,0.7323335308196105,43,0.10206642194510418
8651,4,1.0
10849,10,0.7515637287330603,36,0.24843627126693965
6962,13,0.0038611620169636085,26,0.9961388379830367
6213,12,0.31134185178578777,22,0.584452071568426,43,0.10420607664578611
9950,16,0.8690310168900454,21,0.1309689831099545
13359,14,0.42574103693537274,19,0.5742589630646276
6037,13,-1.0608071969802202E-5,34,1.0000106080719697
8677,19,0.25737998970693393,32,0.7426200102930662
10881,2,0.45855763830649143,10,0.3316644770474006,19,0.20977788464610808
10315,16,0.8284527402255388,23,0.17154725977446064
8698,15,1.0
6275,4,0.4338583695652936,6,0.5661416304347063
8326,20,1.0
5868,2,0.5531429237075988,14,0.12814131437315313,20,0.3187157619192481
9988,24,1.0
8124,4,1.0
8613,12,0.3233456392745304,13,0.2735701797297828,21,0.005587617483142218,43,0.39749656351254453
12667,18,0.595465855013609,20,0.4045341449863909
9071,9,0.9999533212032092,18,4.667879679050327E-5
6313,20,1.0
6849,12,0.8271502320937156,25,3.6461261585608976E-4,43,0.17248515529042788
10476,0,0.2429390790478845,13,0.7570609209521154
10560,2,0.9755728579700862,5,0.024427142029913553
7115,24,1.0
13211,29,1.0
11558,18,0.0012623381946353304,32,0.9987376618053647
9865,10,1.0
10727,32,0.5179117930989121,38,0.48208820690108783
6521,36,1.0
9017,20,1.0
7091,9,-4.586378975652838E-5,46,1.000045863789757
11196,2,0.003735169573798724,5,0.6127925284871277,6,0.38347230193907345
8196,15,0.30749007502289205,16,0.692509924977107
10483,12,1.0
5915,13,-3.690518695785854E-5,27,1.0000851404325461,34,-4.8235245588359234E-5
6154,4,0.998024016660031,6,0.0019759833399691025
10973,13,0.5793688125905507,38,0.4206311874094496
12880,2,0.37057522112788616,30,0.08005850921541288,46,0.5493662696567008
13418,21,0.671026068172051,30,0.328973931827949
6876,32,0.4061520524752428,33,0.5938479475247571
7323,33,1.0
7465,19,1.0
10630,4,-0.012232767588224192,6,1.0122327675882241
9630,14,0.19224440078244842,26,0.6520182208303908,45,0.15573737838716065
7408,13,1.0
7598,9,0.33214477979800144,13,0.6559880620899836,21,0.011867158112015032
13235,19,1.0
6007,46,1.0
11086,18,0.3026631201725385,22,0.11730611254010659,25,0.5800307672873549
7776,15,0.898475561803783,30,0.10152443819621708
12781,9,0.9988077095751497,18,0.001163155914303847,21,2.913451054632888E-5
6583,16,0.7482835721860839,52,0.25171642781391607
10746,12,0.4184636173169352,33,0.5815363826830646
5893,19,1.0
8680,19,-3.8523054811974394E-5,36,-6.977539364560694E-5,49,1.0001082984484575
8792,0,0.5208953268061896,14,0.3121476195494003,36,0.16695705364441002
6642,1,0.8319150627589185,2,0.16808493724108167
10075,9,1.0
6008,10,-2.3046062988587625E-5,22,1.0000230460629889
6987,5,0.7114962669492546,18,0.28850373305074534
8642,13,1.0
7557,19,1.0
6588,15,0.009025493214222195,18,0.9909745067857783
11011,13,1.0
6706,15,1.0
7694,32,0.43664832972732354,42,0.5633516702726765
7600,18,1.0
11079,20,1.0
10642,15,0.2002366116933011,24,0.799763388306699
6269,23,1.0
8599,24,1.0
13190,5,0.2551246757233618,40,0.6238172003921877,41,0.12105812388445021
6888,20,1.0
5995,13,0.16327168943162756,18,0.8367283105683723
10842,18,1.0
8461,5,1.0
9896,4,0.5002136594502323,6,0.49978634054976756
7234,13,0.45856165220678946,27,0.1292161990323566,34,0.4122221487608536
7722,4,1.0
10790,0,0.5527568039302599,14,0.2205780084819978,31,0.2266651875877422
9131,46,1.0
5902,1,0.6530080104403653,7,0.3469919895596348
10571,14,1.0
10983,20,1.0
8417,13,8.22461552807853E-4,43,0.9991775384471921
11761,44,1.0
6111,16,6.201779463073673E-4,21,0.9547995405517292,23,0.04458028150196328
8656,19,0.5691576252147774,29,0.4308423747852225
10628,18,6.125963389672341E-4,22,0.9993874036610328
9365,19,0.271456984836086,29,0.728543015163914
10591,12,-7.796422913758606E-5,13,-6.206629533230227E-5,25,1.0001400305244699
7941,15,0.4179082036395407,18,0.5820917963604595
7480,2,0.7758762950817205,32,0.22412370491827968
5837,22,1.0
8761,24,1.0
9005,12,1.0
9165,13,0.6448502988490531,14,0.355149701150947
7430,13,0.6295250204108058,26,0.37047497958919434
10379,12,0.157847318429886,32,0.8421526815701139
7539,5,1.0
9389,16,1.0
6418,4,0.7089137385340969,6,0.29108626146590294
10470,18,-1.4568874540415387E-5,25,1.0000145688745405
9026,13,1.0
7626,18,0.04350576694999781,30,0.9564942330500018
13348,19,0.43700564767874517,29,0.5629943523212547
7103,15,1.0
6767,15,1.0
7072,5,0.6065126713616376,7,0.3934873286383624
12620,4,0.31674243282000103,39,0.683257567179999
11581,10,1.0
7567,4,1.0
8770,5,1.0
11713,18,0.5580104910006684,22,0.09369395309503727,31,0.3482955559042941
8140,20,1.0
13405,20,1.0
8581,14,1.0
13345,14,1.0
8059,4,1.0
7233,9,0.7608133116886461,36,0.23918668831135378
7438,10,0.27316392313944027,14,0.7268360768605591
6663,14,0.3285142812102488,19,0.671485718789751
7245,5,0.03528864176076891,33,0.964711358239231
11284,0,1.0
10305,16,0.5969932113101326,23,0.4030067886898676
11760,44,1.0
11546,13,1.000221740276444,18,-2.2174027644391943E-4
9070,5,0.11836210102933915,6,0.8816378989706599
8943,16,0.15565074781780758,52,0.8443492521821923
7599,18,1.7784576529261602E-5,30,0.9999822154234708
7938,19,0.03773384036325713,22,0.9622661596367431
6721,15,1.0
6445,13,0.8860418131204806,22,0.11395818687951965
12286,29,1.0
6437,12,0.9658358210700956,14,0.034164178929904455
7506,22,0.1816580432022463,43,0.8183419567977536
6899,13,0.36320229417484845,38,0.6367977058251515
6263,10,1.0
13128,4,1.0
8652,4,1.0
10411,29,1.0
6188,19,0.9993270115856024,30,6.729884143975874E-4
7177,15,1.0940229764066176,18,-0.09402297640661751
13321,19,3.477038687876683E-4,29,0.9996522961312124
7172,5,1.0
5896,45,1.0
10555,10,1.0
10650,5,1.0
6380,13,0.5333570615512198,17,0.46664293844878024
8586,33,1.0
13272,26,0.9642284330253809,27,0.035771566974618974
11154,12,0.4089613950459362,33,0.5910386049540639
6757,13,0.7183870696916692,17,0.2816129303083306
10711,12,0.25147708488984044,33,0.7485229151101603
12633,4,1.0
8985,2,1.0
5792,4,1.0
10984,20,1.0
11896,13,5.855639098058412E-5,42,0.9999414436090193
12377,44,1.0
13267,4,1.0
6804,13,0.3870256785711801,21,0.001836931738033601,34,0.6111373896907866
6476,25,1.0000184537990422,33,-1.84537990423644E-5
7678,2,1.0
12087,13,0.0015017874919742323,22,0.624321540099063,32,0.0018918647559221418,43,0.37228480765304045
13197,20,1.0
10720,10,0.15334099518701394,32,0.8466590048129861
8032,4,1.0
7325,20,1.0
10861,20,0.3602150023613873,30,0.30403934557283324,32,0.3357456520657796
7660,15,-1.1659638848446978E-4,30,1.9702464507680042E-4,46,0.9999195717434076
11906,29,1.0
5876,10,0.13750307348509933,18,0.6277657915635977,20,0.14724480757329692,21,0.08748632737800616
10611,44,1.0
11540,18,1.0
9223,0,1.0
6017,13,1.0
5760,7,0.6226072442290743,30,0.3773927557709257
6874,14,2.0630405579161324E-5,21,1.341050297391141E-4,31,0.0025175606262717526,39,0.9973277039384093
9849,13,0.4086132779466005,22,0.27675064289516116,34,0.314398912182215,43,2.3716697602361943E-4
7501,15,0.38267844990353744,30,0.38979903883284606,32,0.2275225112636166
7685,5,0.7172507177867304,6,0.28274928221326956
5756,15,1.0
9657,15,1.0
7129,27,1.0
9928,5,1.0
13352,7,0.7332803317357423,19,0.2667196682642576
10765,4,0.6285952063041689,32,0.3714047936958309
7951,18,0.35659286319718725,30,0.6434071368028127
10702,5,0.1272492415540656,7,0.039275326684760775,32,0.8334754317611734
5890,20,1.0
7558,2,0.6000951958301932,15,0.3999048041698069
6557,5,0.003008248652309012,6,0.996991751347691
7181,18,1.0
13384,7,-1.848839574280307E-4,18,1.000184883957428
7002,20,1.0
7242,15,0.2813713212710425,18,0.7186286787289572
7710,12,0.7300230614639143,32,0.2699769385360854
11100,13,1.0
11148,29,0.28470310822309175,49,0.715296891776908
12370,15,1.0
6147,24,1.0
6071,0,0.8808188232770747,19,0.11923326197546263,21,-5.2085252537469953E-5
7180,4,1.0
6031,9,1.0
6750,21,0.13244140429275844,45,0.8675585957072414
13200,15,1.0
5750,4,1.0
11854,50,1.0
7877,7,0.5286599274636135,18,0.47134007253638655
8138,4,1.0
8141,27,1.0
9372,15,1.0
12481,24,1.0
11286,2,-0.012866919226280861,5,1.0128669192262811
12621,4,1.0
11871,9,0.5172253832300894,18,0.4827746167699107
13365,29,1.0
7498,5,1.0001303799956742,6,-1.3037999567437898E-4
6106,41,1.0
9969,9,0.6717669255089438,14,0.3282330744910561
11609,13,1.0
9142,12,0.005289915940195326,21,0.9947100840598042
13226,13,1.0
6193,9,0.19173093442799563,18,0.02614152322472546,42,0.782127542347279
10714,30,1.0
7760,12,-0.015697000869959468,13,-4.814999854111458E-5,43,1.0157451508685005
9084,14,0.7167719915885311,18,0.2832280084114688
6457,13,0.3690906882262398,27,0.4785200590664268,34,0.15238925270733347
13094,20,1.0
11110,10,-7.007049639968721E-5,24,0.015166688162617932,41,0.9849033823337816
7517,5,0.7863318604233617,20,0.21366813957663783
7872,6,0.48385094428276365,20,0.5161490557172363
8971,4,1.0
8238,2,-8.359136096421172E-6,26,2.366155455888089E-5,45,0.9999846975815379
12530,10,1.0
13356,19,1.0
5852,32,1.0
8256,4,0.01758123861747936,6,0.9824187613825207
11321,4,1.0
6964,10,1.0
13322,29,1.0
7467,5,0.9993320294100884,19,6.679705899115538E-4
13346,19,1.0
6833,4,1.0
9289,27,1.0
13511,10,0.9998656636989978,18,1.3433630100225414E-4
10034,10,0.31505850538013064,36,0.6849414946198693
5835,21,0.2631028274609754,22,0.7368971725390251
7903,12,0.25504405261122937,33,0.678925112026788,43,0.06603083536198256
7731,13,1.0
6121,6,0.18898419660659266,20,0.8110158033934073
8388,10,1.0
7509,33,0.002170754948260089,43,0.9978292450517394
9738,20,1.0
8210,18,1.0
6005,10,1.0
7771,7,1.0
5793,29,1.0
5839,5,1.0
6143,20,1.0
10413,15,0.4361026278187933,32,0.5638973721812068
8869,26,1.0
6128,22,0.3485947814398485,30,0.6514052185601514
6896,20,1.0
12094,10,1.0
5978,0,0.07056068366901683,17,0.9294393163309831
7668,2,0.22639881976548692,39,0.7736011802345131
6277,19,0.31381597631762614,29,0.6861840236823742
8864,19,0.40980733230619165,26,0.5901926676938086
8416,13,1.0
8615,0,0.6963670421346689,14,0.3036329578653311
8348,5,0.7012803263738319,6,0.2987196736261681
6353,10,1.0
5926,32,0.9999648740513247,34,3.512594867548585E-5
7797,14,0.8931039670255534,19,0.106896032974447
7607,18,2.1440581557477757E-5,30,0.9999785594184434
17773,10,1.0
14880,19,-3.814375372055432E-5,53,1.0000381437537205
19986,19,7.942817132542785E-4,20,0.9992057182867458
20189,54,1.0
16245,22,1.0
18185,13,0.9557040816465717,38,0.04429591835342822
19544,41,1.0
13971,23,1.0
15918,2,0.3905317803555466,36,0.6094682196444535
18898,15,0.04560901541391698,21,0.9543909845860828
20022,0,0.7088271936823332,5,0.29117280631766707
17045,16,0.303703846529173,29,0.6962961534708271
18552,18,0.13126714439769324,19,0.8687328556023067
18544,8,0.8445050867144072,19,0.09312736687382803,20,0.0625225643694789,32,-1.550179577141857E-4
19617,8,0.29328045477198944,24,0.7067195452280111
18188,19,0.802884588915159,20,0.19711541108484124
18543,16,0.1772727265385106,21,0.8227272734614892
15317,15,1.0
17611,15,1.0
13706,19,0.25022992860097254,29,0.7497700713990274
15385,15,1.0
18669,2,0.029537399641163434,32,0.9704626003588364
13815,33,1.0
18538,31,0.4895592967712566,32,0.5104407032287435
16955,15,1.0
17087,14,4.917925848644673E-6,19,-0.038065269122972804,26,1.0380603511971238
20052,8,0.4767894785448129,19,0.5228728020732878,30,3.3771938189923044E-4
18462,49,1.0
14964,30,0.38728211608211616,39,0.6127178839178836
18387,15,-2.1812888062902343E-5,19,-2.7496938284358015E-5,55,1.0000493098263468
19271,14,0.37664781996069296,41,0.6233521800393069
18787,19,0.7241140505779288,29,0.27588594942207134
20102,19,0.0325225032623066,29,4.5613661007993394E-4,54,0.9670213601276139
17888,20,0.14360552828334544,21,0.8563944717166544
15413,6,0.0018386204713155083,10,0.7842648660025462,32,0.21389651352613795
18356,15,0.7775828070201483,19,0.22241719297985182
15595,13,0.505369886596358,15,0.49463011340364205
17829,24,0.01332345952853607,41,0.9866765404714634
15250,2,0.9999955125026891,30,4.48749731080511E-6
15140,0,1.0
14483,16,0.8832429710672878,21,0.11675702893271174
15575,19,1.0
18406,19,1.0
15431,23,1.0
14247,12,0.22185497725644665,21,0.7781450227435532
16801,10,-5.260058669474757E-5,15,-5.250414429663727E-4,28,1.0005776420296608
18283,8,0.4951011949326812,38,0.001197290910551236,50,0.5037015141567676
15643,10,0.036824368303057596,20,0.9631756316969425
18599,13,0.046669166720988045,19,0.9523015608516674,38,0.0010292724273445162
15981,10,0.006214064832396045,20,0.9937859351676037
16380,10,1.0
18315,8,0.18016312225699385,18,0.38699626063676235,53,0.4328406171062439
18033,10,0.27003070042506316,28,0.729969299574937
16249,19,-2.428817152434094E-5,29,1.000024288171524
15778,23,0.1224054189733058,32,0.877594581026694
17391,3,0.620798500839779,32,0.37920149916022106
16937,13,1.0
15259,13,0.07426305375940166,30,-1.052259360271844E-4,36,0.9258421721766258
17499,20,0.39135946170803587,36,0.6086405382919642
19971,2,0.40096172522661633,10,0.5990382747733836
18115,13,0.6499733923988812,31,0.35002660760111853
15139,0,1.0
18068,0,0.5485580706022788,18,0.4514419293977213
20209,19,0.2955356830359297,44,0.6447220251221009,54,0.05974229184196925
16643,8,0.962262316126538,30,0.037737683873461915
16863,15,0.21213290715569197,19,0.7878670928443081
15844,20,0.5003333812787509,36,0.499666618721249
15626,30,0.24126683195721219,41,0.758733168042788
15604,15,0.3217063356295878,21,0.6782936643704122
16617,23,1.0
19350,0,0.5763379908638709,7,0.06968696147948071,10,0.0012932311305090466,28,0.35268181652613945
16364,12,0.32196340146703484,24,0.6780365985329649
15117,13,0.26926701977820866,30,0.13633519919061216,36,0.5943977810311794
17914,13,0.9999708172870272,19,2.9182712973160673E-5
19263,23,1.0
20116,23,1.0
18756,13,0.6681342453361454,19,0.3318657546638546
17664,41,1.0
15376,19,0.20371195579267054,29,0.6633709013566581,32,0.13291714285067135
19066,13,0.3903023582458291,31,0.6096004855962712,38,9.715615789973942E-5
18035,14,1.0
15141,0,1.0
15253,2,1.0
19318,15,1.0
18446,0,0.7531298990986565,9,0.24687010090134354
16708,36,1.0
16884,13,0.01393456643395117,32,0.21890972131481123,38,0.7671557122512377
16604,9,1.0
18526,4,0.9959856007775449,6,0.004014399222455041
16944,8,0.002358891356200439,33,0.9976411086437995
18409,8,0.9997697417784266,30,2.3025822157363097E-4
17513,15,0.3486072141994316,20,0.37730538803204067,32,0.27408739776852764
14438,5,0.5839829479910638,18,0.4160170520089363
18349,7,4.811547045235086E-4,19,1.8296999228312197E-5,29,0.9995005482962482
20112,17,8.291795025968874E-6,23,0.9999917082049755
18739,15,0.7759186486061178,32,0.22408135139388233
18174,0,0.7364220884452655,14,0.2635779115547349
20117,23,1.0
15649,10,0.14603378307915071,28,0.041782064174319934,36,0.19798414654965385,37,0.6142000061968753
15435,8,0.8800502490062697,30,0.1199497509937304
16634,13,0.24457549453075444,38,0.7554245054692456
16025,15,0.9840339798267378,19,0.01596602017326218
14179,7,0.3819502009125315,24,0.6180497990874684
19258,19,0.9983077760590606,30,0.0016922239409392832
16192,24,1.0
13602,10,1.0
13857,16,0.6705213386798545,21,0.32947866132014547
14330,10,0.4600720768014195,28,0.26047904089640395,32,0.27944888230217646
19758,6,0.2323495417769986,12,0.5407354094673019,13,0.22691504875569943
16686,5,1.0001983056149408,18,-1.9830561494061646E-4
18910,31,1.0
19122,6,0.5914105510876942,19,0.4085894489123059
16261,7,0.09117371523302283,15,0.9088262847669771
13709,8,-1.2446065721739192E-5,55,1.000012446065722
16667,36,1.0
16186,21,0.24395273994778413,41,4.157672916514927E-4,53,0.7556314927605643
18614,16,0.22151364718687386,21,0.778486352813126
17691,15,1.0
15775,0,0.39463301814091195,21,0.605366981859088
15202,8,0.09475949769130358,20,0.1921592778366473,24,0.7130812244720492
20213,4,0.3881115581093425,20,0.6118884418906583
19559,10,-0.0018713840846563774,37,1.0018713840846563
15914,18,0.7136704274135302,35,0.28632957258647024
16066,15,1.0
17260,13,0.5803610017494759,19,0.004977561470551729,38,0.4146614367799723
18384,15,0.027088194008444214,31,0.9729118059915556
17553,13,0.2013035910581197,38,0.7986964089418801
14645,12,1.0
16922,15,1.0
15958,8,0.9793674563196642,30,0.02063254368033571
19304,0,0.5216831136221856,19,0.4783168863778144
17697,0,1.0
16315,18,1.0
18605,4,-0.015291247436823011,6,1.0152912474368232
16568,8,0.8021130220894281,18,0.1978869779105717
15583,41,1.0
15421,13,0.14771755392163557,38,0.8522824460783643
14754,19,0.022741986613624143,22,0.9772580133863757
18938,20,0.42258286575611537,32,0.5774171342438845
14301,22,1.0
15796,6,0.21040444253327364,20,0.7895955574667265
13754,19,0.001644968565710866,20,0.9983550314342887
17986,31,0.833077311692318,45,0.1669226883076825
18431,13,4.6357082038764E-4,19,8.606394659017768E-4,38,0.19290009000816827,44,0.8057756997055424
16682,8,0.4674463276288149,19,0.5324513887162347,30,1.0228365495060492E-4
15386,15,0.0743410505788036,18,0.9256589494211964
20000,15,0.6936514188353402,30,0.3063485811646597
14492,8,0.5259333257701654,15,0.47406667422983473
18094,34,1.0
17593,15,1.0
19174,14,7.726269804839388E-4,19,0.999227373019516
16400,27,1.0
18265,15,1.0
18248,10,-2.434197644362015E-5,28,1.0000650886714866,32,-4.074669504322337E-5
16963,8,0.47073752175269573,15,0.13631829589396663,30,1.1826633304509868E-4,55,0.39282591602029254
15697,14,1.0
16720,14,0.866287570328983,23,0.13371242967101724
19180,18,0.9998949853928425,24,1.0501460715784139E-4
18618,8,0.36851827373386714,32,0.6314817262661329
15295,22,0.1899375530092212,35,0.6541813324525192,36,0.1558811145382594
19307,12,0.4995370495884018,13,0.4340146097681304,38,0.06644834064346768
18915,14,0.042442773349541996,15,0.9575572266504581
18067,3,0.34425494624760605,14,0.42438178504560564,20,0.2313632687067885
13679,19,0.775648685356598,29,0.22435131464340183
16193,29,0.5420315450044157,30,0.4579684549955841
15108,2,1.000298446982453,19,-2.9844698245318706E-4
18391,14,0.4881749637258403,15,0.5118250362741598
15995,13,0.14788739412978805,35,0.7425333961044178,38,0.10957920976579404
15607,8,1.0
15894,45,1.0
13927,14,1.0
20053,9,0.0025946863264359986,13,0.21019108062276334,21,0.3512543320218161,34,0.43595990102898474
18509,15,0.4365796201015765,32,0.5634203798984234
17537,16,0.9999433379443526,21,5.66620556469383E-5
15845,19,0.3116139666044353,20,0.6883860333955647
14862,5,1.0
18389,0,1.0
16836,32,1.0
15309,19,0.273979275774857,20,0.7260207242251431
20113,23,1.0
15252,2,0.9998092334960859,19,1.907665039143505E-4
19269,12,-1.471893758953399E-4,19,1.0001471893758955
16401,20,0.5626870557203252,41,0.43731294427967476
19940,19,0.16883114485629835,29,0.783334238685914,32,0.047834616457787575
15228,19,0.06777402279957628,29,0.9322259772004237
15753,19,0.9953828870227158,20,0.004617112977283896
17587,8,0.09233977407286438,9,0.9076602259271356
17565,2,0.6360047142404942,18,0.36399528575950585
17728,8,0.3807547080590615,33,0.6192452919409384
16269,8,0.9995047955500469,19,4.95204449952453E-4
20251,10,0.25636748214715793,18,0.5030691472461377,19,0.24056337060670432
18398,18,0.5143072620649154,41,0.48569273793508455
16529,19,0.5819585844671626,29,0.41804141553283736
18451,10,-1.2545583015687357E-4,18,0.08663903865421756,28,0.9134864171759394
20072,16,0.7265111970382627,21,0.2734888029617372
17848,13,0.37289725385781725,26,0.6263443443369952,38,7.58401805187447E-4
16874,24,0.8824540231401644,41,0.11754597685983535
15047,1,0.9892069576815777,21,0.010793042318422307
18961,0,1.0
18862,5,0.9996769790315827,6,3.2302096841727875E-4
18954,12,1.0
19056,4,0.9787619730688935,20,0.021238026931106484
19679,0,0.30928730595574366,2,0.21973072024430493,21,0.4709819737999516
15667,20,1.0
18310,8,0.9998427232376201,30,1.5727676237979474E-4
14698,5,0.05560777659917937,10,0.9444582380728062,28,-6.601467198563103E-5
15137,4,0.39812143726512783,39,0.6018785627348721
17779,5,0.5923478230946622,10,0.4076521769053377
18941,15,1.0
19179,8,-1.0294521703382319E-6,19,2.4757399757624586E-5,44,0.9999762720524128
16397,8,1.0
17772,10,1.0
19265,18,1.0
19490,15,0.9659256093778897,18,0.03407439062211034
18889,8,0.33405708983091836,30,0.16385935240213348,31,0.5020835577669482
18350,15,0.6723564793454122,18,0.3276435206545882
13912,15,0.32630004826844294,18,0.6736999517315572
18951,3,1.0001401518098172,6,-9.532365941547875E-5,20,-4.482815040148159E-5
16441,3,0.5760270986319452,9,0.4225234706605793,20,0.0014494307074753442
19936,13,5.100154734441428E-4,19,0.27440487803874875,38,8.014829403782928E-4,44,0.7242836235474288
19290,22,0.6535966206699072,32,0.346403379330093
19724,41,1.0
18041,0,0.18697515963599867,25,0.8130248403640019
17679,19,0.4279097277833652,36,0.5720902722166346
15264,10,0.24461707445107816,20,0.7553829255489218
20118,17,8.291795025968874E-6,23,0.9999917082049755
15244,10,0.7587366276976121,18,0.11784703723704854,19,0.12341633506533936
17043,1,0.4423356333310503,2,0.1638683016432258,21,0.39379606502572395
15065,16,0.7203100893130181,23,0.2796899106869819
19370,39,1.0
15339,19,1.0
15702,13,0.8842591828812929,38,0.11574081711870704
19070,19,0.08523054908669106,20,0.01774560307760971,36,0.8970238478356987
15451,1,0.9999002119347801,19,9.978806521986484E-5
15257,8,0.48952560359000585,18,0.40746130195552177,19,0.10301309445447233
15365,10,0.34270419636786886,20,0.6572958036321311
16412,5,0.9995452381700186,10,4.547618299813084E-4
15144,15,1.0
19137,19,0.8550561173726517,29,0.14494388262734814
16346,15,0.2681835734674018,19,0.7318164265325982
14635,18,0.3641457108880566,30,0.6358542891119431
15270,19,0.9411033534125434,29,0.05889664658745655
16915,19,0.3412339968502286,20,0.29503575781150915,36,0.36373024533826237
16317,45,1.0
17851,15,0.3413920330620854,50,0.6586079669379147
15249,8,1.1210040942061843,30,-0.12100409420618433
17103,14,2.636261354117419E-4,15,0.9997363738645885
16975,8,0.26827190026176684,28,0.731728099738233
16693,19,0.5416609152379697,29,0.4583390847620304
13653,16,1.0000873194267565,23,-8.731942675650896E-5
15623,18,1.0
16330,12,1.0
15514,21,0.643646224738242,23,0.3563537752617582
19157,10,0.9997529536246342,18,1.0333435260142762E-5,28,2.3671294010571962E-4
20114,17,8.291795025968874E-6,23,0.9999917082049755
20021,13,0.7935790012488076,38,0.20642099875119216
18069,15,1.0
20167,18,-1.1102834264457624E-4,19,1.6535307575828585E-4,31,0.9999456752668863
16283,10,0.14041907350027708,19,0.08871752025496318,20,0.7708634062447601
16205,4,1.0
15959,13,0.43149315601598937,24,0.5685068439840106
16936,5,1.0
15083,14,0.45225959737576205,56,0.5477404026242382
17254,14,1.0
16570,10,0.30068130642914687,26,0.0524719213875083,28,0.6468467721833446
15420,19,1.0
19126,53,1.0
16369,4,1.0
13665,7,0.9462090075941312,19,0.05379099240586904
15251,2,0.9997461887453831,18,2.538112546167219E-4
17046,2,0.6321094530617231,18,0.36789054693827644
18955,5,0.14048059334127586,10,0.4240725576406058,28,0.43544684901811886
16357,17,1.0
16270,8,0.012609485809238907,15,0.9709562169487268,32,0.01643429724203431
17211,8,0.7355549747358566,30,0.26444502526414326
17312,4,1.0
18964,8,0.3976445277163001,18,0.6023554722836999
16886,8,-3.3960332021736954E-5,22,1.0000339603320214
16920,19,0.38966269398680364,23,0.12358334238965929,29,0.4867539636235369
17458,32,1.0
18821,16,0.24596301750123403,23,0.7540369824987659
15423,21,0.8627569036961994,24,0.13724309630380072
15289,8,0.5600015956192449,18,1.696162140953777E-4,19,0.4398287881666597
18196,13,0.5275177812136365,32,0.4723238214181264,38,1.5839736823700646E-4
13630,8,0.26527792457096,32,0.7347220754290397
19400,14,0.0020197949310339783,15,0.997980205068966
20115,17,8.291795025968874E-6,23,0.9999917082049755
17252,8,0.08923086725781873,19,0.9088230288814706,44,0.001946103860710679
19461,13,0.15234023892202586,38,0.8476597610779731
16831,15,0.9994543410901697,30,5.456589098301183E-4
15537,8,0.7674651382698522,30,0.23253486173014798
19150,10,0.9300945668366882,28,0.06990543316331187
18598,15,0.9995882329946818,30,4.117670053182124E-4
18137,18,1.0
19792,8,0.5619934586467544,9,0.43800654135324574
19305,8,0.8796664647334896,30,0.12033353526651051
20041,21,1.0
14487,10,0.9747548365605136,19,0.025037560500862914,28,2.0760293862360837E-4
16257,2,0.12061372590092458,3,4.475206307581353E-4,18,0.2717344947856934,20,0.6072042586826238
13616,2,0.3072188106023429,5,0.35524550973639923,32,0.33753567966125786
16918,9,0.23335763207437835,24,0.7666423679256218
16318,8,0.030205959087450468,18,0.9697940409125493
18034,15,0.7141226193941074,18,0.28587738060589263
13620,10,0.27487905628758763,23,0.06429975490420158,28,0.660821188808211
13976,10,0.14844868455869406,18,0.3313487512932023,28,0.5202025641481034
15090,4,0.758877698102883,6,5.3623134008825634E-5,32,0.24106867876310814
17781,13,0.30195419085053443,19,0.35150045619734493,38,0.34654535295212074
14906,12,0.617680009028286,13,0.38231999097171365
19372,8,0.41574378468901796,38,0.30627034172754497,50,0.277985873583437
17997,4,1.0
18071,18,0.1853913964572581,20,0.8146086035427418
15256,6,0.1730595834104382,18,0.8269404165895619
18899,16,0.7906380779518056,31,0.20936192204819473
13586,5,0.00813793113189406,33,0.9918620688681058
15121,32,0.48273446601971076,39,0.5172655339802893
18873,13,0.43173330960873224,22,0.5682666903912678
