3509,Sun 09 Aug 2009 20:50:26 +0000
3419,Thu 30 Jul 2009 08:26:06 +0000
5327,Thu 10 Dec 2009 09:27:39 +0000
5548,Sun 20 Dec 2009 22:29:23 +0000
5724,Wed 30 Dec 2009 14:29:51 +0000
5159,Wed 02 Dec 2009 14:39:25 +0000
3761,Wed 02 Sep 2009 18:45:52 +0000
3439,Sun 02 Aug 2009 08:59:17 +0000
4357,Sun 25 Oct 2009 02:49:49 +0000
3361,Thu 23 Jul 2009 23:12:09 +0000
2517,Mon 27 Apr 2009 08:52:30 +0000
4997,Mon 23 Nov 2009 13:51:28 +0000
3380,Sat 25 Jul 2009 08:48:58 +0000
4245,Wed 14 Oct 2009 07:11:28 +0000
5695,Tue 29 Dec 2009 11:55:26 +0000
2587,Wed 06 May 2009 09:40:44 +0000
3542,Thu 13 Aug 2009 08:16:26 +0000
4207,Sat 10 Oct 2009 00:54:33 +0000
2992,Mon 15 Jun 2009 02:22:20 +0000
2946,Wed 10 Jun 2009 14:44:33 +0000
4271,Fri 16 Oct 2009 07:49:22 +0000
5202,Thu 03 Dec 2009 23:12:48 +0000
2749,Sat 23 May 2009 14:30:13 +0000
5061,Thu 26 Nov 2009 13:38:29 +0000
4327,Thu 22 Oct 2009 21:35:03 +0000
3806,Mon 07 Sep 2009 00:51:11 +0000
4130,Mon 05 Oct 2009 15:06:26 +0000
2534,Tue 28 Apr 2009 20:45:40 +0000
5656,Sat 26 Dec 2009 12:53:10 +0000
5073,Fri 27 Nov 2009 04:52:36 +0000
3836,Wed 09 Sep 2009 16:17:18 +0000
4323,Thu 22 Oct 2009 17:53:27 +0000
3260,Tue 14 Jul 2009 10:04:17 +0000
5544,Sun 20 Dec 2009 07:42:38 +0000
4811,Sun 15 Nov 2009 16:18:01 +0000
5457,Tue 15 Dec 2009 07:59:04 +0000
3279,Thu 16 Jul 2009 08:30:15 +0000
3479,Thu 06 Aug 2009 04:18:59 +0000
3472,Wed 05 Aug 2009 15:46:58 +0000
3932,Thu 17 Sep 2009 15:44:18 +0000
3298,Sat 18 Jul 2009 08:43:00 +0000
5229,Sat 05 Dec 2009 11:14:38 +0000
3708,Fri 28 Aug 2009 21:42:08 +0000
5242,Sun 06 Dec 2009 23:04:29 +0000
4152,Tue 06 Oct 2009 20:49:48 +0000
4639,Tue 10 Nov 2009 09:29:12 +0000
4556,Sat 07 Nov 2009 12:23:04 +0000
2678,Fri 15 May 2009 16:20:01 +0000
2831,Mon 01 Jun 2009 20:57:18 +0000
5694,Tue 29 Dec 2009 09:49:31 +0000
4330,Thu 22 Oct 2009 21:42:10 +0000
4124,Mon 05 Oct 2009 04:57:53 +0000
3342,Wed 22 Jul 2009 07:05:06 +0000
3984,Tue 22 Sep 2009 20:49:41 +0000
4223,Mon 12 Oct 2009 10:47:16 +0000
2899,Sat 06 Jun 2009 14:27:16 +0000
3138,Wed 01 Jul 2009 03:30:57 +0000
2844,Wed 03 Jun 2009 08:51:46 +0000
3575,Mon 17 Aug 2009 10:49:04 +0000
3978,Tue 22 Sep 2009 10:06:19 +0000
3056,Fri 19 Jun 2009 13:57:09 +0000
3197,Tue 07 Jul 2009 17:35:26 +0000
5422,Sun 13 Dec 2009 06:48:24 +0000
3267,Tue 14 Jul 2009 21:16:13 +0000
3421,Thu 30 Jul 2009 08:39:29 +0000
2937,Tue 09 Jun 2009 21:14:19 +0000
4491,Tue 03 Nov 2009 17:25:21 +0000
4434,Fri 30 Oct 2009 10:26:57 +0000
4856,Tue 17 Nov 2009 14:36:44 +0000
2919,Mon 08 Jun 2009 11:06:48 +0000
2911,Sun 07 Jun 2009 22:07:02 +0000
2857,Thu 04 Jun 2009 00:54:48 +0000
5487,Wed 16 Dec 2009 17:15:51 +0000
4365,Mon 26 Oct 2009 00:28:00 +0000
4359,Sun 25 Oct 2009 11:38:52 +0000
4561,Sat 07 Nov 2009 17:38:14 +0000
4511,Wed 04 Nov 2009 19:59:51 +0000
5567,Mon 21 Dec 2009 18:25:43 +0000
2370,Mon 06 Apr 2009 12:01:02 +0000
5199,Thu 03 Dec 2009 22:16:53 +0000
2993,Mon 15 Jun 2009 02:31:50 +0000
5050,Wed 25 Nov 2009 23:46:04 +0000
5447,Mon 14 Dec 2009 20:54:03 +0000
4996,Mon 23 Nov 2009 13:39:45 +0000
4908,Thu 19 Nov 2009 03:24:50 +0000
3382,Sat 25 Jul 2009 13:42:56 +0000
4482,Tue 03 Nov 2009 03:05:52 +0000
5477,Wed 16 Dec 2009 11:07:38 +0000
4194,Thu 08 Oct 2009 21:56:30 +0000
3688,Thu 27 Aug 2009 16:03:56 +0000
3033,Wed 17 Jun 2009 14:01:55 +0000
4279,Sat 17 Oct 2009 08:22:10 +0000
2600,Thu 07 May 2009 08:08:19 +0000
3717,Sun 30 Aug 2009 07:09:34 +0000
5638,Thu 24 Dec 2009 13:16:02 +0000
2932,Tue 09 Jun 2009 17:30:22 +0000
3879,Mon 14 Sep 2009 10:35:48 +0000
5186,Thu 03 Dec 2009 14:19:59 +0000
5041,Wed 25 Nov 2009 15:48:24 +0000
4019,Sat 26 Sep 2009 06:10:23 +0000
2882,Fri 05 Jun 2009 08:48:59 +0000
4595,Sun 08 Nov 2009 20:46:04 +0000
3660,Tue 25 Aug 2009 07:15:23 +0000
4313,Wed 21 Oct 2009 08:03:59 +0000
4479,Tue 03 Nov 2009 02:49:34 +0000
3204,Wed 08 Jul 2009 09:18:06 +0000
4483,Tue 03 Nov 2009 03:15:34 +0000
3681,Wed 26 Aug 2009 18:01:23 +0000
5039,Wed 25 Nov 2009 15:46:25 +0000
2859,Thu 04 Jun 2009 01:58:57 +0000
3685,Thu 27 Aug 2009 09:59:33 +0000
3572,Mon 17 Aug 2009 07:49:56 +0000
3822,Tue 08 Sep 2009 08:29:51 +0000
5421,Sun 13 Dec 2009 06:41:36 +0000
5021,Tue 24 Nov 2009 15:02:49 +0000
5366,Fri 11 Dec 2009 09:32:30 +0000
3725,Mon 31 Aug 2009 06:26:53 +0000
4452,Sat 31 Oct 2009 09:52:44 +0000
4459,Sun 01 Nov 2009 17:10:18 +0000
4103,Sat 03 Oct 2009 11:46:46 +0000
3952,Sun 20 Sep 2009 00:18:19 +0000
5101,Sun 29 Nov 2009 02:20:58 +0000
4123,Mon 05 Oct 2009 04:09:19 +0000
3454,Mon 03 Aug 2009 17:05:09 +0000
3567,Sun 16 Aug 2009 09:43:21 +0000
4087,Thu 01 Oct 2009 19:24:40 +0000
2845,Wed 03 Jun 2009 12:08:41 +0000
3458,Mon 03 Aug 2009 18:39:19 +0000
3641,Sun 23 Aug 2009 21:14:49 +0000
4243,Wed 14 Oct 2009 04:46:46 +0000
3412,Wed 29 Jul 2009 21:28:19 +0000
5369,Fri 11 Dec 2009 12:30:16 +0000
4989,Sun 22 Nov 2009 22:22:58 +0000
4509,Wed 04 Nov 2009 17:11:27 +0000
3255,Tue 14 Jul 2009 07:26:29 +0000
3601,Thu 20 Aug 2009 08:42:08 +0000
4329,Thu 22 Oct 2009 21:41:58 +0000
5530,Fri 18 Dec 2009 22:08:48 +0000
3464,Tue 04 Aug 2009 23:54:24 +0000
4558,Sat 07 Nov 2009 13:35:06 +0000
5716,Wed 30 Dec 2009 01:19:12 +0000
4553,Sat 07 Nov 2009 07:20:36 +0000
3672,Tue 25 Aug 2009 15:55:21 +0000
4110,Sat 03 Oct 2009 17:36:55 +0000
1830,Fri 23 Jan 2009 11:26:21 +0000
3043,Thu 18 Jun 2009 00:30:02 +0000
5608,Tue 22 Dec 2009 23:21:59 +0000
4302,Tue 20 Oct 2009 13:02:48 +0000
5227,Sat 05 Dec 2009 03:02:49 +0000
4960,Fri 20 Nov 2009 20:28:01 +0000
5612,Tue 22 Dec 2009 23:54:13 +0000
4808,Sun 15 Nov 2009 10:26:25 +0000
3864,Fri 11 Sep 2009 19:28:17 +0000
4179,Thu 08 Oct 2009 09:50:27 +0000
1787,Wed 14 Jan 2009 09:43:44 +0000
4510,Wed 04 Nov 2009 19:04:51 +0000
3630,Sat 22 Aug 2009 11:17:31 +0000
2475,Tue 21 Apr 2009 16:51:57 +0000
4278,Sat 17 Oct 2009 03:18:23 +0000
4143,Tue 06 Oct 2009 13:04:54 +0000
4794,Sat 14 Nov 2009 21:59:47 +0000
3697,Fri 28 Aug 2009 09:37:35 +0000
4317,Thu 22 Oct 2009 11:51:11 +0000
4444,Fri 30 Oct 2009 14:52:12 +0000
4344,Fri 23 Oct 2009 18:36:56 +0000
3453,Mon 03 Aug 2009 15:08:46 +0000
5467,Tue 15 Dec 2009 19:55:02 +0000
2933,Tue 09 Jun 2009 18:13:34 +0000
4453,Sat 31 Oct 2009 15:14:04 +0000
4314,Wed 21 Oct 2009 17:28:43 +0000
4412,Thu 29 Oct 2009 07:44:08 +0000
5534,Sat 19 Dec 2009 05:46:34 +0000
5420,Sun 13 Dec 2009 06:40:41 +0000
3525,Tue 11 Aug 2009 16:30:31 +0000
3019,Tue 16 Jun 2009 19:38:11 +0000
3796,Sat 05 Sep 2009 20:35:26 +0000
3486,Thu 06 Aug 2009 14:43:48 +0000
4517,Thu 05 Nov 2009 06:22:44 +0000
2586,Wed 06 May 2009 09:32:56 +0000
4147,Tue 06 Oct 2009 16:19:58 +0000
3490,Fri 07 Aug 2009 01:31:30 +0000
4878,Wed 18 Nov 2009 03:59:27 +0000
3299,Sat 18 Jul 2009 10:36:32 +0000
4466,Mon 02 Nov 2009 06:35:45 +0000
5147,Tue 01 Dec 2009 20:00:24 +0000
4925,Thu 19 Nov 2009 15:46:58 +0000
5040,Wed 25 Nov 2009 15:47:18 +0000
3943,Fri 18 Sep 2009 22:30:03 +0000
4241,Tue 13 Oct 2009 21:24:43 +0000
3022,Wed 17 Jun 2009 00:07:58 +0000
4297,Mon 19 Oct 2009 23:27:34 +0000
2892,Sat 06 Jun 2009 03:28:09 +0000
5326,Thu 10 Dec 2009 09:22:22 +0000
3698,Fri 28 Aug 2009 09:38:39 +0000
3237,Sun 12 Jul 2009 05:53:30 +0000
3431,Fri 31 Jul 2009 19:42:48 +0000
4213,Sat 10 Oct 2009 16:00:55 +0000
5310,Thu 10 Dec 2009 00:01:18 +0000
2719,Tue 19 May 2009 21:06:03 +0000
2727,Thu 21 May 2009 07:47:04 +0000
4328,Thu 22 Oct 2009 21:40:55 +0000
3730,Mon 31 Aug 2009 17:34:41 +0000
2626,Mon 11 May 2009 08:27:56 +0000
5236,Sun 06 Dec 2009 08:24:27 +0000
3863,Fri 11 Sep 2009 18:29:19 +0000
3653,Tue 25 Aug 2009 01:27:39 +0000
3035,Wed 17 Jun 2009 20:08:24 +0000
3551,Thu 13 Aug 2009 21:50:01 +0000
4105,Sat 03 Oct 2009 12:15:50 +0000
3278,Thu 16 Jul 2009 01:04:13 +0000
2940,Wed 10 Jun 2009 08:51:53 +0000
2990,Mon 15 Jun 2009 01:37:00 +0000
3087,Tue 23 Jun 2009 10:00:50 +0000
2789,Thu 28 May 2009 15:28:04 +0000
5042,Wed 25 Nov 2009 15:48:53 +0000
3840,Wed 09 Sep 2009 20:53:37 +0000
4715,Thu 12 Nov 2009 09:19:11 +0000
4975,Sat 21 Nov 2009 11:50:35 +0000
5201,Thu 03 Dec 2009 22:53:14 +0000
5012,Tue 24 Nov 2009 02:04:34 +0000
3007,Tue 16 Jun 2009 01:22:34 +0000
3954,Sun 20 Sep 2009 02:07:42 +0000
3227,Fri 10 Jul 2009 20:14:27 +0000
5438,Mon 14 Dec 2009 14:36:17 +0000
3799,Sun 06 Sep 2009 12:11:43 +0000
4085,Thu 01 Oct 2009 18:18:12 +0000
4656,Tue 10 Nov 2009 19:39:39 +0000
2602,Thu 07 May 2009 08:54:58 +0000
3920,Wed 16 Sep 2009 21:40:08 +0000
5418,Sun 13 Dec 2009 04:11:45 +0000
2524,Mon 27 Apr 2009 23:30:51 +0000
3769,Thu 03 Sep 2009 05:07:00 +0000
2741,Fri 22 May 2009 22:16:43 +0000
5537,Sat 19 Dec 2009 10:23:38 +0000
3206,Wed 08 Jul 2009 10:09:45 +0000
5461,Tue 15 Dec 2009 15:15:28 +0000
3491,Fri 07 Aug 2009 01:52:14 +0000
12093,Sat 23 Oct 2010 04:41:10 +0000
10233,Thu 05 Aug 2010 21:13:15 +0000
10390,Thu 12 Aug 2010 22:25:34 +0000
5970,Mon 11 Jan 2010 12:43:28 +0000
11654,Sun 03 Oct 2010 10:33:02 +0000
11251,Wed 15 Sep 2010 08:20:10 +0000
6502,Sat 06 Feb 2010 00:54:57 +0000
7111,Thu 11 Mar 2010 19:50:14 +0000
10544,Wed 18 Aug 2010 10:55:38 +0000
11595,Thu 30 Sep 2010 09:22:43 +0000
8280,Wed 12 May 2010 02:20:42 +0000
10681,Sun 22 Aug 2010 19:33:50 +0000
9765,Wed 14 Jul 2010 02:28:56 +0000
11122,Thu 09 Sep 2010 09:46:56 +0000
12591,Tue 16 Nov 2010 20:50:45 +0000
12380,Fri 05 Nov 2010 12:43:15 +0000
12557,Mon 15 Nov 2010 10:33:46 +0000
11742,Thu 07 Oct 2010 00:04:26 +0000
11753,Thu 07 Oct 2010 14:15:26 +0000
10636,Fri 20 Aug 2010 17:27:44 +0000
11517,Mon 27 Sep 2010 18:00:27 +0000
7996,Tue 27 Apr 2010 15:27:26 +0000
12842,Mon 29 Nov 2010 17:45:49 +0000
12089,Fri 22 Oct 2010 21:43:44 +0000
12154,Tue 26 Oct 2010 08:01:45 +0000
7735,Thu 15 Apr 2010 03:00:06 +0000
12509,Thu 11 Nov 2010 23:09:18 +0000
12436,Mon 08 Nov 2010 22:32:10 +0000
9341,Fri 25 Jun 2010 22:28:41 +0000
10405,Fri 13 Aug 2010 14:46:40 +0000
5949,Sun 10 Jan 2010 07:54:52 +0000
12492,Thu 11 Nov 2010 04:59:19 +0000
13316,Tue 21 Dec 2010 10:16:39 +0000
11722,Wed 06 Oct 2010 09:17:16 +0000
12362,Thu 04 Nov 2010 15:31:06 +0000
8644,Wed 26 May 2010 18:50:25 +0000
12101,Sat 23 Oct 2010 21:39:16 +0000
13164,Tue 14 Dec 2010 10:07:36 +0000
11898,Fri 15 Oct 2010 18:33:19 +0000
9818,Thu 15 Jul 2010 21:54:37 +0000
7859,Tue 20 Apr 2010 12:27:53 +0000
10847,Sat 28 Aug 2010 15:21:37 +0000
8043,Thu 29 Apr 2010 23:09:35 +0000
10251,Fri 06 Aug 2010 16:27:44 +0000
12422,Mon 08 Nov 2010 09:59:54 +0000
8946,Tue 08 Jun 2010 20:27:36 +0000
12256,Sat 30 Oct 2010 13:50:33 +0000
13011,Tue 07 Dec 2010 16:33:04 +0000
12385,Fri 05 Nov 2010 17:23:49 +0000
11132,Thu 09 Sep 2010 18:41:03 +0000
11696,Tue 05 Oct 2010 08:28:30 +0000
6558,Wed 10 Feb 2010 00:29:46 +0000
11680,Mon 04 Oct 2010 18:22:50 +0000
6423,Wed 03 Feb 2010 05:33:45 +0000
7308,Mon 22 Mar 2010 22:37:48 +0000
11571,Wed 29 Sep 2010 13:37:40 +0000
5990,Tue 12 Jan 2010 07:32:47 +0000
10657,Sat 21 Aug 2010 12:31:54 +0000
10369,Thu 12 Aug 2010 03:09:30 +0000
13076,Fri 10 Dec 2010 00:39:21 +0000
9487,Sat 03 Jul 2010 08:20:28 +0000
13016,Tue 07 Dec 2010 19:17:58 +0000
8865,Sat 05 Jun 2010 15:19:16 +0000
8575,Tue 25 May 2010 09:21:50 +0000
11853,Wed 13 Oct 2010 08:03:17 +0000
9395,Tue 29 Jun 2010 10:50:54 +0000
10304,Mon 09 Aug 2010 16:38:19 +0000
10930,Wed 01 Sep 2010 15:40:41 +0000
8972,Wed 09 Jun 2010 14:08:27 +0000
6405,Tue 02 Feb 2010 13:48:33 +0000
9120,Wed 16 Jun 2010 12:43:38 +0000
8228,Sun 09 May 2010 03:16:39 +0000
6173,Thu 21 Jan 2010 06:38:43 +0000
10760,Wed 25 Aug 2010 07:51:23 +0000
7799,Sat 17 Apr 2010 14:57:45 +0000
5962,Sun 10 Jan 2010 23:23:19 +0000
12645,Fri 19 Nov 2010 09:22:13 +0000
12714,Tue 23 Nov 2010 12:57:05 +0000
9104,Tue 15 Jun 2010 20:36:28 +0000
11323,Fri 17 Sep 2010 17:24:43 +0000
8716,Fri 28 May 2010 20:54:24 +0000
9013,Fri 11 Jun 2010 07:45:11 +0000
10686,Mon 23 Aug 2010 02:40:42 +0000
10406,Fri 13 Aug 2010 15:24:39 +0000
7291,Mon 22 Mar 2010 10:54:39 +0000
10776,Wed 25 Aug 2010 17:52:58 +0000
10717,Mon 23 Aug 2010 22:08:50 +0000
10675,Sun 22 Aug 2010 09:27:24 +0000
8085,Sat 01 May 2010 22:16:26 +0000
6221,Sat 23 Jan 2010 06:40:50 +0000
13407,Fri 24 Dec 2010 23:16:41 +0000
6385,Mon 01 Feb 2010 16:11:34 +0000
12929,Thu 02 Dec 2010 20:42:15 +0000
11471,Sat 25 Sep 2010 08:11:23 +0000
7580,Wed 07 Apr 2010 03:12:39 +0000
12029,Thu 21 Oct 2010 08:02:45 +0000
10615,Fri 20 Aug 2010 08:26:27 +0000
9980,Fri 23 Jul 2010 22:50:26 +0000
8373,Mon 17 May 2010 20:47:22 +0000
12760,Thu 25 Nov 2010 05:03:29 +0000
10234,Thu 05 Aug 2010 21:22:04 +0000
11601,Thu 30 Sep 2010 13:51:49 +0000
11228,Tue 14 Sep 2010 17:03:49 +0000
12036,Thu 21 Oct 2010 12:18:09 +0000
10791,Thu 26 Aug 2010 06:15:45 +0000
13525,Thu 30 Dec 2010 06:49:02 +0000
10330,Tue 10 Aug 2010 17:10:02 +0000
7338,Wed 24 Mar 2010 09:40:52 +0000
9671,Sat 10 Jul 2010 09:38:07 +0000
10419,Sat 14 Aug 2010 09:11:54 +0000
8208,Fri 07 May 2010 10:13:50 +0000
6919,Mon 01 Mar 2010 17:52:03 +0000
6174,Thu 21 Jan 2010 09:00:46 +0000
5850,Wed 06 Jan 2010 11:50:08 +0000
9404,Tue 29 Jun 2010 18:47:40 +0000
11242,Wed 15 Sep 2010 00:09:52 +0000
11908,Sat 16 Oct 2010 13:30:28 +0000
7011,Sat 06 Mar 2010 18:39:05 +0000
11019,Sun 05 Sep 2010 17:51:56 +0000
9346,Sat 26 Jun 2010 16:14:51 +0000
8739,Sun 30 May 2010 15:18:37 +0000
12723,Tue 23 Nov 2010 18:20:31 +0000
5909,Fri 08 Jan 2010 10:27:19 +0000
11985,Tue 19 Oct 2010 14:50:40 +0000
13223,Thu 16 Dec 2010 17:06:23 +0000
11022,Sun 05 Sep 2010 18:18:51 +0000
11201,Mon 13 Sep 2010 19:57:00 +0000
13458,Tue 28 Dec 2010 04:14:55 +0000
11992,Tue 19 Oct 2010 22:09:18 +0000
9692,Sun 11 Jul 2010 20:25:17 +0000
12800,Fri 26 Nov 2010 12:41:37 +0000
12668,Sat 20 Nov 2010 15:57:11 +0000
8763,Mon 31 May 2010 21:18:15 +0000
12181,Wed 27 Oct 2010 02:11:18 +0000
7424,Mon 29 Mar 2010 01:12:34 +0000
10991,Fri 03 Sep 2010 21:52:26 +0000
7162,Mon 15 Mar 2010 10:12:22 +0000
10339,Wed 11 Aug 2010 06:08:19 +0000
12867,Tue 30 Nov 2010 15:22:30 +0000
6724,Fri 19 Feb 2010 09:14:13 +0000
12726,Wed 24 Nov 2010 05:01:21 +0000
10015,Mon 26 Jul 2010 20:35:19 +0000
9085,Tue 15 Jun 2010 03:23:52 +0000
9857,Sun 18 Jul 2010 11:30:12 +0000
9803,Thu 15 Jul 2010 12:21:27 +0000
13394,Thu 23 Dec 2010 20:31:00 +0000
10747,Tue 24 Aug 2010 18:36:49 +0000
9689,Sun 11 Jul 2010 09:43:28 +0000
12877,Wed 01 Dec 2010 01:32:42 +0000
9298,Thu 24 Jun 2010 08:01:15 +0000
12681,Sun 21 Nov 2010 15:11:12 +0000
11781,Sat 09 Oct 2010 01:28:37 +0000
9054,Sun 13 Jun 2010 22:00:25 +0000
10307,Mon 09 Aug 2010 17:36:50 +0000
10343,Wed 11 Aug 2010 10:18:32 +0000
10311,Mon 09 Aug 2010 20:35:23 +0000
11544,Tue 28 Sep 2010 17:07:37 +0000
13005,Tue 07 Dec 2010 10:05:45 +0000
10486,Mon 16 Aug 2010 18:46:26 +0000
10976,Fri 03 Sep 2010 04:33:33 +0000
11389,Tue 21 Sep 2010 21:12:34 +0000
11236,Tue 14 Sep 2010 22:10:41 +0000
9784,Wed 14 Jul 2010 20:49:09 +0000
9155,Thu 17 Jun 2010 15:03:04 +0000
12971,Mon 06 Dec 2010 12:06:59 +0000
10859,Sun 29 Aug 2010 15:47:16 +0000
10936,Wed 01 Sep 2010 21:24:19 +0000
7812,Sun 18 Apr 2010 15:18:09 +0000
9696,Mon 12 Jul 2010 02:12:08 +0000
6509,Sat 06 Feb 2010 21:27:42 +0000
7000,Fri 05 Mar 2010 16:54:41 +0000
12276,Mon 01 Nov 2010 04:24:25 +0000
11408,Wed 22 Sep 2010 19:00:11 +0000
13509,Wed 29 Dec 2010 18:09:31 +0000
9212,Sun 20 Jun 2010 07:47:02 +0000
13112,Sat 11 Dec 2010 11:18:27 +0000
11314,Fri 17 Sep 2010 13:43:40 +0000
8249,Mon 10 May 2010 19:19:00 +0000
9326,Fri 25 Jun 2010 12:21:28 +0000
11741,Thu 07 Oct 2010 00:00:17 +0000
9464,Fri 02 Jul 2010 13:56:26 +0000
11808,Mon 11 Oct 2010 14:18:10 +0000
11663,Sun 03 Oct 2010 19:16:52 +0000
13443,Mon 27 Dec 2010 17:03:51 +0000
5855,Wed 06 Jan 2010 15:50:23 +0000
7194,Tue 16 Mar 2010 20:38:04 +0000
7687,Tue 13 Apr 2010 09:06:12 +0000
11061,Tue 07 Sep 2010 04:35:37 +0000
13442,Mon 27 Dec 2010 17:01:11 +0000
10578,Thu 19 Aug 2010 11:06:15 +0000
5795,Mon 04 Jan 2010 00:03:16 +0000
8848,Fri 04 Jun 2010 12:41:37 +0000
12365,Thu 04 Nov 2010 16:33:22 +0000
10389,Thu 12 Aug 2010 22:18:26 +0000
8910,Mon 07 Jun 2010 13:40:31 +0000
12333,Wed 03 Nov 2010 17:48:06 +0000
8476,Sat 22 May 2010 18:11:43 +0000
12736,Wed 24 Nov 2010 15:40:58 +0000
9486,Sat 03 Jul 2010 08:20:19 +0000
9419,Wed 30 Jun 2010 13:07:50 +0000
10811,Fri 27 Aug 2010 06:40:40 +0000
10464,Mon 16 Aug 2010 10:58:53 +0000
8429,Thu 20 May 2010 22:03:53 +0000
12293,Mon 01 Nov 2010 15:32:42 +0000
12031,Thu 21 Oct 2010 09:49:38 +0000
11554,Wed 29 Sep 2010 02:26:18 +0000
6344,Fri 29 Jan 2010 10:53:11 +0000
9550,Tue 06 Jul 2010 05:30:13 +0000
8566,Mon 24 May 2010 22:16:27 +0000
10162,Tue 03 Aug 2010 14:51:17 +0000
6100,Sun 17 Jan 2010 01:56:38 +0000
9564,Tue 06 Jul 2010 17:46:56 +0000
13186,Tue 14 Dec 2010 22:07:35 +0000
9366,Mon 28 Jun 2010 04:15:20 +0000
12922,Thu 02 Dec 2010 14:10:18 +0000
9069,Mon 14 Jun 2010 17:42:34 +0000
10159,Tue 03 Aug 2010 12:53:45 +0000
8888,Mon 07 Jun 2010 01:08:56 +0000
12116,Sun 24 Oct 2010 14:51:45 +0000
10163,Tue 03 Aug 2010 15:09:56 +0000
12829,Sun 28 Nov 2010 13:18:28 +0000
9888,Mon 19 Jul 2010 21:22:07 +0000
11994,Tue 19 Oct 2010 23:34:09 +0000
9703,Mon 12 Jul 2010 10:02:07 +0000
10513,Tue 17 Aug 2010 15:24:36 +0000
6594,Thu 11 Feb 2010 10:53:44 +0000
11560,Wed 29 Sep 2010 04:22:12 +0000
11020,Sun 05 Sep 2010 18:02:54 +0000
12820,Sat 27 Nov 2010 23:50:48 +0000
9128,Wed 16 Jun 2010 19:39:34 +0000
9518,Sun 04 Jul 2010 16:00:44 +0000
6063,Fri 15 Jan 2010 14:06:46 +0000
9098,Tue 15 Jun 2010 13:18:26 +0000
10472,Mon 16 Aug 2010 15:52:08 +0000
13170,Tue 14 Dec 2010 14:43:46 +0000
10988,Fri 03 Sep 2010 18:01:44 +0000
6731,Fri 19 Feb 2010 16:20:34 +0000
7071,Wed 10 Mar 2010 04:12:59 +0000
8643,Wed 26 May 2010 18:38:42 +0000
6801,Tue 23 Feb 2010 13:20:10 +0000
13310,Tue 21 Dec 2010 08:07:20 +0000
7236,Thu 18 Mar 2010 16:09:47 +0000
7971,Mon 26 Apr 2010 14:13:23 +0000
12157,Tue 26 Oct 2010 09:55:09 +0000
7616,Thu 08 Apr 2010 11:49:45 +0000
6287,Tue 26 Jan 2010 19:37:04 +0000
7892,Wed 21 Apr 2010 13:53:08 +0000
11653,Sun 03 Oct 2010 07:29:20 +0000
8583,Tue 25 May 2010 14:45:04 +0000
11226,Tue 14 Sep 2010 15:37:10 +0000
7051,Tue 09 Mar 2010 09:33:39 +0000
13424,Sun 26 Dec 2010 15:49:20 +0000
11660,Sun 03 Oct 2010 15:39:26 +0000
11058,Tue 07 Sep 2010 02:57:58 +0000
12795,Fri 26 Nov 2010 08:57:50 +0000
7017,Sun 07 Mar 2010 04:18:38 +0000
11913,Sat 16 Oct 2010 19:19:01 +0000
12288,Mon 01 Nov 2010 14:06:13 +0000
8113,Mon 03 May 2010 12:07:04 +0000
9647,Fri 09 Jul 2010 09:45:33 +0000
11899,Fri 15 Oct 2010 19:33:44 +0000
11674,Mon 04 Oct 2010 13:00:15 +0000
11185,Mon 13 Sep 2010 07:03:31 +0000
8800,Wed 02 Jun 2010 16:40:25 +0000
9981,Sat 24 Jul 2010 01:00:12 +0000
7663,Sun 11 Apr 2010 18:29:44 +0000
7519,Sat 03 Apr 2010 07:28:16 +0000
10070,Thu 29 Jul 2010 08:46:13 +0000
12326,Wed 03 Nov 2010 10:19:12 +0000
12908,Thu 02 Dec 2010 00:21:38 +0000
6104,Sun 17 Jan 2010 10:09:54 +0000
9791,Wed 14 Jul 2010 22:56:52 +0000
8620,Wed 26 May 2010 12:32:56 +0000
9907,Tue 20 Jul 2010 13:57:29 +0000
7671,Mon 12 Apr 2010 07:39:43 +0000
9377,Mon 28 Jun 2010 11:32:29 +0000
10225,Thu 05 Aug 2010 16:50:00 +0000
11450,Fri 24 Sep 2010 14:17:01 +0000
8319,Thu 13 May 2010 21:50:18 +0000
11514,Mon 27 Sep 2010 16:51:15 +0000
11026,Sun 05 Sep 2010 19:58:28 +0000
11588,Thu 30 Sep 2010 02:43:13 +0000
5992,Tue 12 Jan 2010 08:42:54 +0000
6739,Sat 20 Feb 2010 00:32:27 +0000
9347,Sat 26 Jun 2010 16:15:01 +0000
9855,Sat 17 Jul 2010 17:46:23 +0000
12106,Sun 24 Oct 2010 08:56:20 +0000
11642,Sat 02 Oct 2010 10:51:24 +0000
13446,Mon 27 Dec 2010 18:04:18 +0000
12832,Sun 28 Nov 2010 16:10:36 +0000
10147,Mon 02 Aug 2010 16:19:09 +0000
8217,Sat 08 May 2010 09:36:17 +0000
13508,Wed 29 Dec 2010 18:06:15 +0000
6203,Fri 22 Jan 2010 17:43:39 +0000
12650,Fri 19 Nov 2010 15:25:24 +0000
8033,Thu 29 Apr 2010 12:47:02 +0000
11337,Sat 18 Sep 2010 04:47:14 +0000
8984,Thu 10 Jun 2010 00:30:38 +0000
11013,Sun 05 Sep 2010 17:03:19 +0000
11277,Thu 16 Sep 2010 14:14:05 +0000
8030,Thu 29 Apr 2010 10:27:05 +0000
7178,Tue 16 Mar 2010 04:28:45 +0000
11328,Fri 17 Sep 2010 20:09:33 +0000
6699,Wed 17 Feb 2010 16:37:28 +0000
7609,Thu 08 Apr 2010 07:38:05 +0000
8698,Fri 28 May 2010 07:28:42 +0000
9602,Wed 07 Jul 2010 22:44:26 +0000
10730,Tue 24 Aug 2010 08:13:52 +0000
11876,Thu 14 Oct 2010 14:16:05 +0000
9715,Mon 12 Jul 2010 13:47:49 +0000
12112,Sun 24 Oct 2010 11:26:45 +0000
8730,Sat 29 May 2010 20:04:44 +0000
11644,Sat 02 Oct 2010 13:05:09 +0000
10280,Sat 07 Aug 2010 18:37:16 +0000
8531,Mon 24 May 2010 15:07:31 +0000
12675,Sun 21 Nov 2010 09:11:48 +0000
13007,Tue 07 Dec 2010 11:08:47 +0000
6355,Fri 29 Jan 2010 23:46:41 +0000
10086,Thu 29 Jul 2010 23:40:10 +0000
7945,Sat 24 Apr 2010 09:29:04 +0000
9017,Fri 11 Jun 2010 10:36:08 +0000
9501,Sat 03 Jul 2010 22:09:17 +0000
10018,Mon 26 Jul 2010 21:46:42 +0000
11578,Wed 29 Sep 2010 18:45:18 +0000
11522,Mon 27 Sep 2010 19:14:27 +0000
9436,Thu 01 Jul 2010 13:30:16 +0000
11021,Sun 05 Sep 2010 18:12:38 +0000
11433,Thu 23 Sep 2010 22:53:10 +0000
11955,Mon 18 Oct 2010 18:12:37 +0000
7521,Sat 03 Apr 2010 16:24:29 +0000
6020,Wed 13 Jan 2010 10:24:00 +0000
13166,Tue 14 Dec 2010 10:12:58 +0000
11102,Wed 08 Sep 2010 14:31:45 +0000
10359,Wed 11 Aug 2010 21:17:47 +0000
9797,Thu 15 Jul 2010 05:22:32 +0000
13146,Mon 13 Dec 2010 16:51:34 +0000
9772,Wed 14 Jul 2010 12:29:16 +0000
12648,Fri 19 Nov 2010 13:21:36 +0000
11241,Tue 14 Sep 2010 23:29:07 +0000
10348,Wed 11 Aug 2010 13:44:50 +0000
9169,Thu 17 Jun 2010 23:50:11 +0000
11250,Wed 15 Sep 2010 08:13:14 +0000
11610,Fri 01 Oct 2010 01:08:37 +0000
10293,Sun 08 Aug 2010 12:13:38 +0000
12403,Sun 07 Nov 2010 03:04:16 +0000
10154,Mon 02 Aug 2010 23:33:57 +0000
11857,Wed 13 Oct 2010 11:32:07 +0000
10806,Thu 26 Aug 2010 20:40:17 +0000
12096,Sat 23 Oct 2010 12:47:35 +0000
12974,Mon 06 Dec 2010 16:14:23 +0000
11917,Sun 17 Oct 2010 00:43:56 +0000
11169,Sun 12 Sep 2010 04:37:38 +0000
10129,Sun 01 Aug 2010 20:36:53 +0000
7398,Sat 27 Mar 2010 01:28:06 +0000
11549,Tue 28 Sep 2010 19:42:00 +0000
10774,Wed 25 Aug 2010 15:47:23 +0000
10509,Tue 17 Aug 2010 13:20:20 +0000
12270,Sun 31 Oct 2010 21:03:26 +0000
8153,Tue 04 May 2010 21:32:32 +0000
10923,Wed 01 Sep 2010 10:18:26 +0000
12125,Sun 24 Oct 2010 21:41:02 +0000
12875,Tue 30 Nov 2010 23:39:13 +0000
8268,Tue 11 May 2010 19:29:21 +0000
8723,Sat 29 May 2010 06:59:15 +0000
8528,Mon 24 May 2010 12:53:44 +0000
9264,Tue 22 Jun 2010 20:45:31 +0000
7402,Sat 27 Mar 2010 12:52:37 +0000
13439,Mon 27 Dec 2010 15:05:55 +0000
8376,Tue 18 May 2010 01:59:22 +0000
9993,Sun 25 Jul 2010 16:17:58 +0000
11184,Mon 13 Sep 2010 06:50:09 +0000
6485,Fri 05 Feb 2010 13:13:14 +0000
7718,Wed 14 Apr 2010 15:08:26 +0000
7131,Fri 12 Mar 2010 22:24:28 +0000
7073,Wed 10 Mar 2010 09:06:07 +0000
9091,Tue 15 Jun 2010 09:53:12 +0000
12888,Wed 01 Dec 2010 15:08:56 +0000
8118,Mon 03 May 2010 14:11:41 +0000
12220,Thu 28 Oct 2010 18:04:16 +0000
12577,Tue 16 Nov 2010 06:03:21 +0000
9763,Tue 13 Jul 2010 22:47:09 +0000
9782,Wed 14 Jul 2010 20:35:34 +0000
9396,Tue 29 Jun 2010 12:53:34 +0000
7484,Thu 01 Apr 2010 06:40:43 +0000
9770,Wed 14 Jul 2010 11:14:07 +0000
10392,Fri 13 Aug 2010 00:52:32 +0000
8343,Sat 15 May 2010 04:34:44 +0000
11008,Sun 05 Sep 2010 05:38:35 +0000
11029,Sun 05 Sep 2010 21:08:24 +0000
10999,Sat 04 Sep 2010 08:22:06 +0000
12120,Sun 24 Oct 2010 17:06:12 +0000
12084,Fri 22 Oct 2010 16:29:00 +0000
9781,Wed 14 Jul 2010 20:11:57 +0000
8452,Fri 21 May 2010 14:50:16 +0000
7833,Mon 19 Apr 2010 05:53:28 +0000
11926,Sun 17 Oct 2010 22:03:28 +0000
9184,Fri 18 Jun 2010 19:32:38 +0000
10569,Wed 18 Aug 2010 19:40:41 +0000
9485,Sat 03 Jul 2010 08:18:35 +0000
10279,Sat 07 Aug 2010 18:14:30 +0000
10093,Fri 30 Jul 2010 10:57:41 +0000
6155,Wed 20 Jan 2010 15:01:29 +0000
11204,Tue 14 Sep 2010 01:16:53 +0000
12605,Wed 17 Nov 2010 23:44:08 +0000
10168,Tue 03 Aug 2010 18:33:10 +0000
9131,Wed 16 Jun 2010 21:29:49 +0000
12135,Mon 25 Oct 2010 13:19:54 +0000
10213,Thu 05 Aug 2010 07:50:38 +0000
6300,Wed 27 Jan 2010 08:00:07 +0000
8636,Wed 26 May 2010 15:33:47 +0000
12511,Fri 12 Nov 2010 03:57:23 +0000
12796,Fri 26 Nov 2010 09:14:36 +0000
12110,Sun 24 Oct 2010 09:40:53 +0000
10957,Thu 02 Sep 2010 13:21:16 +0000
12232,Fri 29 Oct 2010 06:12:24 +0000
6111,Mon 18 Jan 2010 00:47:17 +0000
8002,Tue 27 Apr 2010 21:08:10 +0000
8532,Mon 24 May 2010 15:07:44 +0000
12490,Wed 10 Nov 2010 23:46:49 +0000
10835,Sat 28 Aug 2010 05:43:34 +0000
7775,Fri 16 Apr 2010 08:18:33 +0000
7469,Wed 31 Mar 2010 10:37:00 +0000
12959,Sun 05 Dec 2010 19:02:53 +0000
9000,Thu 10 Jun 2010 17:41:43 +0000
7744,Thu 15 Apr 2010 08:03:26 +0000
9442,Thu 01 Jul 2010 18:18:04 +0000
6182,Thu 21 Jan 2010 13:15:52 +0000
13206,Thu 16 Dec 2010 01:22:19 +0000
9348,Sat 26 Jun 2010 16:59:34 +0000
8428,Thu 20 May 2010 20:46:23 +0000
10901,Tue 31 Aug 2010 15:53:06 +0000
9020,Fri 11 Jun 2010 12:20:48 +0000
12341,Wed 03 Nov 2010 20:36:34 +0000
8475,Sat 22 May 2010 17:00:02 +0000
8412,Thu 20 May 2010 10:37:30 +0000
8552,Mon 24 May 2010 16:54:41 +0000
6734,Fri 19 Feb 2010 18:21:33 +0000
9064,Mon 14 Jun 2010 09:48:16 +0000
12107,Sun 24 Oct 2010 08:56:29 +0000
9371,Mon 28 Jun 2010 08:35:48 +0000
11519,Mon 27 Sep 2010 18:42:42 +0000
6472,Fri 05 Feb 2010 01:52:27 +0000
9373,Mon 28 Jun 2010 09:17:27 +0000
9796,Thu 15 Jul 2010 05:19:55 +0000
11625,Fri 01 Oct 2010 17:06:49 +0000
13405,Fri 24 Dec 2010 16:45:45 +0000
9760,Tue 13 Jul 2010 21:10:00 +0000
13445,Mon 27 Dec 2010 17:12:04 +0000
8090,Sun 02 May 2010 09:32:48 +0000
10341,Wed 11 Aug 2010 07:01:27 +0000
11087,Wed 08 Sep 2010 01:08:58 +0000
11943,Mon 18 Oct 2010 09:12:53 +0000
6378,Mon 01 Feb 2010 03:41:30 +0000
9795,Thu 15 Jul 2010 01:16:30 +0000
8065,Sat 01 May 2010 05:53:59 +0000
12612,Thu 18 Nov 2010 06:07:43 +0000
12671,Sat 20 Nov 2010 20:30:40 +0000
11911,Sat 16 Oct 2010 17:15:49 +0000
10353,Wed 11 Aug 2010 16:16:41 +0000
9648,Fri 09 Jul 2010 10:53:37 +0000
10305,Mon 09 Aug 2010 16:57:15 +0000
12807,Fri 26 Nov 2010 19:15:25 +0000
9070,Mon 14 Jun 2010 18:48:36 +0000
8016,Wed 28 Apr 2010 11:35:00 +0000
13013,Tue 07 Dec 2010 17:02:16 +0000
12217,Thu 28 Oct 2010 08:44:00 +0000
11111,Wed 08 Sep 2010 22:23:36 +0000
9489,Sat 03 Jul 2010 09:55:09 +0000
8183,Thu 06 May 2010 08:19:29 +0000
12286,Mon 01 Nov 2010 12:49:45 +0000
12061,Thu 21 Oct 2010 15:38:01 +0000
11049,Mon 06 Sep 2010 21:46:09 +0000
8179,Thu 06 May 2010 05:11:39 +0000
11025,Sun 05 Sep 2010 19:01:18 +0000
12504,Thu 11 Nov 2010 16:54:13 +0000
11316,Fri 17 Sep 2010 13:59:33 +0000
12383,Fri 05 Nov 2010 16:10:55 +0000
11756,Thu 07 Oct 2010 22:12:19 +0000
11476,Sat 25 Sep 2010 11:47:08 +0000
10932,Wed 01 Sep 2010 15:51:58 +0000
11406,Wed 22 Sep 2010 17:47:45 +0000
7912,Thu 22 Apr 2010 09:55:16 +0000
12450,Tue 09 Nov 2010 11:24:09 +0000
12477,Wed 10 Nov 2010 13:27:42 +0000
10482,Mon 16 Aug 2010 18:20:35 +0000
8317,Thu 13 May 2010 16:23:08 +0000
10274,Sat 07 Aug 2010 15:05:20 +0000
6216,Sat 23 Jan 2010 01:33:21 +0000
10737,Tue 24 Aug 2010 12:41:19 +0000
11354,Sun 19 Sep 2010 12:37:17 +0000
11417,Thu 23 Sep 2010 07:44:15 +0000
12142,Mon 25 Oct 2010 21:41:48 +0000
9496,Sat 03 Jul 2010 18:52:39 +0000
10661,Sat 21 Aug 2010 16:02:31 +0000
11341,Sat 18 Sep 2010 18:56:22 +0000
11329,Fri 17 Sep 2010 21:58:53 +0000
12437,Tue 09 Nov 2010 00:15:55 +0000
10543,Wed 18 Aug 2010 10:38:23 +0000
12545,Sun 14 Nov 2010 20:18:42 +0000
13236,Fri 17 Dec 2010 04:59:44 +0000
9994,Sun 25 Jul 2010 16:20:21 +0000
11120,Thu 09 Sep 2010 08:10:30 +0000
8988,Thu 10 Jun 2010 04:52:23 +0000
12208,Thu 28 Oct 2010 00:49:21 +0000
12603,Wed 17 Nov 2010 15:36:38 +0000
10288,Sun 08 Aug 2010 05:14:17 +0000
12092,Sat 23 Oct 2010 01:49:44 +0000
8887,Mon 07 Jun 2010 01:06:47 +0000
7100,Wed 10 Mar 2010 23:10:57 +0000
9970,Fri 23 Jul 2010 11:19:29 +0000
10403,Fri 13 Aug 2010 11:05:08 +0000
13026,Wed 08 Dec 2010 09:22:03 +0000
9308,Thu 24 Jun 2010 18:26:31 +0000
10677,Sun 22 Aug 2010 17:43:19 +0000
10367,Thu 12 Aug 2010 03:04:16 +0000
10499,Tue 17 Aug 2010 02:33:26 +0000
10465,Mon 16 Aug 2010 11:11:57 +0000
7358,Wed 24 Mar 2010 19:44:49 +0000
8918,Mon 07 Jun 2010 20:53:22 +0000
9524,Mon 05 Jul 2010 02:14:24 +0000
11017,Sun 05 Sep 2010 17:41:51 +0000
9690,Sun 11 Jul 2010 12:21:07 +0000
11024,Sun 05 Sep 2010 18:49:40 +0000
10523,Tue 17 Aug 2010 21:58:58 +0000
11834,Tue 12 Oct 2010 13:09:59 +0000
9202,Sat 19 Jun 2010 17:37:05 +0000
9749,Tue 13 Jul 2010 13:55:45 +0000
11412,Thu 23 Sep 2010 00:47:00 +0000
7004,Sat 06 Mar 2010 04:09:01 +0000
7862,Tue 20 Apr 2010 14:02:08 +0000
11015,Sun 05 Sep 2010 17:24:03 +0000
7627,Thu 08 Apr 2010 18:33:02 +0000
12428,Mon 08 Nov 2010 13:21:17 +0000
11931,Mon 18 Oct 2010 06:09:23 +0000
10691,Mon 23 Aug 2010 08:37:44 +0000
12155,Tue 26 Oct 2010 08:15:23 +0000
7614,Thu 08 Apr 2010 10:33:32 +0000
8028,Thu 29 Apr 2010 07:22:50 +0000
8462,Sat 22 May 2010 00:45:08 +0000
9694,Mon 12 Jul 2010 00:09:26 +0000
13077,Fri 10 Dec 2010 05:39:15 +0000
11562,Wed 29 Sep 2010 08:15:56 +0000
10537,Wed 18 Aug 2010 07:24:13 +0000
10889,Tue 31 Aug 2010 04:58:15 +0000
10694,Mon 23 Aug 2010 09:47:43 +0000
12423,Mon 08 Nov 2010 10:19:42 +0000
12010,Wed 20 Oct 2010 16:49:14 +0000
7801,Sat 17 Apr 2010 17:54:56 +0000
11460,Fri 24 Sep 2010 19:55:10 +0000
12722,Tue 23 Nov 2010 18:19:38 +0000
12211,Thu 28 Oct 2010 03:33:16 +0000
8000,Tue 27 Apr 2010 16:57:53 +0000
10301,Mon 09 Aug 2010 09:26:06 +0000
12883,Wed 01 Dec 2010 09:20:03 +0000
12510,Fri 12 Nov 2010 03:38:16 +0000
12751,Thu 25 Nov 2010 00:15:57 +0000
12700,Mon 22 Nov 2010 16:36:45 +0000
12797,Fri 26 Nov 2010 10:08:17 +0000
8064,Sat 01 May 2010 03:21:18 +0000
13068,Thu 09 Dec 2010 17:57:00 +0000
11327,Fri 17 Sep 2010 19:33:54 +0000
10240,Fri 06 Aug 2010 10:27:55 +0000
11252,Wed 15 Sep 2010 08:21:57 +0000
10788,Thu 26 Aug 2010 04:35:11 +0000
6417,Wed 03 Feb 2010 00:55:23 +0000
11338,Sat 18 Sep 2010 08:12:52 +0000
13039,Wed 08 Dec 2010 19:42:50 +0000
6334,Fri 29 Jan 2010 00:34:15 +0000
13483,Tue 28 Dec 2010 22:02:14 +0000
10924,Wed 01 Sep 2010 10:19:33 +0000
9269,Wed 23 Jun 2010 00:17:16 +0000
10629,Fri 20 Aug 2010 12:25:18 +0000
8922,Mon 07 Jun 2010 23:46:48 +0000
11233,Tue 14 Sep 2010 20:22:55 +0000
8282,Wed 12 May 2010 03:21:55 +0000
11159,Sat 11 Sep 2010 06:37:18 +0000
11007,Sun 05 Sep 2010 05:36:32 +0000
5991,Tue 12 Jan 2010 07:45:37 +0000
7774,Fri 16 Apr 2010 08:07:12 +0000
9832,Fri 16 Jul 2010 14:17:11 +0000
11551,Tue 28 Sep 2010 21:45:27 +0000
12108,Sun 24 Oct 2010 09:22:01 +0000
13311,Tue 21 Dec 2010 08:15:23 +0000
10724,Tue 24 Aug 2010 02:21:10 +0000
9372,Mon 28 Jun 2010 08:46:01 +0000
9340,Fri 25 Jun 2010 22:01:43 +0000
9488,Sat 03 Jul 2010 08:20:29 +0000
13006,Tue 07 Dec 2010 10:28:28 +0000
12745,Wed 24 Nov 2010 21:14:50 +0000
13130,Sun 12 Dec 2010 19:23:36 +0000
9370,Mon 28 Jun 2010 07:49:11 +0000
8188,Thu 06 May 2010 14:01:29 +0000
7721,Wed 14 Apr 2010 16:58:17 +0000
11804,Mon 11 Oct 2010 10:42:58 +0000
8897,Mon 07 Jun 2010 08:36:53 +0000
10910,Wed 01 Sep 2010 03:34:27 +0000
10157,Tue 03 Aug 2010 08:48:44 +0000
12136,Mon 25 Oct 2010 14:19:46 +0000
10967,Thu 02 Sep 2010 17:10:04 +0000
10347,Wed 11 Aug 2010 13:15:03 +0000
10160,Tue 03 Aug 2010 13:37:10 +0000
8921,Mon 07 Jun 2010 23:42:17 +0000
13364,Wed 22 Dec 2010 09:08:38 +0000
6342,Fri 29 Jan 2010 07:56:32 +0000
13087,Fri 10 Dec 2010 17:29:44 +0000
10972,Thu 02 Sep 2010 23:53:19 +0000
12776,Thu 25 Nov 2010 19:04:41 +0000
10169,Tue 03 Aug 2010 18:40:00 +0000
9604,Thu 08 Jul 2010 02:13:27 +0000
12540,Sun 14 Nov 2010 02:40:25 +0000
11260,Wed 15 Sep 2010 15:35:59 +0000
13102,Sat 11 Dec 2010 00:21:39 +0000
12634,Thu 18 Nov 2010 21:36:23 +0000
7095,Wed 10 Mar 2010 22:27:41 +0000
10596,Thu 19 Aug 2010 18:01:43 +0000
6315,Wed 27 Jan 2010 20:58:57 +0000
11119,Thu 09 Sep 2010 08:00:45 +0000
12600,Wed 17 Nov 2010 06:27:50 +0000
10856,Sun 29 Aug 2010 10:59:55 +0000
10933,Wed 01 Sep 2010 15:52:08 +0000
9536,Mon 05 Jul 2010 16:03:36 +0000
9463,Fri 02 Jul 2010 13:52:25 +0000
9052,Sun 13 Jun 2010 20:47:04 +0000
6891,Sat 27 Feb 2010 01:40:11 +0000
9759,Tue 13 Jul 2010 21:01:45 +0000
10110,Fri 30 Jul 2010 23:14:00 +0000
6167,Wed 20 Jan 2010 23:58:48 +0000
9580,Wed 07 Jul 2010 08:35:54 +0000
8466,Sat 22 May 2010 09:13:30 +0000
11520,Mon 27 Sep 2010 18:42:56 +0000
9213,Sun 20 Jun 2010 07:52:13 +0000
12177,Tue 26 Oct 2010 22:17:22 +0000
13034,Wed 08 Dec 2010 14:49:02 +0000
9350,Sat 26 Jun 2010 18:11:07 +0000
11701,Tue 05 Oct 2010 11:32:49 +0000
11684,Mon 04 Oct 2010 21:42:25 +0000
8917,Mon 07 Jun 2010 20:23:02 +0000
11826,Tue 12 Oct 2010 08:49:12 +0000
10927,Wed 01 Sep 2010 12:33:05 +0000
8247,Mon 10 May 2010 18:19:17 +0000
11227,Tue 14 Sep 2010 15:37:10 +0000
10769,Wed 25 Aug 2010 13:16:41 +0000
10632,Fri 20 Aug 2010 14:41:55 +0000
8334,Fri 14 May 2010 09:07:25 +0000
12958,Sun 05 Dec 2010 17:48:52 +0000
10817,Fri 27 Aug 2010 10:41:06 +0000
13268,Sun 19 Dec 2010 14:06:42 +0000
11126,Thu 09 Sep 2010 14:08:41 +0000
8403,Wed 19 May 2010 20:54:49 +0000
9037,Sat 12 Jun 2010 19:13:42 +0000
11900,Fri 15 Oct 2010 20:03:21 +0000
11441,Fri 24 Sep 2010 07:18:01 +0000
11171,Sun 12 Sep 2010 12:14:45 +0000
10533,Wed 18 Aug 2010 06:02:51 +0000
10879,Mon 30 Aug 2010 14:28:36 +0000
8366,Mon 17 May 2010 12:22:40 +0000
6978,Thu 04 Mar 2010 11:05:57 +0000
10092,Fri 30 Jul 2010 10:50:38 +0000
12581,Tue 16 Nov 2010 11:08:38 +0000
11395,Wed 22 Sep 2010 09:29:52 +0000
11632,Sat 02 Oct 2010 04:40:16 +0000
7229,Thu 18 Mar 2010 09:15:11 +0000
13540,Thu 30 Dec 2010 20:27:49 +0000
9492,Sat 03 Jul 2010 11:58:12 +0000
10734,Tue 24 Aug 2010 10:29:41 +0000
12189,Wed 27 Oct 2010 10:07:30 +0000
7751,Thu 15 Apr 2010 14:01:33 +0000
13012,Tue 07 Dec 2010 16:33:05 +0000
11121,Thu 09 Sep 2010 08:13:06 +0000
10462,Mon 16 Aug 2010 09:47:07 +0000
5975,Mon 11 Jan 2010 14:24:04 +0000
10121,Sat 31 Jul 2010 19:18:34 +0000
11477,Sat 25 Sep 2010 14:36:29 +0000
10718,Mon 23 Aug 2010 23:48:14 +0000
9845,Sat 17 Jul 2010 06:36:57 +0000
10637,Fri 20 Aug 2010 18:19:11 +0000
12735,Wed 24 Nov 2010 15:38:13 +0000
11257,Wed 15 Sep 2010 14:44:02 +0000
10669,Sun 22 Aug 2010 01:53:11 +0000
12677,Sun 21 Nov 2010 09:26:37 +0000
11155,Fri 10 Sep 2010 20:20:49 +0000
12960,Sun 05 Dec 2010 19:17:16 +0000
18860,Wed 27 Jul 2011 14:34:24 +0000
15852,Wed 30 Mar 2011 07:47:49 +0000
20059,Thu 15 Sep 2011 03:10:26 +0000
14040,Sat 15 Jan 2011 20:43:14 +0000
13833,Sat 08 Jan 2011 07:27:38 +0000
20096,Fri 16 Sep 2011 17:12:11 +0000
15230,Fri 04 Mar 2011 10:12:49 +0000
19121,Mon 08 Aug 2011 21:45:44 +0000
17568,Sat 11 Jun 2011 00:54:21 +0000
15470,Sun 13 Mar 2011 15:16:24 +0000
18193,Sat 02 Jul 2011 08:22:50 +0000
14294,Tue 25 Jan 2011 13:36:15 +0000
15559,Wed 16 Mar 2011 22:34:25 +0000
20162,Mon 19 Sep 2011 14:04:54 +0000
15356,Wed 09 Mar 2011 10:12:35 +0000
15049,Sat 26 Feb 2011 09:15:42 +0000
19406,Sat 20 Aug 2011 12:36:58 +0000
20168,Mon 19 Sep 2011 16:05:49 +0000
15095,Mon 28 Feb 2011 07:34:16 +0000
15542,Wed 16 Mar 2011 13:02:16 +0000
13855,Sat 08 Jan 2011 23:37:50 +0000
19008,Wed 03 Aug 2011 13:36:22 +0000
19273,Mon 15 Aug 2011 20:02:05 +0000
16733,Wed 11 May 2011 07:48:59 +0000
17820,Mon 20 Jun 2011 15:55:08 +0000
18688,Wed 20 Jul 2011 21:53:38 +0000
16470,Sat 30 Apr 2011 15:28:46 +0000
14673,Fri 11 Feb 2011 14:55:28 +0000
17651,Tue 14 Jun 2011 13:38:18 +0000
15923,Sat 02 Apr 2011 00:03:25 +0000
15170,Wed 02 Mar 2011 12:42:02 +0000
14712,Sun 13 Feb 2011 23:04:14 +0000
17087,Mon 23 May 2011 21:26:55 +0000
13657,Tue 04 Jan 2011 01:39:45 +0000
20052,Thu 15 Sep 2011 01:28:52 +0000
18462,Tue 12 Jul 2011 20:38:24 +0000
17800,Mon 20 Jun 2011 03:50:39 +0000
19673,Tue 30 Aug 2011 06:04:00 +0000
18063,Tue 28 Jun 2011 15:14:16 +0000
17288,Tue 31 May 2011 17:43:16 +0000
13696,Wed 05 Jan 2011 00:46:06 +0000
14542,Fri 04 Feb 2011 17:45:19 +0000
14427,Mon 31 Jan 2011 10:58:45 +0000
13996,Fri 14 Jan 2011 05:04:18 +0000
14626,Wed 09 Feb 2011 12:37:12 +0000
15867,Wed 30 Mar 2011 15:40:55 +0000
18356,Sat 09 Jul 2011 10:56:02 +0000
13635,Mon 03 Jan 2011 13:21:38 +0000
15341,Wed 09 Mar 2011 03:35:00 +0000
16640,Fri 06 May 2011 20:23:47 +0000
16803,Fri 13 May 2011 09:29:15 +0000
15431,Fri 11 Mar 2011 14:19:43 +0000
14630,Wed 09 Feb 2011 15:19:40 +0000
14806,Thu 17 Feb 2011 15:44:56 +0000
18600,Sun 17 Jul 2011 09:36:13 +0000
16266,Wed 20 Apr 2011 20:38:41 +0000
19312,Wed 17 Aug 2011 02:50:58 +0000
17304,Wed 01 Jun 2011 13:21:37 +0000
18237,Tue 05 Jul 2011 06:21:43 +0000
18134,Thu 30 Jun 2011 14:26:28 +0000
19969,Sun 11 Sep 2011 21:47:22 +0000
19139,Tue 09 Aug 2011 18:40:47 +0000
19004,Wed 03 Aug 2011 11:46:56 +0000
15590,Fri 18 Mar 2011 04:13:20 +0000
15484,Mon 14 Mar 2011 09:49:58 +0000
18753,Sat 23 Jul 2011 09:15:46 +0000
17356,Thu 02 Jun 2011 23:51:51 +0000
15044,Sat 26 Feb 2011 05:15:54 +0000
13769,Thu 06 Jan 2011 13:15:05 +0000
18622,Mon 18 Jul 2011 12:18:51 +0000
19061,Fri 05 Aug 2011 15:48:53 +0000
19971,Mon 12 Sep 2011 01:13:38 +0000
16885,Mon 16 May 2011 12:52:53 +0000
17317,Wed 01 Jun 2011 21:07:37 +0000
16086,Mon 11 Apr 2011 16:46:02 +0000
15977,Tue 05 Apr 2011 17:43:33 +0000
20056,Thu 15 Sep 2011 01:49:34 +0000
15476,Sun 13 Mar 2011 22:30:21 +0000
18733,Fri 22 Jul 2011 12:04:47 +0000
17080,Mon 23 May 2011 16:52:38 +0000
13687,Tue 04 Jan 2011 22:52:18 +0000
14093,Mon 17 Jan 2011 21:25:01 +0000
13701,Wed 05 Jan 2011 05:03:56 +0000
13834,Sat 08 Jan 2011 08:03:56 +0000
15743,Sat 26 Mar 2011 10:20:41 +0000
15557,Wed 16 Mar 2011 22:08:39 +0000
18711,Thu 21 Jul 2011 22:24:50 +0000
16709,Tue 10 May 2011 14:13:13 +0000
19946,Sat 10 Sep 2011 06:44:09 +0000
17590,Sun 12 Jun 2011 14:21:59 +0000
15652,Mon 21 Mar 2011 19:57:15 +0000
18671,Wed 20 Jul 2011 09:24:55 +0000
19914,Thu 08 Sep 2011 19:22:58 +0000
14169,Thu 20 Jan 2011 06:20:02 +0000
18971,Tue 02 Aug 2011 10:45:52 +0000
14688,Sat 12 Feb 2011 02:41:16 +0000
17971,Sat 25 Jun 2011 08:43:42 +0000
19135,Tue 09 Aug 2011 12:05:20 +0000
19280,Tue 16 Aug 2011 06:01:25 +0000
16195,Sun 17 Apr 2011 17:38:09 +0000
16576,Wed 04 May 2011 08:07:46 +0000
18305,Thu 07 Jul 2011 12:29:32 +0000
15617,Sat 19 Mar 2011 11:13:04 +0000
17044,Sat 21 May 2011 19:05:54 +0000
17562,Fri 10 Jun 2011 15:33:57 +0000
14584,Mon 07 Feb 2011 08:39:46 +0000
17013,Fri 20 May 2011 12:16:15 +0000
14711,Sun 13 Feb 2011 23:04:06 +0000
17649,Tue 14 Jun 2011 13:15:18 +0000
15701,Thu 24 Mar 2011 14:30:29 +0000
13805,Fri 07 Jan 2011 14:16:51 +0000
15769,Sun 27 Mar 2011 17:20:11 +0000
17846,Tue 21 Jun 2011 12:55:11 +0000
15338,Wed 09 Mar 2011 00:29:58 +0000
13864,Sun 09 Jan 2011 16:38:46 +0000
15840,Tue 29 Mar 2011 18:31:12 +0000
15191,Thu 03 Mar 2011 06:24:20 +0000
15241,Fri 04 Mar 2011 16:49:27 +0000
13705,Wed 05 Jan 2011 08:09:21 +0000
14927,Tue 22 Feb 2011 20:09:43 +0000
15609,Fri 18 Mar 2011 18:48:04 +0000
13636,Mon 03 Jan 2011 13:35:23 +0000
15054,Sat 26 Feb 2011 10:53:55 +0000
17504,Wed 08 Jun 2011 20:21:24 +0000
17146,Wed 25 May 2011 19:19:22 +0000
15558,Wed 16 Mar 2011 22:10:35 +0000
16200,Mon 18 Apr 2011 02:35:49 +0000
18139,Thu 30 Jun 2011 16:10:55 +0000
14852,Sat 19 Feb 2011 01:50:44 +0000
16332,Sun 24 Apr 2011 04:38:26 +0000
15915,Fri 01 Apr 2011 16:43:15 +0000
17919,Thu 23 Jun 2011 16:59:40 +0000
18110,Wed 29 Jun 2011 19:23:36 +0000
16054,Fri 08 Apr 2011 23:55:15 +0000
15171,Wed 02 Mar 2011 14:45:31 +0000
19758,Thu 01 Sep 2011 19:49:46 +0000
14667,Fri 11 Feb 2011 09:22:35 +0000
19489,Tue 23 Aug 2011 23:15:58 +0000
14295,Tue 25 Jan 2011 14:36:14 +0000
18910,Fri 29 Jul 2011 11:05:46 +0000
14477,Wed 02 Feb 2011 14:14:20 +0000
16478,Sat 30 Apr 2011 22:54:01 +0000
19600,Fri 26 Aug 2011 14:58:08 +0000
16166,Fri 15 Apr 2011 05:42:23 +0000
15553,Wed 16 Mar 2011 16:52:01 +0000
19483,Tue 23 Aug 2011 20:21:18 +0000
17621,Mon 13 Jun 2011 16:46:02 +0000
13612,Sun 02 Jan 2011 13:18:20 +0000
19148,Wed 10 Aug 2011 05:57:05 +0000
16690,Mon 09 May 2011 14:49:27 +0000
17865,Tue 21 Jun 2011 23:16:29 +0000
18073,Tue 28 Jun 2011 19:56:52 +0000
16991,Thu 19 May 2011 17:48:26 +0000
20014,Tue 13 Sep 2011 16:35:26 +0000
19062,Fri 05 Aug 2011 17:59:45 +0000
18284,Thu 07 Jul 2011 04:49:10 +0000
17174,Thu 26 May 2011 16:24:20 +0000
16628,Fri 06 May 2011 10:53:01 +0000
15971,Tue 05 Apr 2011 08:33:48 +0000
20229,Wed 21 Sep 2011 16:24:09 +0000
15450,Sat 12 Mar 2011 01:58:12 +0000
15237,Fri 04 Mar 2011 14:21:29 +0000
14228,Sun 23 Jan 2011 00:18:20 +0000
18162,Fri 01 Jul 2011 06:15:06 +0000
19250,Sun 14 Aug 2011 20:37:46 +0000
18142,Thu 30 Jun 2011 18:29:59 +0000
19987,Mon 12 Sep 2011 16:40:08 +0000
16730,Wed 11 May 2011 06:28:17 +0000
14231,Sun 23 Jan 2011 11:10:43 +0000
18207,Sun 03 Jul 2011 15:09:45 +0000
13632,Mon 03 Jan 2011 08:11:42 +0000
17709,Thu 16 Jun 2011 10:27:33 +0000
18170,Fri 01 Jul 2011 10:47:04 +0000
19028,Thu 04 Aug 2011 07:16:37 +0000
18248,Tue 05 Jul 2011 12:06:36 +0000
16842,Sat 14 May 2011 22:00:47 +0000
18085,Wed 29 Jun 2011 06:21:01 +0000
17160,Thu 26 May 2011 09:29:03 +0000
17993,Sun 26 Jun 2011 15:31:04 +0000
18047,Tue 28 Jun 2011 09:35:20 +0000
18148,Thu 30 Jun 2011 23:07:51 +0000
20201,Tue 20 Sep 2011 19:18:14 +0000
16046,Fri 08 Apr 2011 13:58:34 +0000
18635,Mon 18 Jul 2011 18:58:31 +0000
16468,Sat 30 Apr 2011 09:32:44 +0000
15671,Tue 22 Mar 2011 19:48:28 +0000
15474,Sun 13 Mar 2011 21:02:03 +0000
15581,Fri 18 Mar 2011 00:40:40 +0000
19388,Fri 19 Aug 2011 14:03:20 +0000
17177,Thu 26 May 2011 18:24:44 +0000
15466,Sun 13 Mar 2011 06:12:22 +0000
16755,Wed 11 May 2011 22:29:47 +0000
14276,Mon 24 Jan 2011 22:52:01 +0000
15556,Wed 16 Mar 2011 21:27:28 +0000
13659,Tue 04 Jan 2011 03:56:28 +0000
17653,Tue 14 Jun 2011 14:26:03 +0000
14926,Tue 22 Feb 2011 19:36:24 +0000
13708,Wed 05 Jan 2011 09:39:20 +0000
16973,Thu 19 May 2011 03:08:50 +0000
19874,Wed 07 Sep 2011 15:30:43 +0000
15567,Thu 17 Mar 2011 03:53:02 +0000
17415,Sun 05 Jun 2011 22:24:48 +0000
14200,Fri 21 Jan 2011 15:57:27 +0000
14624,Wed 09 Feb 2011 11:31:46 +0000
14414,Sun 30 Jan 2011 20:27:34 +0000
15485,Mon 14 Mar 2011 11:34:08 +0000
16247,Wed 20 Apr 2011 06:32:43 +0000
19409,Sat 20 Aug 2011 14:02:31 +0000
15986,Wed 06 Apr 2011 09:31:14 +0000
18404,Mon 11 Jul 2011 11:57:55 +0000
19161,Wed 10 Aug 2011 16:30:21 +0000
13792,Fri 07 Jan 2011 02:32:59 +0000
19047,Fri 05 Aug 2011 05:14:05 +0000
16128,Wed 13 Apr 2011 15:15:37 +0000
15125,Tue 01 Mar 2011 09:47:07 +0000
14588,Mon 07 Feb 2011 13:35:25 +0000
16525,Mon 02 May 2011 19:07:24 +0000
14907,Mon 21 Feb 2011 21:15:14 +0000
14687,Sat 12 Feb 2011 02:12:50 +0000
19404,Sat 20 Aug 2011 11:29:42 +0000
17232,Mon 30 May 2011 01:41:02 +0000
15263,Sat 05 Mar 2011 01:51:40 +0000
14919,Tue 22 Feb 2011 12:45:06 +0000
16861,Sun 15 May 2011 22:46:19 +0000
13611,Sun 02 Jan 2011 13:11:53 +0000
15562,Wed 16 Mar 2011 23:57:23 +0000
14741,Tue 15 Feb 2011 04:59:41 +0000
16979,Thu 19 May 2011 07:38:30 +0000
19603,Fri 26 Aug 2011 16:45:05 +0000
18066,Tue 28 Jun 2011 15:42:44 +0000
16567,Tue 03 May 2011 19:57:16 +0000
17082,Mon 23 May 2011 18:23:09 +0000
18888,Thu 28 Jul 2011 15:22:49 +0000
17722,Thu 16 Jun 2011 19:15:08 +0000
19364,Thu 18 Aug 2011 17:48:00 +0000
18044,Tue 28 Jun 2011 08:13:02 +0000
17592,Sun 12 Jun 2011 18:04:04 +0000
18208,Sun 03 Jul 2011 15:11:15 +0000
17801,Mon 20 Jun 2011 03:59:55 +0000
17291,Tue 31 May 2011 19:51:50 +0000
15072,Sun 27 Feb 2011 08:10:04 +0000
14456,Tue 01 Feb 2011 15:15:34 +0000
18716,Fri 22 Jul 2011 04:29:48 +0000
19087,Sun 07 Aug 2011 04:35:19 +0000
17322,Thu 02 Jun 2011 01:31:05 +0000
19773,Fri 02 Sep 2011 12:31:17 +0000
17383,Sat 04 Jun 2011 03:48:35 +0000
18113,Wed 29 Jun 2011 21:44:34 +0000
19636,Sun 28 Aug 2011 12:52:52 +0000
19403,Sat 20 Aug 2011 10:18:05 +0000
13837,Sat 08 Jan 2011 08:15:54 +0000
14628,Wed 09 Feb 2011 13:44:58 +0000
19073,Sat 06 Aug 2011 03:48:51 +0000
15165,Wed 02 Mar 2011 11:51:36 +0000
19185,Thu 11 Aug 2011 12:46:08 +0000
18214,Sun 03 Jul 2011 22:48:31 +0000
15555,Wed 16 Mar 2011 20:02:21 +0000
19661,Mon 29 Aug 2011 20:22:45 +0000
15876,Wed 30 Mar 2011 23:51:13 +0000
19083,Sat 06 Aug 2011 22:12:53 +0000
14603,Tue 08 Feb 2011 08:50:25 +0000
18687,Wed 20 Jul 2011 21:04:07 +0000
15628,Sun 20 Mar 2011 12:05:42 +0000
16325,Sat 23 Apr 2011 14:52:02 +0000
14473,Wed 02 Feb 2011 11:09:58 +0000
19175,Thu 11 Aug 2011 05:47:46 +0000
17481,Wed 08 Jun 2011 09:48:09 +0000
20030,Wed 14 Sep 2011 08:13:39 +0000
16858,Sun 15 May 2011 17:29:35 +0000
20132,Sun 18 Sep 2011 17:42:32 +0000
19036,Thu 04 Aug 2011 15:21:34 +0000
18824,Tue 26 Jul 2011 14:32:24 +0000
16147,Thu 14 Apr 2011 11:30:29 +0000
17195,Fri 27 May 2011 08:05:05 +0000
17267,Tue 31 May 2011 09:03:27 +0000
19740,Thu 01 Sep 2011 07:36:51 +0000
15804,Mon 28 Mar 2011 21:29:56 +0000
19106,Mon 08 Aug 2011 12:28:24 +0000
15096,Mon 28 Feb 2011 07:42:37 +0000
18410,Mon 11 Jul 2011 13:52:06 +0000
18189,Sat 02 Jul 2011 01:31:49 +0000
18732,Fri 22 Jul 2011 09:46:20 +0000
19875,Wed 07 Sep 2011 15:31:23 +0000
14226,Sat 22 Jan 2011 23:59:55 +0000
14780,Wed 16 Feb 2011 12:42:48 +0000
19963,Sun 11 Sep 2011 05:56:46 +0000
14005,Fri 14 Jan 2011 12:42:07 +0000
19500,Wed 24 Aug 2011 06:05:48 +0000
14091,Mon 17 Jan 2011 20:46:03 +0000
15220,Fri 04 Mar 2011 06:26:32 +0000
17638,Tue 14 Jun 2011 05:47:19 +0000
16402,Wed 27 Apr 2011 19:52:15 +0000
19970,Sun 11 Sep 2011 21:48:16 +0000
14391,Sat 29 Jan 2011 04:38:40 +0000
14319,Wed 26 Jan 2011 04:48:37 +0000
19682,Tue 30 Aug 2011 11:24:05 +0000
20174,Mon 19 Sep 2011 17:47:49 +0000
15926,Sat 02 Apr 2011 05:56:22 +0000
17108,Tue 24 May 2011 13:25:36 +0000
20121,Sun 18 Sep 2011 10:32:30 +0000
17058,Sun 22 May 2011 15:21:04 +0000
20045,Wed 14 Sep 2011 19:22:11 +0000
17347,Thu 02 Jun 2011 18:46:38 +0000
15467,Sun 13 Mar 2011 09:05:51 +0000
15282,Sun 06 Mar 2011 09:13:54 +0000
15955,Mon 04 Apr 2011 05:10:30 +0000
15066,Sun 27 Feb 2011 00:13:26 +0000
15020,Fri 25 Feb 2011 11:33:59 +0000
16847,Sun 15 May 2011 05:29:16 +0000
17176,Thu 26 May 2011 18:06:33 +0000
20167,Mon 19 Sep 2011 15:36:43 +0000
15378,Thu 10 Mar 2011 03:16:02 +0000
16779,Thu 12 May 2011 15:08:05 +0000
13610,Sun 02 Jan 2011 13:11:34 +0000
14145,Wed 19 Jan 2011 07:09:20 +0000
17302,Wed 01 Jun 2011 09:25:34 +0000
16651,Sat 07 May 2011 18:30:37 +0000
15105,Mon 28 Feb 2011 14:08:20 +0000
18542,Fri 15 Jul 2011 02:52:18 +0000
13940,Wed 12 Jan 2011 09:05:43 +0000
19365,Thu 18 Aug 2011 18:31:51 +0000
16142,Thu 14 Apr 2011 06:49:01 +0000
18955,Mon 01 Aug 2011 17:10:20 +0000
18795,Mon 25 Jul 2011 17:15:18 +0000
19072,Sat 06 Aug 2011 03:41:22 +0000
13644,Mon 03 Jan 2011 16:48:22 +0000
16418,Thu 28 Apr 2011 09:15:28 +0000
17789,Sun 19 Jun 2011 17:09:25 +0000
15946,Sun 03 Apr 2011 07:25:07 +0000
13582,Sat 01 Jan 2011 06:24:40 +0000
19761,Fri 02 Sep 2011 01:24:30 +0000
15760,Sun 27 Mar 2011 05:30:16 +0000
16807,Fri 13 May 2011 14:14:26 +0000
18786,Mon 25 Jul 2011 13:11:14 +0000
13649,Mon 03 Jan 2011 18:41:30 +0000
20013,Tue 13 Sep 2011 16:33:10 +0000
19108,Mon 08 Aug 2011 14:03:47 +0000
17569,Sat 11 Jun 2011 04:27:25 +0000
16405,Wed 27 Apr 2011 21:50:02 +0000
16333,Sun 24 Apr 2011 05:39:21 +0000
17574,Sat 11 Jun 2011 09:24:52 +0000
19003,Wed 03 Aug 2011 11:43:23 +0000
15416,Fri 11 Mar 2011 04:07:29 +0000
15437,Fri 11 Mar 2011 17:35:48 +0000
19129,Tue 09 Aug 2011 05:54:30 +0000
20036,Wed 14 Sep 2011 10:58:25 +0000
17316,Wed 01 Jun 2011 20:28:29 +0000
15653,Mon 21 Mar 2011 20:09:47 +0000
15756,Sun 27 Mar 2011 01:46:10 +0000
20099,Fri 16 Sep 2011 22:05:28 +0000
17070,Mon 23 May 2011 07:12:50 +0000
15483,Mon 14 Mar 2011 09:19:36 +0000
14222,Sat 22 Jan 2011 18:36:47 +0000
14577,Sun 06 Feb 2011 18:16:55 +0000
13720,Wed 05 Jan 2011 15:00:01 +0000
17941,Fri 24 Jun 2011 10:04:44 +0000
16648,Sat 07 May 2011 15:38:46 +0000
15136,Tue 01 Mar 2011 19:42:30 +0000
15978,Tue 05 Apr 2011 19:46:33 +0000
19182,Thu 11 Aug 2011 08:51:19 +0000
14854,Sat 19 Feb 2011 11:54:39 +0000
18146,Thu 30 Jun 2011 21:01:53 +0000
16618,Thu 05 May 2011 23:57:06 +0000
18177,Fri 01 Jul 2011 14:45:11 +0000
17311,Wed 01 Jun 2011 17:19:32 +0000
19311,Wed 17 Aug 2011 01:51:39 +0000
13616,Sun 02 Jan 2011 20:19:17 +0000
17382,Sat 04 Jun 2011 03:37:09 +0000
16741,Wed 11 May 2011 11:50:10 +0000
19797,Sat 03 Sep 2011 19:31:05 +0000
17424,Mon 06 Jun 2011 13:36:44 +0000
15858,Wed 30 Mar 2011 13:17:09 +0000
14116,Tue 18 Jan 2011 15:47:36 +0000
16774,Thu 12 May 2011 13:55:21 +0000
18561,Fri 15 Jul 2011 22:08:07 +0000
19912,Thu 08 Sep 2011 18:01:33 +0000
17847,Tue 21 Jun 2011 12:58:10 +0000
14070,Mon 17 Jan 2011 08:22:17 +0000
18750,Sat 23 Jul 2011 04:22:19 +0000
16882,Mon 16 May 2011 11:39:04 +0000
16903,Tue 17 May 2011 04:36:14 +0000
20241,Thu 22 Sep 2011 05:42:50 +0000
18382,Sun 10 Jul 2011 19:42:57 +0000
17771,Sat 18 Jun 2011 23:23:44 +0000
17019,Fri 20 May 2011 15:08:35 +0000
