3509,2009-08,Sun 09 Aug 2009 20:50:26 +0000
3419,2009-07,Thu 30 Jul 2009 08:26:06 +0000
5327,2009-12,Thu 10 Dec 2009 09:27:39 +0000
5548,2009-12,Sun 20 Dec 2009 22:29:23 +0000
5724,2009-12,Wed 30 Dec 2009 14:29:51 +0000
5159,2009-12,Wed 02 Dec 2009 14:39:25 +0000
3761,2009-09,Wed 02 Sep 2009 18:45:52 +0000
3439,2009-08,Sun 02 Aug 2009 08:59:17 +0000
4357,2009-10,Sun 25 Oct 2009 02:49:49 +0000
3361,2009-07,Thu 23 Jul 2009 23:12:09 +0000
2517,2009-04,Mon 27 Apr 2009 08:52:30 +0000
4997,2009-11,Mon 23 Nov 2009 13:51:28 +0000
3380,2009-07,Sat 25 Jul 2009 08:48:58 +0000
4245,2009-10,Wed 14 Oct 2009 07:11:28 +0000
5695,2009-12,Tue 29 Dec 2009 11:55:26 +0000
2587,2009-05,Wed 06 May 2009 09:40:44 +0000
3542,2009-08,Thu 13 Aug 2009 08:16:26 +0000
4207,2009-10,Sat 10 Oct 2009 00:54:33 +0000
2992,2009-06,Mon 15 Jun 2009 02:22:20 +0000
2946,2009-06,Wed 10 Jun 2009 14:44:33 +0000
4271,2009-10,Fri 16 Oct 2009 07:49:22 +0000
5202,2009-12,Thu 03 Dec 2009 23:12:48 +0000
2749,2009-05,Sat 23 May 2009 14:30:13 +0000
5061,2009-11,Thu 26 Nov 2009 13:38:29 +0000
4327,2009-10,Thu 22 Oct 2009 21:35:03 +0000
3806,2009-09,Mon 07 Sep 2009 00:51:11 +0000
4130,2009-10,Mon 05 Oct 2009 15:06:26 +0000
2534,2009-04,Tue 28 Apr 2009 20:45:40 +0000
5656,2009-12,Sat 26 Dec 2009 12:53:10 +0000
5073,2009-11,Fri 27 Nov 2009 04:52:36 +0000
3836,2009-09,Wed 09 Sep 2009 16:17:18 +0000
4323,2009-10,Thu 22 Oct 2009 17:53:27 +0000
3260,2009-07,Tue 14 Jul 2009 10:04:17 +0000
5544,2009-12,Sun 20 Dec 2009 07:42:38 +0000
4811,2009-11,Sun 15 Nov 2009 16:18:01 +0000
5457,2009-12,Tue 15 Dec 2009 07:59:04 +0000
3279,2009-07,Thu 16 Jul 2009 08:30:15 +0000
3479,2009-08,Thu 06 Aug 2009 04:18:59 +0000
3472,2009-08,Wed 05 Aug 2009 15:46:58 +0000
3932,2009-09,Thu 17 Sep 2009 15:44:18 +0000
3298,2009-07,Sat 18 Jul 2009 08:43:00 +0000
5229,2009-12,Sat 05 Dec 2009 11:14:38 +0000
3708,2009-08,Fri 28 Aug 2009 21:42:08 +0000
5242,2009-12,Sun 06 Dec 2009 23:04:29 +0000
4152,2009-10,Tue 06 Oct 2009 20:49:48 +0000
4639,2009-11,Tue 10 Nov 2009 09:29:12 +0000
4556,2009-11,Sat 07 Nov 2009 12:23:04 +0000
2678,2009-05,Fri 15 May 2009 16:20:01 +0000
2831,2009-06,Mon 01 Jun 2009 20:57:18 +0000
5694,2009-12,Tue 29 Dec 2009 09:49:31 +0000
4330,2009-10,Thu 22 Oct 2009 21:42:10 +0000
4124,2009-10,Mon 05 Oct 2009 04:57:53 +0000
3342,2009-07,Wed 22 Jul 2009 07:05:06 +0000
3984,2009-09,Tue 22 Sep 2009 20:49:41 +0000
4223,2009-10,Mon 12 Oct 2009 10:47:16 +0000
2899,2009-06,Sat 06 Jun 2009 14:27:16 +0000
3138,2009-06,Wed 01 Jul 2009 03:30:57 +0000
2844,2009-06,Wed 03 Jun 2009 08:51:46 +0000
3575,2009-08,Mon 17 Aug 2009 10:49:04 +0000
3978,2009-09,Tue 22 Sep 2009 10:06:19 +0000
3056,2009-06,Fri 19 Jun 2009 13:57:09 +0000
3197,2009-07,Tue 07 Jul 2009 17:35:26 +0000
5422,2009-12,Sun 13 Dec 2009 06:48:24 +0000
3267,2009-07,Tue 14 Jul 2009 21:16:13 +0000
3421,2009-07,Thu 30 Jul 2009 08:39:29 +0000
2937,2009-06,Tue 09 Jun 2009 21:14:19 +0000
4491,2009-11,Tue 03 Nov 2009 17:25:21 +0000
4434,2009-10,Fri 30 Oct 2009 10:26:57 +0000
4856,2009-11,Tue 17 Nov 2009 14:36:44 +0000
2919,2009-06,Mon 08 Jun 2009 11:06:48 +0000
2911,2009-06,Sun 07 Jun 2009 22:07:02 +0000
2857,2009-06,Thu 04 Jun 2009 00:54:48 +0000
5487,2009-12,Wed 16 Dec 2009 17:15:51 +0000
4365,2009-10,Mon 26 Oct 2009 00:28:00 +0000
4359,2009-10,Sun 25 Oct 2009 11:38:52 +0000
4561,2009-11,Sat 07 Nov 2009 17:38:14 +0000
4511,2009-11,Wed 04 Nov 2009 19:59:51 +0000
5567,2009-12,Mon 21 Dec 2009 18:25:43 +0000
2370,2009-04,Mon 06 Apr 2009 12:01:02 +0000
5199,2009-12,Thu 03 Dec 2009 22:16:53 +0000
2993,2009-06,Mon 15 Jun 2009 02:31:50 +0000
5050,2009-11,Wed 25 Nov 2009 23:46:04 +0000
5447,2009-12,Mon 14 Dec 2009 20:54:03 +0000
4996,2009-11,Mon 23 Nov 2009 13:39:45 +0000
4908,2009-11,Thu 19 Nov 2009 03:24:50 +0000
3382,2009-07,Sat 25 Jul 2009 13:42:56 +0000
4482,2009-11,Tue 03 Nov 2009 03:05:52 +0000
5477,2009-12,Wed 16 Dec 2009 11:07:38 +0000
4194,2009-10,Thu 08 Oct 2009 21:56:30 +0000
3688,2009-08,Thu 27 Aug 2009 16:03:56 +0000
3033,2009-06,Wed 17 Jun 2009 14:01:55 +0000
4279,2009-10,Sat 17 Oct 2009 08:22:10 +0000
2600,2009-05,Thu 07 May 2009 08:08:19 +0000
3717,2009-08,Sun 30 Aug 2009 07:09:34 +0000
5638,2009-12,Thu 24 Dec 2009 13:16:02 +0000
2932,2009-06,Tue 09 Jun 2009 17:30:22 +0000
3879,2009-09,Mon 14 Sep 2009 10:35:48 +0000
5186,2009-12,Thu 03 Dec 2009 14:19:59 +0000
5041,2009-11,Wed 25 Nov 2009 15:48:24 +0000
4019,2009-09,Sat 26 Sep 2009 06:10:23 +0000
2882,2009-06,Fri 05 Jun 2009 08:48:59 +0000
4595,2009-11,Sun 08 Nov 2009 20:46:04 +0000
3660,2009-08,Tue 25 Aug 2009 07:15:23 +0000
4313,2009-10,Wed 21 Oct 2009 08:03:59 +0000
4479,2009-11,Tue 03 Nov 2009 02:49:34 +0000
3204,2009-07,Wed 08 Jul 2009 09:18:06 +0000
4483,2009-11,Tue 03 Nov 2009 03:15:34 +0000
3681,2009-08,Wed 26 Aug 2009 18:01:23 +0000
5039,2009-11,Wed 25 Nov 2009 15:46:25 +0000
2859,2009-06,Thu 04 Jun 2009 01:58:57 +0000
3685,2009-08,Thu 27 Aug 2009 09:59:33 +0000
3572,2009-08,Mon 17 Aug 2009 07:49:56 +0000
3822,2009-09,Tue 08 Sep 2009 08:29:51 +0000
5421,2009-12,Sun 13 Dec 2009 06:41:36 +0000
5021,2009-11,Tue 24 Nov 2009 15:02:49 +0000
5366,2009-12,Fri 11 Dec 2009 09:32:30 +0000
3725,2009-08,Mon 31 Aug 2009 06:26:53 +0000
4452,2009-10,Sat 31 Oct 2009 09:52:44 +0000
4459,2009-11,Sun 01 Nov 2009 17:10:18 +0000
4103,2009-10,Sat 03 Oct 2009 11:46:46 +0000
3952,2009-09,Sun 20 Sep 2009 00:18:19 +0000
5101,2009-11,Sun 29 Nov 2009 02:20:58 +0000
4123,2009-10,Mon 05 Oct 2009 04:09:19 +0000
3454,2009-08,Mon 03 Aug 2009 17:05:09 +0000
3567,2009-08,Sun 16 Aug 2009 09:43:21 +0000
4087,2009-10,Thu 01 Oct 2009 19:24:40 +0000
2845,2009-06,Wed 03 Jun 2009 12:08:41 +0000
3458,2009-08,Mon 03 Aug 2009 18:39:19 +0000
3641,2009-08,Sun 23 Aug 2009 21:14:49 +0000
4243,2009-10,Wed 14 Oct 2009 04:46:46 +0000
3412,2009-07,Wed 29 Jul 2009 21:28:19 +0000
5369,2009-12,Fri 11 Dec 2009 12:30:16 +0000
4989,2009-11,Sun 22 Nov 2009 22:22:58 +0000
4509,2009-11,Wed 04 Nov 2009 17:11:27 +0000
3255,2009-07,Tue 14 Jul 2009 07:26:29 +0000
3601,2009-08,Thu 20 Aug 2009 08:42:08 +0000
4329,2009-10,Thu 22 Oct 2009 21:41:58 +0000
5530,2009-12,Fri 18 Dec 2009 22:08:48 +0000
3464,2009-08,Tue 04 Aug 2009 23:54:24 +0000
4558,2009-11,Sat 07 Nov 2009 13:35:06 +0000
5716,2009-12,Wed 30 Dec 2009 01:19:12 +0000
4553,2009-11,Sat 07 Nov 2009 07:20:36 +0000
3672,2009-08,Tue 25 Aug 2009 15:55:21 +0000
4110,2009-10,Sat 03 Oct 2009 17:36:55 +0000
1830,2009-01,Fri 23 Jan 2009 11:26:21 +0000
3043,2009-06,Thu 18 Jun 2009 00:30:02 +0000
5608,2009-12,Tue 22 Dec 2009 23:21:59 +0000
4302,2009-10,Tue 20 Oct 2009 13:02:48 +0000
5227,2009-12,Sat 05 Dec 2009 03:02:49 +0000
4960,2009-11,Fri 20 Nov 2009 20:28:01 +0000
5612,2009-12,Tue 22 Dec 2009 23:54:13 +0000
4808,2009-11,Sun 15 Nov 2009 10:26:25 +0000
3864,2009-09,Fri 11 Sep 2009 19:28:17 +0000
4179,2009-10,Thu 08 Oct 2009 09:50:27 +0000
1787,2009-01,Wed 14 Jan 2009 09:43:44 +0000
4510,2009-11,Wed 04 Nov 2009 19:04:51 +0000
3630,2009-08,Sat 22 Aug 2009 11:17:31 +0000
2475,2009-04,Tue 21 Apr 2009 16:51:57 +0000
4278,2009-10,Sat 17 Oct 2009 03:18:23 +0000
4143,2009-10,Tue 06 Oct 2009 13:04:54 +0000
4794,2009-11,Sat 14 Nov 2009 21:59:47 +0000
3697,2009-08,Fri 28 Aug 2009 09:37:35 +0000
4317,2009-10,Thu 22 Oct 2009 11:51:11 +0000
4444,2009-10,Fri 30 Oct 2009 14:52:12 +0000
4344,2009-10,Fri 23 Oct 2009 18:36:56 +0000
3453,2009-08,Mon 03 Aug 2009 15:08:46 +0000
5467,2009-12,Tue 15 Dec 2009 19:55:02 +0000
2933,2009-06,Tue 09 Jun 2009 18:13:34 +0000
4453,2009-10,Sat 31 Oct 2009 15:14:04 +0000
4314,2009-10,Wed 21 Oct 2009 17:28:43 +0000
4412,2009-10,Thu 29 Oct 2009 07:44:08 +0000
5534,2009-12,Sat 19 Dec 2009 05:46:34 +0000
5420,2009-12,Sun 13 Dec 2009 06:40:41 +0000
3525,2009-08,Tue 11 Aug 2009 16:30:31 +0000
3019,2009-06,Tue 16 Jun 2009 19:38:11 +0000
3796,2009-09,Sat 05 Sep 2009 20:35:26 +0000
3486,2009-08,Thu 06 Aug 2009 14:43:48 +0000
4517,2009-11,Thu 05 Nov 2009 06:22:44 +0000
2586,2009-05,Wed 06 May 2009 09:32:56 +0000
4147,2009-10,Tue 06 Oct 2009 16:19:58 +0000
3490,2009-08,Fri 07 Aug 2009 01:31:30 +0000
4878,2009-11,Wed 18 Nov 2009 03:59:27 +0000
3299,2009-07,Sat 18 Jul 2009 10:36:32 +0000
4466,2009-11,Mon 02 Nov 2009 06:35:45 +0000
5147,2009-12,Tue 01 Dec 2009 20:00:24 +0000
4925,2009-11,Thu 19 Nov 2009 15:46:58 +0000
5040,2009-11,Wed 25 Nov 2009 15:47:18 +0000
3943,2009-09,Fri 18 Sep 2009 22:30:03 +0000
4241,2009-10,Tue 13 Oct 2009 21:24:43 +0000
3022,2009-06,Wed 17 Jun 2009 00:07:58 +0000
4297,2009-10,Mon 19 Oct 2009 23:27:34 +0000
2892,2009-06,Sat 06 Jun 2009 03:28:09 +0000
5326,2009-12,Thu 10 Dec 2009 09:22:22 +0000
3698,2009-08,Fri 28 Aug 2009 09:38:39 +0000
3237,2009-07,Sun 12 Jul 2009 05:53:30 +0000
3431,2009-07,Fri 31 Jul 2009 19:42:48 +0000
4213,2009-10,Sat 10 Oct 2009 16:00:55 +0000
5310,2009-12,Thu 10 Dec 2009 00:01:18 +0000
2719,2009-05,Tue 19 May 2009 21:06:03 +0000
2727,2009-05,Thu 21 May 2009 07:47:04 +0000
4328,2009-10,Thu 22 Oct 2009 21:40:55 +0000
3730,2009-08,Mon 31 Aug 2009 17:34:41 +0000
2626,2009-05,Mon 11 May 2009 08:27:56 +0000
5236,2009-12,Sun 06 Dec 2009 08:24:27 +0000
3863,2009-09,Fri 11 Sep 2009 18:29:19 +0000
3653,2009-08,Tue 25 Aug 2009 01:27:39 +0000
3035,2009-06,Wed 17 Jun 2009 20:08:24 +0000
3551,2009-08,Thu 13 Aug 2009 21:50:01 +0000
4105,2009-10,Sat 03 Oct 2009 12:15:50 +0000
3278,2009-07,Thu 16 Jul 2009 01:04:13 +0000
2940,2009-06,Wed 10 Jun 2009 08:51:53 +0000
2990,2009-06,Mon 15 Jun 2009 01:37:00 +0000
3087,2009-06,Tue 23 Jun 2009 10:00:50 +0000
2789,2009-05,Thu 28 May 2009 15:28:04 +0000
5042,2009-11,Wed 25 Nov 2009 15:48:53 +0000
3840,2009-09,Wed 09 Sep 2009 20:53:37 +0000
4715,2009-11,Thu 12 Nov 2009 09:19:11 +0000
4975,2009-11,Sat 21 Nov 2009 11:50:35 +0000
5201,2009-12,Thu 03 Dec 2009 22:53:14 +0000
5012,2009-11,Tue 24 Nov 2009 02:04:34 +0000
3007,2009-06,Tue 16 Jun 2009 01:22:34 +0000
3954,2009-09,Sun 20 Sep 2009 02:07:42 +0000
3227,2009-07,Fri 10 Jul 2009 20:14:27 +0000
5438,2009-12,Mon 14 Dec 2009 14:36:17 +0000
3799,2009-09,Sun 06 Sep 2009 12:11:43 +0000
4085,2009-10,Thu 01 Oct 2009 18:18:12 +0000
4656,2009-11,Tue 10 Nov 2009 19:39:39 +0000
2602,2009-05,Thu 07 May 2009 08:54:58 +0000
3920,2009-09,Wed 16 Sep 2009 21:40:08 +0000
5418,2009-12,Sun 13 Dec 2009 04:11:45 +0000
2524,2009-04,Mon 27 Apr 2009 23:30:51 +0000
3769,2009-09,Thu 03 Sep 2009 05:07:00 +0000
2741,2009-05,Fri 22 May 2009 22:16:43 +0000
5537,2009-12,Sat 19 Dec 2009 10:23:38 +0000
3206,2009-07,Wed 08 Jul 2009 10:09:45 +0000
5461,2009-12,Tue 15 Dec 2009 15:15:28 +0000
3491,2009-08,Fri 07 Aug 2009 01:52:14 +0000
12093,2010-10,Sat 23 Oct 2010 04:41:10 +0000
10233,2010-08,Thu 05 Aug 2010 21:13:15 +0000
10390,2010-08,Thu 12 Aug 2010 22:25:34 +0000
5970,2010-01,Mon 11 Jan 2010 12:43:28 +0000
11654,2010-10,Sun 03 Oct 2010 10:33:02 +0000
11251,2010-09,Wed 15 Sep 2010 08:20:10 +0000
6502,2010-02,Sat 06 Feb 2010 00:54:57 +0000
7111,2010-03,Thu 11 Mar 2010 19:50:14 +0000
10544,2010-08,Wed 18 Aug 2010 10:55:38 +0000
11595,2010-09,Thu 30 Sep 2010 09:22:43 +0000
8280,2010-05,Wed 12 May 2010 02:20:42 +0000
10681,2010-08,Sun 22 Aug 2010 19:33:50 +0000
9765,2010-07,Wed 14 Jul 2010 02:28:56 +0000
11122,2010-09,Thu 09 Sep 2010 09:46:56 +0000
12591,2010-11,Tue 16 Nov 2010 20:50:45 +0000
12380,2010-11,Fri 05 Nov 2010 12:43:15 +0000
12557,2010-11,Mon 15 Nov 2010 10:33:46 +0000
11742,2010-10,Thu 07 Oct 2010 00:04:26 +0000
11753,2010-10,Thu 07 Oct 2010 14:15:26 +0000
10636,2010-08,Fri 20 Aug 2010 17:27:44 +0000
11517,2010-09,Mon 27 Sep 2010 18:00:27 +0000
7996,2010-04,Tue 27 Apr 2010 15:27:26 +0000
12842,2010-11,Mon 29 Nov 2010 17:45:49 +0000
12089,2010-10,Fri 22 Oct 2010 21:43:44 +0000
12154,2010-10,Tue 26 Oct 2010 08:01:45 +0000
7735,2010-04,Thu 15 Apr 2010 03:00:06 +0000
12509,2010-11,Thu 11 Nov 2010 23:09:18 +0000
12436,2010-11,Mon 08 Nov 2010 22:32:10 +0000
9341,2010-06,Fri 25 Jun 2010 22:28:41 +0000
10405,2010-08,Fri 13 Aug 2010 14:46:40 +0000
5949,2010-01,Sun 10 Jan 2010 07:54:52 +0000
12492,2010-11,Thu 11 Nov 2010 04:59:19 +0000
13316,2010-12,Tue 21 Dec 2010 10:16:39 +0000
11722,2010-10,Wed 06 Oct 2010 09:17:16 +0000
12362,2010-11,Thu 04 Nov 2010 15:31:06 +0000
8644,2010-05,Wed 26 May 2010 18:50:25 +0000
12101,2010-10,Sat 23 Oct 2010 21:39:16 +0000
13164,2010-12,Tue 14 Dec 2010 10:07:36 +0000
11898,2010-10,Fri 15 Oct 2010 18:33:19 +0000
9818,2010-07,Thu 15 Jul 2010 21:54:37 +0000
7859,2010-04,Tue 20 Apr 2010 12:27:53 +0000
10847,2010-08,Sat 28 Aug 2010 15:21:37 +0000
8043,2010-04,Thu 29 Apr 2010 23:09:35 +0000
10251,2010-08,Fri 06 Aug 2010 16:27:44 +0000
12422,2010-11,Mon 08 Nov 2010 09:59:54 +0000
8946,2010-06,Tue 08 Jun 2010 20:27:36 +0000
12256,2010-10,Sat 30 Oct 2010 13:50:33 +0000
13011,2010-12,Tue 07 Dec 2010 16:33:04 +0000
12385,2010-11,Fri 05 Nov 2010 17:23:49 +0000
11132,2010-09,Thu 09 Sep 2010 18:41:03 +0000
11696,2010-10,Tue 05 Oct 2010 08:28:30 +0000
6558,2010-02,Wed 10 Feb 2010 00:29:46 +0000
11680,2010-10,Mon 04 Oct 2010 18:22:50 +0000
6423,2010-02,Wed 03 Feb 2010 05:33:45 +0000
7308,2010-03,Mon 22 Mar 2010 22:37:48 +0000
11571,2010-09,Wed 29 Sep 2010 13:37:40 +0000
5990,2010-01,Tue 12 Jan 2010 07:32:47 +0000
10657,2010-08,Sat 21 Aug 2010 12:31:54 +0000
10369,2010-08,Thu 12 Aug 2010 03:09:30 +0000
13076,2010-12,Fri 10 Dec 2010 00:39:21 +0000
9487,2010-07,Sat 03 Jul 2010 08:20:28 +0000
13016,2010-12,Tue 07 Dec 2010 19:17:58 +0000
8865,2010-06,Sat 05 Jun 2010 15:19:16 +0000
8575,2010-05,Tue 25 May 2010 09:21:50 +0000
11853,2010-10,Wed 13 Oct 2010 08:03:17 +0000
9395,2010-06,Tue 29 Jun 2010 10:50:54 +0000
10304,2010-08,Mon 09 Aug 2010 16:38:19 +0000
10930,2010-09,Wed 01 Sep 2010 15:40:41 +0000
8972,2010-06,Wed 09 Jun 2010 14:08:27 +0000
6405,2010-02,Tue 02 Feb 2010 13:48:33 +0000
9120,2010-06,Wed 16 Jun 2010 12:43:38 +0000
8228,2010-05,Sun 09 May 2010 03:16:39 +0000
6173,2010-01,Thu 21 Jan 2010 06:38:43 +0000
10760,2010-08,Wed 25 Aug 2010 07:51:23 +0000
7799,2010-04,Sat 17 Apr 2010 14:57:45 +0000
5962,2010-01,Sun 10 Jan 2010 23:23:19 +0000
12645,2010-11,Fri 19 Nov 2010 09:22:13 +0000
12714,2010-11,Tue 23 Nov 2010 12:57:05 +0000
9104,2010-06,Tue 15 Jun 2010 20:36:28 +0000
11323,2010-09,Fri 17 Sep 2010 17:24:43 +0000
8716,2010-05,Fri 28 May 2010 20:54:24 +0000
9013,2010-06,Fri 11 Jun 2010 07:45:11 +0000
10686,2010-08,Mon 23 Aug 2010 02:40:42 +0000
10406,2010-08,Fri 13 Aug 2010 15:24:39 +0000
7291,2010-03,Mon 22 Mar 2010 10:54:39 +0000
10776,2010-08,Wed 25 Aug 2010 17:52:58 +0000
10717,2010-08,Mon 23 Aug 2010 22:08:50 +0000
10675,2010-08,Sun 22 Aug 2010 09:27:24 +0000
8085,2010-05,Sat 01 May 2010 22:16:26 +0000
6221,2010-01,Sat 23 Jan 2010 06:40:50 +0000
13407,2010-12,Fri 24 Dec 2010 23:16:41 +0000
6385,2010-02,Mon 01 Feb 2010 16:11:34 +0000
12929,2010-12,Thu 02 Dec 2010 20:42:15 +0000
11471,2010-09,Sat 25 Sep 2010 08:11:23 +0000
7580,2010-04,Wed 07 Apr 2010 03:12:39 +0000
12029,2010-10,Thu 21 Oct 2010 08:02:45 +0000
10615,2010-08,Fri 20 Aug 2010 08:26:27 +0000
9980,2010-07,Fri 23 Jul 2010 22:50:26 +0000
8373,2010-05,Mon 17 May 2010 20:47:22 +0000
12760,2010-11,Thu 25 Nov 2010 05:03:29 +0000
10234,2010-08,Thu 05 Aug 2010 21:22:04 +0000
11601,2010-09,Thu 30 Sep 2010 13:51:49 +0000
11228,2010-09,Tue 14 Sep 2010 17:03:49 +0000
12036,2010-10,Thu 21 Oct 2010 12:18:09 +0000
10791,2010-08,Thu 26 Aug 2010 06:15:45 +0000
13525,2010-12,Thu 30 Dec 2010 06:49:02 +0000
10330,2010-08,Tue 10 Aug 2010 17:10:02 +0000
7338,2010-03,Wed 24 Mar 2010 09:40:52 +0000
9671,2010-07,Sat 10 Jul 2010 09:38:07 +0000
10419,2010-08,Sat 14 Aug 2010 09:11:54 +0000
8208,2010-05,Fri 07 May 2010 10:13:50 +0000
6919,2010-03,Mon 01 Mar 2010 17:52:03 +0000
6174,2010-01,Thu 21 Jan 2010 09:00:46 +0000
5850,2010-01,Wed 06 Jan 2010 11:50:08 +0000
9404,2010-06,Tue 29 Jun 2010 18:47:40 +0000
11242,2010-09,Wed 15 Sep 2010 00:09:52 +0000
11908,2010-10,Sat 16 Oct 2010 13:30:28 +0000
7011,2010-03,Sat 06 Mar 2010 18:39:05 +0000
11019,2010-09,Sun 05 Sep 2010 17:51:56 +0000
9346,2010-06,Sat 26 Jun 2010 16:14:51 +0000
8739,2010-05,Sun 30 May 2010 15:18:37 +0000
12723,2010-11,Tue 23 Nov 2010 18:20:31 +0000
5909,2010-01,Fri 08 Jan 2010 10:27:19 +0000
11985,2010-10,Tue 19 Oct 2010 14:50:40 +0000
13223,2010-12,Thu 16 Dec 2010 17:06:23 +0000
11022,2010-09,Sun 05 Sep 2010 18:18:51 +0000
11201,2010-09,Mon 13 Sep 2010 19:57:00 +0000
13458,2010-12,Tue 28 Dec 2010 04:14:55 +0000
11992,2010-10,Tue 19 Oct 2010 22:09:18 +0000
9692,2010-07,Sun 11 Jul 2010 20:25:17 +0000
12800,2010-11,Fri 26 Nov 2010 12:41:37 +0000
12668,2010-11,Sat 20 Nov 2010 15:57:11 +0000
8763,2010-05,Mon 31 May 2010 21:18:15 +0000
12181,2010-10,Wed 27 Oct 2010 02:11:18 +0000
7424,2010-03,Mon 29 Mar 2010 01:12:34 +0000
10991,2010-09,Fri 03 Sep 2010 21:52:26 +0000
7162,2010-03,Mon 15 Mar 2010 10:12:22 +0000
10339,2010-08,Wed 11 Aug 2010 06:08:19 +0000
12867,2010-11,Tue 30 Nov 2010 15:22:30 +0000
6724,2010-02,Fri 19 Feb 2010 09:14:13 +0000
12726,2010-11,Wed 24 Nov 2010 05:01:21 +0000
10015,2010-07,Mon 26 Jul 2010 20:35:19 +0000
9085,2010-06,Tue 15 Jun 2010 03:23:52 +0000
9857,2010-07,Sun 18 Jul 2010 11:30:12 +0000
9803,2010-07,Thu 15 Jul 2010 12:21:27 +0000
13394,2010-12,Thu 23 Dec 2010 20:31:00 +0000
10747,2010-08,Tue 24 Aug 2010 18:36:49 +0000
9689,2010-07,Sun 11 Jul 2010 09:43:28 +0000
12877,2010-11,Wed 01 Dec 2010 01:32:42 +0000
9298,2010-06,Thu 24 Jun 2010 08:01:15 +0000
12681,2010-11,Sun 21 Nov 2010 15:11:12 +0000
11781,2010-10,Sat 09 Oct 2010 01:28:37 +0000
9054,2010-06,Sun 13 Jun 2010 22:00:25 +0000
10307,2010-08,Mon 09 Aug 2010 17:36:50 +0000
10343,2010-08,Wed 11 Aug 2010 10:18:32 +0000
10311,2010-08,Mon 09 Aug 2010 20:35:23 +0000
11544,2010-09,Tue 28 Sep 2010 17:07:37 +0000
13005,2010-12,Tue 07 Dec 2010 10:05:45 +0000
10486,2010-08,Mon 16 Aug 2010 18:46:26 +0000
10976,2010-09,Fri 03 Sep 2010 04:33:33 +0000
11389,2010-09,Tue 21 Sep 2010 21:12:34 +0000
11236,2010-09,Tue 14 Sep 2010 22:10:41 +0000
9784,2010-07,Wed 14 Jul 2010 20:49:09 +0000
9155,2010-06,Thu 17 Jun 2010 15:03:04 +0000
12971,2010-12,Mon 06 Dec 2010 12:06:59 +0000
10859,2010-08,Sun 29 Aug 2010 15:47:16 +0000
10936,2010-09,Wed 01 Sep 2010 21:24:19 +0000
7812,2010-04,Sun 18 Apr 2010 15:18:09 +0000
9696,2010-07,Mon 12 Jul 2010 02:12:08 +0000
6509,2010-02,Sat 06 Feb 2010 21:27:42 +0000
7000,2010-03,Fri 05 Mar 2010 16:54:41 +0000
12276,2010-10,Mon 01 Nov 2010 04:24:25 +0000
11408,2010-09,Wed 22 Sep 2010 19:00:11 +0000
13509,2010-12,Wed 29 Dec 2010 18:09:31 +0000
9212,2010-06,Sun 20 Jun 2010 07:47:02 +0000
13112,2010-12,Sat 11 Dec 2010 11:18:27 +0000
11314,2010-09,Fri 17 Sep 2010 13:43:40 +0000
8249,2010-05,Mon 10 May 2010 19:19:00 +0000
9326,2010-06,Fri 25 Jun 2010 12:21:28 +0000
11741,2010-10,Thu 07 Oct 2010 00:00:17 +0000
9464,2010-07,Fri 02 Jul 2010 13:56:26 +0000
11808,2010-10,Mon 11 Oct 2010 14:18:10 +0000
11663,2010-10,Sun 03 Oct 2010 19:16:52 +0000
13443,2010-12,Mon 27 Dec 2010 17:03:51 +0000
5855,2010-01,Wed 06 Jan 2010 15:50:23 +0000
7194,2010-03,Tue 16 Mar 2010 20:38:04 +0000
7687,2010-04,Tue 13 Apr 2010 09:06:12 +0000
11061,2010-09,Tue 07 Sep 2010 04:35:37 +0000
13442,2010-12,Mon 27 Dec 2010 17:01:11 +0000
10578,2010-08,Thu 19 Aug 2010 11:06:15 +0000
5795,2010-01,Mon 04 Jan 2010 00:03:16 +0000
8848,2010-06,Fri 04 Jun 2010 12:41:37 +0000
12365,2010-11,Thu 04 Nov 2010 16:33:22 +0000
10389,2010-08,Thu 12 Aug 2010 22:18:26 +0000
8910,2010-06,Mon 07 Jun 2010 13:40:31 +0000
12333,2010-11,Wed 03 Nov 2010 17:48:06 +0000
8476,2010-05,Sat 22 May 2010 18:11:43 +0000
12736,2010-11,Wed 24 Nov 2010 15:40:58 +0000
9486,2010-07,Sat 03 Jul 2010 08:20:19 +0000
9419,2010-06,Wed 30 Jun 2010 13:07:50 +0000
10811,2010-08,Fri 27 Aug 2010 06:40:40 +0000
10464,2010-08,Mon 16 Aug 2010 10:58:53 +0000
8429,2010-05,Thu 20 May 2010 22:03:53 +0000
12293,2010-11,Mon 01 Nov 2010 15:32:42 +0000
12031,2010-10,Thu 21 Oct 2010 09:49:38 +0000
11554,2010-09,Wed 29 Sep 2010 02:26:18 +0000
6344,2010-01,Fri 29 Jan 2010 10:53:11 +0000
9550,2010-07,Tue 06 Jul 2010 05:30:13 +0000
8566,2010-05,Mon 24 May 2010 22:16:27 +0000
10162,2010-08,Tue 03 Aug 2010 14:51:17 +0000
6100,2010-01,Sun 17 Jan 2010 01:56:38 +0000
9564,2010-07,Tue 06 Jul 2010 17:46:56 +0000
13186,2010-12,Tue 14 Dec 2010 22:07:35 +0000
9366,2010-06,Mon 28 Jun 2010 04:15:20 +0000
12922,2010-12,Thu 02 Dec 2010 14:10:18 +0000
9069,2010-06,Mon 14 Jun 2010 17:42:34 +0000
10159,2010-08,Tue 03 Aug 2010 12:53:45 +0000
8888,2010-06,Mon 07 Jun 2010 01:08:56 +0000
12116,2010-10,Sun 24 Oct 2010 14:51:45 +0000
10163,2010-08,Tue 03 Aug 2010 15:09:56 +0000
12829,2010-11,Sun 28 Nov 2010 13:18:28 +0000
9888,2010-07,Mon 19 Jul 2010 21:22:07 +0000
11994,2010-10,Tue 19 Oct 2010 23:34:09 +0000
9703,2010-07,Mon 12 Jul 2010 10:02:07 +0000
10513,2010-08,Tue 17 Aug 2010 15:24:36 +0000
6594,2010-02,Thu 11 Feb 2010 10:53:44 +0000
11560,2010-09,Wed 29 Sep 2010 04:22:12 +0000
11020,2010-09,Sun 05 Sep 2010 18:02:54 +0000
12820,2010-11,Sat 27 Nov 2010 23:50:48 +0000
9128,2010-06,Wed 16 Jun 2010 19:39:34 +0000
9518,2010-07,Sun 04 Jul 2010 16:00:44 +0000
6063,2010-01,Fri 15 Jan 2010 14:06:46 +0000
9098,2010-06,Tue 15 Jun 2010 13:18:26 +0000
10472,2010-08,Mon 16 Aug 2010 15:52:08 +0000
13170,2010-12,Tue 14 Dec 2010 14:43:46 +0000
10988,2010-09,Fri 03 Sep 2010 18:01:44 +0000
6731,2010-02,Fri 19 Feb 2010 16:20:34 +0000
7071,2010-03,Wed 10 Mar 2010 04:12:59 +0000
8643,2010-05,Wed 26 May 2010 18:38:42 +0000
6801,2010-02,Tue 23 Feb 2010 13:20:10 +0000
13310,2010-12,Tue 21 Dec 2010 08:07:20 +0000
7236,2010-03,Thu 18 Mar 2010 16:09:47 +0000
7971,2010-04,Mon 26 Apr 2010 14:13:23 +0000
12157,2010-10,Tue 26 Oct 2010 09:55:09 +0000
7616,2010-04,Thu 08 Apr 2010 11:49:45 +0000
6287,2010-01,Tue 26 Jan 2010 19:37:04 +0000
7892,2010-04,Wed 21 Apr 2010 13:53:08 +0000
11653,2010-10,Sun 03 Oct 2010 07:29:20 +0000
8583,2010-05,Tue 25 May 2010 14:45:04 +0000
11226,2010-09,Tue 14 Sep 2010 15:37:10 +0000
7051,2010-03,Tue 09 Mar 2010 09:33:39 +0000
13424,2010-12,Sun 26 Dec 2010 15:49:20 +0000
11660,2010-10,Sun 03 Oct 2010 15:39:26 +0000
11058,2010-09,Tue 07 Sep 2010 02:57:58 +0000
12795,2010-11,Fri 26 Nov 2010 08:57:50 +0000
7017,2010-03,Sun 07 Mar 2010 04:18:38 +0000
11913,2010-10,Sat 16 Oct 2010 19:19:01 +0000
12288,2010-11,Mon 01 Nov 2010 14:06:13 +0000
8113,2010-05,Mon 03 May 2010 12:07:04 +0000
9647,2010-07,Fri 09 Jul 2010 09:45:33 +0000
11899,2010-10,Fri 15 Oct 2010 19:33:44 +0000
11674,2010-10,Mon 04 Oct 2010 13:00:15 +0000
11185,2010-09,Mon 13 Sep 2010 07:03:31 +0000
8800,2010-06,Wed 02 Jun 2010 16:40:25 +0000
9981,2010-07,Sat 24 Jul 2010 01:00:12 +0000
7663,2010-04,Sun 11 Apr 2010 18:29:44 +0000
7519,2010-04,Sat 03 Apr 2010 07:28:16 +0000
10070,2010-07,Thu 29 Jul 2010 08:46:13 +0000
12326,2010-11,Wed 03 Nov 2010 10:19:12 +0000
12908,2010-12,Thu 02 Dec 2010 00:21:38 +0000
6104,2010-01,Sun 17 Jan 2010 10:09:54 +0000
9791,2010-07,Wed 14 Jul 2010 22:56:52 +0000
8620,2010-05,Wed 26 May 2010 12:32:56 +0000
9907,2010-07,Tue 20 Jul 2010 13:57:29 +0000
7671,2010-04,Mon 12 Apr 2010 07:39:43 +0000
9377,2010-06,Mon 28 Jun 2010 11:32:29 +0000
10225,2010-08,Thu 05 Aug 2010 16:50:00 +0000
11450,2010-09,Fri 24 Sep 2010 14:17:01 +0000
8319,2010-05,Thu 13 May 2010 21:50:18 +0000
11514,2010-09,Mon 27 Sep 2010 16:51:15 +0000
11026,2010-09,Sun 05 Sep 2010 19:58:28 +0000
11588,2010-09,Thu 30 Sep 2010 02:43:13 +0000
5992,2010-01,Tue 12 Jan 2010 08:42:54 +0000
6739,2010-02,Sat 20 Feb 2010 00:32:27 +0000
9347,2010-06,Sat 26 Jun 2010 16:15:01 +0000
9855,2010-07,Sat 17 Jul 2010 17:46:23 +0000
12106,2010-10,Sun 24 Oct 2010 08:56:20 +0000
11642,2010-10,Sat 02 Oct 2010 10:51:24 +0000
13446,2010-12,Mon 27 Dec 2010 18:04:18 +0000
12832,2010-11,Sun 28 Nov 2010 16:10:36 +0000
10147,2010-08,Mon 02 Aug 2010 16:19:09 +0000
8217,2010-05,Sat 08 May 2010 09:36:17 +0000
13508,2010-12,Wed 29 Dec 2010 18:06:15 +0000
6203,2010-01,Fri 22 Jan 2010 17:43:39 +0000
12650,2010-11,Fri 19 Nov 2010 15:25:24 +0000
8033,2010-04,Thu 29 Apr 2010 12:47:02 +0000
11337,2010-09,Sat 18 Sep 2010 04:47:14 +0000
8984,2010-06,Thu 10 Jun 2010 00:30:38 +0000
11013,2010-09,Sun 05 Sep 2010 17:03:19 +0000
11277,2010-09,Thu 16 Sep 2010 14:14:05 +0000
8030,2010-04,Thu 29 Apr 2010 10:27:05 +0000
7178,2010-03,Tue 16 Mar 2010 04:28:45 +0000
11328,2010-09,Fri 17 Sep 2010 20:09:33 +0000
6699,2010-02,Wed 17 Feb 2010 16:37:28 +0000
7609,2010-04,Thu 08 Apr 2010 07:38:05 +0000
8698,2010-05,Fri 28 May 2010 07:28:42 +0000
9602,2010-07,Wed 07 Jul 2010 22:44:26 +0000
10730,2010-08,Tue 24 Aug 2010 08:13:52 +0000
11876,2010-10,Thu 14 Oct 2010 14:16:05 +0000
9715,2010-07,Mon 12 Jul 2010 13:47:49 +0000
12112,2010-10,Sun 24 Oct 2010 11:26:45 +0000
8730,2010-05,Sat 29 May 2010 20:04:44 +0000
11644,2010-10,Sat 02 Oct 2010 13:05:09 +0000
10280,2010-08,Sat 07 Aug 2010 18:37:16 +0000
8531,2010-05,Mon 24 May 2010 15:07:31 +0000
12675,2010-11,Sun 21 Nov 2010 09:11:48 +0000
13007,2010-12,Tue 07 Dec 2010 11:08:47 +0000
6355,2010-01,Fri 29 Jan 2010 23:46:41 +0000
10086,2010-07,Thu 29 Jul 2010 23:40:10 +0000
7945,2010-04,Sat 24 Apr 2010 09:29:04 +0000
9017,2010-06,Fri 11 Jun 2010 10:36:08 +0000
9501,2010-07,Sat 03 Jul 2010 22:09:17 +0000
10018,2010-07,Mon 26 Jul 2010 21:46:42 +0000
11578,2010-09,Wed 29 Sep 2010 18:45:18 +0000
11522,2010-09,Mon 27 Sep 2010 19:14:27 +0000
9436,2010-07,Thu 01 Jul 2010 13:30:16 +0000
11021,2010-09,Sun 05 Sep 2010 18:12:38 +0000
11433,2010-09,Thu 23 Sep 2010 22:53:10 +0000
11955,2010-10,Mon 18 Oct 2010 18:12:37 +0000
7521,2010-04,Sat 03 Apr 2010 16:24:29 +0000
6020,2010-01,Wed 13 Jan 2010 10:24:00 +0000
13166,2010-12,Tue 14 Dec 2010 10:12:58 +0000
11102,2010-09,Wed 08 Sep 2010 14:31:45 +0000
10359,2010-08,Wed 11 Aug 2010 21:17:47 +0000
9797,2010-07,Thu 15 Jul 2010 05:22:32 +0000
13146,2010-12,Mon 13 Dec 2010 16:51:34 +0000
9772,2010-07,Wed 14 Jul 2010 12:29:16 +0000
12648,2010-11,Fri 19 Nov 2010 13:21:36 +0000
11241,2010-09,Tue 14 Sep 2010 23:29:07 +0000
10348,2010-08,Wed 11 Aug 2010 13:44:50 +0000
9169,2010-06,Thu 17 Jun 2010 23:50:11 +0000
11250,2010-09,Wed 15 Sep 2010 08:13:14 +0000
11610,2010-09,Fri 01 Oct 2010 01:08:37 +0000
10293,2010-08,Sun 08 Aug 2010 12:13:38 +0000
12403,2010-11,Sun 07 Nov 2010 03:04:16 +0000
10154,2010-08,Mon 02 Aug 2010 23:33:57 +0000
11857,2010-10,Wed 13 Oct 2010 11:32:07 +0000
10806,2010-08,Thu 26 Aug 2010 20:40:17 +0000
12096,2010-10,Sat 23 Oct 2010 12:47:35 +0000
12974,2010-12,Mon 06 Dec 2010 16:14:23 +0000
11917,2010-10,Sun 17 Oct 2010 00:43:56 +0000
11169,2010-09,Sun 12 Sep 2010 04:37:38 +0000
10129,2010-08,Sun 01 Aug 2010 20:36:53 +0000
7398,2010-03,Sat 27 Mar 2010 01:28:06 +0000
11549,2010-09,Tue 28 Sep 2010 19:42:00 +0000
10774,2010-08,Wed 25 Aug 2010 15:47:23 +0000
10509,2010-08,Tue 17 Aug 2010 13:20:20 +0000
12270,2010-10,Sun 31 Oct 2010 21:03:26 +0000
8153,2010-05,Tue 04 May 2010 21:32:32 +0000
10923,2010-09,Wed 01 Sep 2010 10:18:26 +0000
12125,2010-10,Sun 24 Oct 2010 21:41:02 +0000
12875,2010-11,Tue 30 Nov 2010 23:39:13 +0000
8268,2010-05,Tue 11 May 2010 19:29:21 +0000
8723,2010-05,Sat 29 May 2010 06:59:15 +0000
8528,2010-05,Mon 24 May 2010 12:53:44 +0000
9264,2010-06,Tue 22 Jun 2010 20:45:31 +0000
7402,2010-03,Sat 27 Mar 2010 12:52:37 +0000
13439,2010-12,Mon 27 Dec 2010 15:05:55 +0000
8376,2010-05,Tue 18 May 2010 01:59:22 +0000
9993,2010-07,Sun 25 Jul 2010 16:17:58 +0000
11184,2010-09,Mon 13 Sep 2010 06:50:09 +0000
6485,2010-02,Fri 05 Feb 2010 13:13:14 +0000
7718,2010-04,Wed 14 Apr 2010 15:08:26 +0000
7131,2010-03,Fri 12 Mar 2010 22:24:28 +0000
7073,2010-03,Wed 10 Mar 2010 09:06:07 +0000
9091,2010-06,Tue 15 Jun 2010 09:53:12 +0000
12888,2010-12,Wed 01 Dec 2010 15:08:56 +0000
8118,2010-05,Mon 03 May 2010 14:11:41 +0000
12220,2010-10,Thu 28 Oct 2010 18:04:16 +0000
12577,2010-11,Tue 16 Nov 2010 06:03:21 +0000
9763,2010-07,Tue 13 Jul 2010 22:47:09 +0000
9782,2010-07,Wed 14 Jul 2010 20:35:34 +0000
9396,2010-06,Tue 29 Jun 2010 12:53:34 +0000
7484,2010-04,Thu 01 Apr 2010 06:40:43 +0000
9770,2010-07,Wed 14 Jul 2010 11:14:07 +0000
10392,2010-08,Fri 13 Aug 2010 00:52:32 +0000
8343,2010-05,Sat 15 May 2010 04:34:44 +0000
11008,2010-09,Sun 05 Sep 2010 05:38:35 +0000
11029,2010-09,Sun 05 Sep 2010 21:08:24 +0000
10999,2010-09,Sat 04 Sep 2010 08:22:06 +0000
12120,2010-10,Sun 24 Oct 2010 17:06:12 +0000
12084,2010-10,Fri 22 Oct 2010 16:29:00 +0000
9781,2010-07,Wed 14 Jul 2010 20:11:57 +0000
8452,2010-05,Fri 21 May 2010 14:50:16 +0000
7833,2010-04,Mon 19 Apr 2010 05:53:28 +0000
11926,2010-10,Sun 17 Oct 2010 22:03:28 +0000
9184,2010-06,Fri 18 Jun 2010 19:32:38 +0000
10569,2010-08,Wed 18 Aug 2010 19:40:41 +0000
9485,2010-07,Sat 03 Jul 2010 08:18:35 +0000
10279,2010-08,Sat 07 Aug 2010 18:14:30 +0000
10093,2010-07,Fri 30 Jul 2010 10:57:41 +0000
6155,2010-01,Wed 20 Jan 2010 15:01:29 +0000
11204,2010-09,Tue 14 Sep 2010 01:16:53 +0000
12605,2010-11,Wed 17 Nov 2010 23:44:08 +0000
10168,2010-08,Tue 03 Aug 2010 18:33:10 +0000
9131,2010-06,Wed 16 Jun 2010 21:29:49 +0000
12135,2010-10,Mon 25 Oct 2010 13:19:54 +0000
10213,2010-08,Thu 05 Aug 2010 07:50:38 +0000
6300,2010-01,Wed 27 Jan 2010 08:00:07 +0000
8636,2010-05,Wed 26 May 2010 15:33:47 +0000
12511,2010-11,Fri 12 Nov 2010 03:57:23 +0000
12796,2010-11,Fri 26 Nov 2010 09:14:36 +0000
12110,2010-10,Sun 24 Oct 2010 09:40:53 +0000
10957,2010-09,Thu 02 Sep 2010 13:21:16 +0000
12232,2010-10,Fri 29 Oct 2010 06:12:24 +0000
6111,2010-01,Mon 18 Jan 2010 00:47:17 +0000
8002,2010-04,Tue 27 Apr 2010 21:08:10 +0000
8532,2010-05,Mon 24 May 2010 15:07:44 +0000
12490,2010-11,Wed 10 Nov 2010 23:46:49 +0000
10835,2010-08,Sat 28 Aug 2010 05:43:34 +0000
7775,2010-04,Fri 16 Apr 2010 08:18:33 +0000
7469,2010-03,Wed 31 Mar 2010 10:37:00 +0000
12959,2010-12,Sun 05 Dec 2010 19:02:53 +0000
9000,2010-06,Thu 10 Jun 2010 17:41:43 +0000
7744,2010-04,Thu 15 Apr 2010 08:03:26 +0000
9442,2010-07,Thu 01 Jul 2010 18:18:04 +0000
6182,2010-01,Thu 21 Jan 2010 13:15:52 +0000
13206,2010-12,Thu 16 Dec 2010 01:22:19 +0000
9348,2010-06,Sat 26 Jun 2010 16:59:34 +0000
8428,2010-05,Thu 20 May 2010 20:46:23 +0000
10901,2010-08,Tue 31 Aug 2010 15:53:06 +0000
9020,2010-06,Fri 11 Jun 2010 12:20:48 +0000
12341,2010-11,Wed 03 Nov 2010 20:36:34 +0000
8475,2010-05,Sat 22 May 2010 17:00:02 +0000
8412,2010-05,Thu 20 May 2010 10:37:30 +0000
8552,2010-05,Mon 24 May 2010 16:54:41 +0000
6734,2010-02,Fri 19 Feb 2010 18:21:33 +0000
9064,2010-06,Mon 14 Jun 2010 09:48:16 +0000
12107,2010-10,Sun 24 Oct 2010 08:56:29 +0000
9371,2010-06,Mon 28 Jun 2010 08:35:48 +0000
11519,2010-09,Mon 27 Sep 2010 18:42:42 +0000
6472,2010-02,Fri 05 Feb 2010 01:52:27 +0000
9373,2010-06,Mon 28 Jun 2010 09:17:27 +0000
9796,2010-07,Thu 15 Jul 2010 05:19:55 +0000
11625,2010-10,Fri 01 Oct 2010 17:06:49 +0000
13405,2010-12,Fri 24 Dec 2010 16:45:45 +0000
9760,2010-07,Tue 13 Jul 2010 21:10:00 +0000
13445,2010-12,Mon 27 Dec 2010 17:12:04 +0000
8090,2010-05,Sun 02 May 2010 09:32:48 +0000
10341,2010-08,Wed 11 Aug 2010 07:01:27 +0000
11087,2010-09,Wed 08 Sep 2010 01:08:58 +0000
11943,2010-10,Mon 18 Oct 2010 09:12:53 +0000
6378,2010-01,Mon 01 Feb 2010 03:41:30 +0000
9795,2010-07,Thu 15 Jul 2010 01:16:30 +0000
8065,2010-04,Sat 01 May 2010 05:53:59 +0000
12612,2010-11,Thu 18 Nov 2010 06:07:43 +0000
12671,2010-11,Sat 20 Nov 2010 20:30:40 +0000
11911,2010-10,Sat 16 Oct 2010 17:15:49 +0000
10353,2010-08,Wed 11 Aug 2010 16:16:41 +0000
9648,2010-07,Fri 09 Jul 2010 10:53:37 +0000
10305,2010-08,Mon 09 Aug 2010 16:57:15 +0000
12807,2010-11,Fri 26 Nov 2010 19:15:25 +0000
9070,2010-06,Mon 14 Jun 2010 18:48:36 +0000
8016,2010-04,Wed 28 Apr 2010 11:35:00 +0000
13013,2010-12,Tue 07 Dec 2010 17:02:16 +0000
12217,2010-10,Thu 28 Oct 2010 08:44:00 +0000
11111,2010-09,Wed 08 Sep 2010 22:23:36 +0000
9489,2010-07,Sat 03 Jul 2010 09:55:09 +0000
8183,2010-05,Thu 06 May 2010 08:19:29 +0000
12286,2010-11,Mon 01 Nov 2010 12:49:45 +0000
12061,2010-10,Thu 21 Oct 2010 15:38:01 +0000
11049,2010-09,Mon 06 Sep 2010 21:46:09 +0000
8179,2010-05,Thu 06 May 2010 05:11:39 +0000
11025,2010-09,Sun 05 Sep 2010 19:01:18 +0000
12504,2010-11,Thu 11 Nov 2010 16:54:13 +0000
11316,2010-09,Fri 17 Sep 2010 13:59:33 +0000
12383,2010-11,Fri 05 Nov 2010 16:10:55 +0000
11756,2010-10,Thu 07 Oct 2010 22:12:19 +0000
11476,2010-09,Sat 25 Sep 2010 11:47:08 +0000
10932,2010-09,Wed 01 Sep 2010 15:51:58 +0000
11406,2010-09,Wed 22 Sep 2010 17:47:45 +0000
7912,2010-04,Thu 22 Apr 2010 09:55:16 +0000
12450,2010-11,Tue 09 Nov 2010 11:24:09 +0000
12477,2010-11,Wed 10 Nov 2010 13:27:42 +0000
10482,2010-08,Mon 16 Aug 2010 18:20:35 +0000
8317,2010-05,Thu 13 May 2010 16:23:08 +0000
10274,2010-08,Sat 07 Aug 2010 15:05:20 +0000
6216,2010-01,Sat 23 Jan 2010 01:33:21 +0000
10737,2010-08,Tue 24 Aug 2010 12:41:19 +0000
11354,2010-09,Sun 19 Sep 2010 12:37:17 +0000
11417,2010-09,Thu 23 Sep 2010 07:44:15 +0000
12142,2010-10,Mon 25 Oct 2010 21:41:48 +0000
9496,2010-07,Sat 03 Jul 2010 18:52:39 +0000
10661,2010-08,Sat 21 Aug 2010 16:02:31 +0000
11341,2010-09,Sat 18 Sep 2010 18:56:22 +0000
11329,2010-09,Fri 17 Sep 2010 21:58:53 +0000
12437,2010-11,Tue 09 Nov 2010 00:15:55 +0000
10543,2010-08,Wed 18 Aug 2010 10:38:23 +0000
12545,2010-11,Sun 14 Nov 2010 20:18:42 +0000
13236,2010-12,Fri 17 Dec 2010 04:59:44 +0000
9994,2010-07,Sun 25 Jul 2010 16:20:21 +0000
11120,2010-09,Thu 09 Sep 2010 08:10:30 +0000
8988,2010-06,Thu 10 Jun 2010 04:52:23 +0000
12208,2010-10,Thu 28 Oct 2010 00:49:21 +0000
12603,2010-11,Wed 17 Nov 2010 15:36:38 +0000
10288,2010-08,Sun 08 Aug 2010 05:14:17 +0000
12092,2010-10,Sat 23 Oct 2010 01:49:44 +0000
8887,2010-06,Mon 07 Jun 2010 01:06:47 +0000
7100,2010-03,Wed 10 Mar 2010 23:10:57 +0000
9970,2010-07,Fri 23 Jul 2010 11:19:29 +0000
10403,2010-08,Fri 13 Aug 2010 11:05:08 +0000
13026,2010-12,Wed 08 Dec 2010 09:22:03 +0000
9308,2010-06,Thu 24 Jun 2010 18:26:31 +0000
10677,2010-08,Sun 22 Aug 2010 17:43:19 +0000
10367,2010-08,Thu 12 Aug 2010 03:04:16 +0000
10499,2010-08,Tue 17 Aug 2010 02:33:26 +0000
10465,2010-08,Mon 16 Aug 2010 11:11:57 +0000
7358,2010-03,Wed 24 Mar 2010 19:44:49 +0000
8918,2010-06,Mon 07 Jun 2010 20:53:22 +0000
9524,2010-07,Mon 05 Jul 2010 02:14:24 +0000
11017,2010-09,Sun 05 Sep 2010 17:41:51 +0000
9690,2010-07,Sun 11 Jul 2010 12:21:07 +0000
11024,2010-09,Sun 05 Sep 2010 18:49:40 +0000
10523,2010-08,Tue 17 Aug 2010 21:58:58 +0000
11834,2010-10,Tue 12 Oct 2010 13:09:59 +0000
9202,2010-06,Sat 19 Jun 2010 17:37:05 +0000
9749,2010-07,Tue 13 Jul 2010 13:55:45 +0000
11412,2010-09,Thu 23 Sep 2010 00:47:00 +0000
7004,2010-03,Sat 06 Mar 2010 04:09:01 +0000
7862,2010-04,Tue 20 Apr 2010 14:02:08 +0000
11015,2010-09,Sun 05 Sep 2010 17:24:03 +0000
7627,2010-04,Thu 08 Apr 2010 18:33:02 +0000
12428,2010-11,Mon 08 Nov 2010 13:21:17 +0000
11931,2010-10,Mon 18 Oct 2010 06:09:23 +0000
10691,2010-08,Mon 23 Aug 2010 08:37:44 +0000
12155,2010-10,Tue 26 Oct 2010 08:15:23 +0000
7614,2010-04,Thu 08 Apr 2010 10:33:32 +0000
8028,2010-04,Thu 29 Apr 2010 07:22:50 +0000
8462,2010-05,Sat 22 May 2010 00:45:08 +0000
9694,2010-07,Mon 12 Jul 2010 00:09:26 +0000
13077,2010-12,Fri 10 Dec 2010 05:39:15 +0000
11562,2010-09,Wed 29 Sep 2010 08:15:56 +0000
10537,2010-08,Wed 18 Aug 2010 07:24:13 +0000
10889,2010-08,Tue 31 Aug 2010 04:58:15 +0000
10694,2010-08,Mon 23 Aug 2010 09:47:43 +0000
12423,2010-11,Mon 08 Nov 2010 10:19:42 +0000
12010,2010-10,Wed 20 Oct 2010 16:49:14 +0000
7801,2010-04,Sat 17 Apr 2010 17:54:56 +0000
11460,2010-09,Fri 24 Sep 2010 19:55:10 +0000
12722,2010-11,Tue 23 Nov 2010 18:19:38 +0000
12211,2010-10,Thu 28 Oct 2010 03:33:16 +0000
8000,2010-04,Tue 27 Apr 2010 16:57:53 +0000
10301,2010-08,Mon 09 Aug 2010 09:26:06 +0000
12883,2010-12,Wed 01 Dec 2010 09:20:03 +0000
12510,2010-11,Fri 12 Nov 2010 03:38:16 +0000
12751,2010-11,Thu 25 Nov 2010 00:15:57 +0000
12700,2010-11,Mon 22 Nov 2010 16:36:45 +0000
12797,2010-11,Fri 26 Nov 2010 10:08:17 +0000
8064,2010-04,Sat 01 May 2010 03:21:18 +0000
13068,2010-12,Thu 09 Dec 2010 17:57:00 +0000
11327,2010-09,Fri 17 Sep 2010 19:33:54 +0000
10240,2010-08,Fri 06 Aug 2010 10:27:55 +0000
11252,2010-09,Wed 15 Sep 2010 08:21:57 +0000
10788,2010-08,Thu 26 Aug 2010 04:35:11 +0000
6417,2010-02,Wed 03 Feb 2010 00:55:23 +0000
11338,2010-09,Sat 18 Sep 2010 08:12:52 +0000
13039,2010-12,Wed 08 Dec 2010 19:42:50 +0000
6334,2010-01,Fri 29 Jan 2010 00:34:15 +0000
13483,2010-12,Tue 28 Dec 2010 22:02:14 +0000
10924,2010-09,Wed 01 Sep 2010 10:19:33 +0000
9269,2010-06,Wed 23 Jun 2010 00:17:16 +0000
10629,2010-08,Fri 20 Aug 2010 12:25:18 +0000
8922,2010-06,Mon 07 Jun 2010 23:46:48 +0000
11233,2010-09,Tue 14 Sep 2010 20:22:55 +0000
8282,2010-05,Wed 12 May 2010 03:21:55 +0000
11159,2010-09,Sat 11 Sep 2010 06:37:18 +0000
11007,2010-09,Sun 05 Sep 2010 05:36:32 +0000
5991,2010-01,Tue 12 Jan 2010 07:45:37 +0000
7774,2010-04,Fri 16 Apr 2010 08:07:12 +0000
9832,2010-07,Fri 16 Jul 2010 14:17:11 +0000
11551,2010-09,Tue 28 Sep 2010 21:45:27 +0000
12108,2010-10,Sun 24 Oct 2010 09:22:01 +0000
13311,2010-12,Tue 21 Dec 2010 08:15:23 +0000
10724,2010-08,Tue 24 Aug 2010 02:21:10 +0000
9372,2010-06,Mon 28 Jun 2010 08:46:01 +0000
9340,2010-06,Fri 25 Jun 2010 22:01:43 +0000
9488,2010-07,Sat 03 Jul 2010 08:20:29 +0000
13006,2010-12,Tue 07 Dec 2010 10:28:28 +0000
12745,2010-11,Wed 24 Nov 2010 21:14:50 +0000
13130,2010-12,Sun 12 Dec 2010 19:23:36 +0000
9370,2010-06,Mon 28 Jun 2010 07:49:11 +0000
8188,2010-05,Thu 06 May 2010 14:01:29 +0000
7721,2010-04,Wed 14 Apr 2010 16:58:17 +0000
11804,2010-10,Mon 11 Oct 2010 10:42:58 +0000
8897,2010-06,Mon 07 Jun 2010 08:36:53 +0000
10910,2010-08,Wed 01 Sep 2010 03:34:27 +0000
10157,2010-08,Tue 03 Aug 2010 08:48:44 +0000
12136,2010-10,Mon 25 Oct 2010 14:19:46 +0000
10967,2010-09,Thu 02 Sep 2010 17:10:04 +0000
10347,2010-08,Wed 11 Aug 2010 13:15:03 +0000
10160,2010-08,Tue 03 Aug 2010 13:37:10 +0000
8921,2010-06,Mon 07 Jun 2010 23:42:17 +0000
13364,2010-12,Wed 22 Dec 2010 09:08:38 +0000
6342,2010-01,Fri 29 Jan 2010 07:56:32 +0000
13087,2010-12,Fri 10 Dec 2010 17:29:44 +0000
10972,2010-09,Thu 02 Sep 2010 23:53:19 +0000
12776,2010-11,Thu 25 Nov 2010 19:04:41 +0000
10169,2010-08,Tue 03 Aug 2010 18:40:00 +0000
9604,2010-07,Thu 08 Jul 2010 02:13:27 +0000
12540,2010-11,Sun 14 Nov 2010 02:40:25 +0000
11260,2010-09,Wed 15 Sep 2010 15:35:59 +0000
13102,2010-12,Sat 11 Dec 2010 00:21:39 +0000
12634,2010-11,Thu 18 Nov 2010 21:36:23 +0000
7095,2010-03,Wed 10 Mar 2010 22:27:41 +0000
10596,2010-08,Thu 19 Aug 2010 18:01:43 +0000
6315,2010-01,Wed 27 Jan 2010 20:58:57 +0000
11119,2010-09,Thu 09 Sep 2010 08:00:45 +0000
12600,2010-11,Wed 17 Nov 2010 06:27:50 +0000
10856,2010-08,Sun 29 Aug 2010 10:59:55 +0000
10933,2010-09,Wed 01 Sep 2010 15:52:08 +0000
9536,2010-07,Mon 05 Jul 2010 16:03:36 +0000
9463,2010-07,Fri 02 Jul 2010 13:52:25 +0000
9052,2010-06,Sun 13 Jun 2010 20:47:04 +0000
6891,2010-02,Sat 27 Feb 2010 01:40:11 +0000
9759,2010-07,Tue 13 Jul 2010 21:01:45 +0000
10110,2010-07,Fri 30 Jul 2010 23:14:00 +0000
6167,2010-01,Wed 20 Jan 2010 23:58:48 +0000
9580,2010-07,Wed 07 Jul 2010 08:35:54 +0000
8466,2010-05,Sat 22 May 2010 09:13:30 +0000
11520,2010-09,Mon 27 Sep 2010 18:42:56 +0000
9213,2010-06,Sun 20 Jun 2010 07:52:13 +0000
12177,2010-10,Tue 26 Oct 2010 22:17:22 +0000
13034,2010-12,Wed 08 Dec 2010 14:49:02 +0000
9350,2010-06,Sat 26 Jun 2010 18:11:07 +0000
11701,2010-10,Tue 05 Oct 2010 11:32:49 +0000
11684,2010-10,Mon 04 Oct 2010 21:42:25 +0000
8917,2010-06,Mon 07 Jun 2010 20:23:02 +0000
11826,2010-10,Tue 12 Oct 2010 08:49:12 +0000
10927,2010-09,Wed 01 Sep 2010 12:33:05 +0000
8247,2010-05,Mon 10 May 2010 18:19:17 +0000
11227,2010-09,Tue 14 Sep 2010 15:37:10 +0000
10769,2010-08,Wed 25 Aug 2010 13:16:41 +0000
10632,2010-08,Fri 20 Aug 2010 14:41:55 +0000
8334,2010-05,Fri 14 May 2010 09:07:25 +0000
12958,2010-12,Sun 05 Dec 2010 17:48:52 +0000
10817,2010-08,Fri 27 Aug 2010 10:41:06 +0000
13268,2010-12,Sun 19 Dec 2010 14:06:42 +0000
11126,2010-09,Thu 09 Sep 2010 14:08:41 +0000
8403,2010-05,Wed 19 May 2010 20:54:49 +0000
9037,2010-06,Sat 12 Jun 2010 19:13:42 +0000
11900,2010-10,Fri 15 Oct 2010 20:03:21 +0000
11441,2010-09,Fri 24 Sep 2010 07:18:01 +0000
11171,2010-09,Sun 12 Sep 2010 12:14:45 +0000
10533,2010-08,Wed 18 Aug 2010 06:02:51 +0000
10879,2010-08,Mon 30 Aug 2010 14:28:36 +0000
8366,2010-05,Mon 17 May 2010 12:22:40 +0000
6978,2010-03,Thu 04 Mar 2010 11:05:57 +0000
10092,2010-07,Fri 30 Jul 2010 10:50:38 +0000
12581,2010-11,Tue 16 Nov 2010 11:08:38 +0000
11395,2010-09,Wed 22 Sep 2010 09:29:52 +0000
11632,2010-10,Sat 02 Oct 2010 04:40:16 +0000
7229,2010-03,Thu 18 Mar 2010 09:15:11 +0000
13540,2010-12,Thu 30 Dec 2010 20:27:49 +0000
9492,2010-07,Sat 03 Jul 2010 11:58:12 +0000
10734,2010-08,Tue 24 Aug 2010 10:29:41 +0000
12189,2010-10,Wed 27 Oct 2010 10:07:30 +0000
7751,2010-04,Thu 15 Apr 2010 14:01:33 +0000
13012,2010-12,Tue 07 Dec 2010 16:33:05 +0000
11121,2010-09,Thu 09 Sep 2010 08:13:06 +0000
10462,2010-08,Mon 16 Aug 2010 09:47:07 +0000
5975,2010-01,Mon 11 Jan 2010 14:24:04 +0000
10121,2010-07,Sat 31 Jul 2010 19:18:34 +0000
11477,2010-09,Sat 25 Sep 2010 14:36:29 +0000
10718,2010-08,Mon 23 Aug 2010 23:48:14 +0000
9845,2010-07,Sat 17 Jul 2010 06:36:57 +0000
10637,2010-08,Fri 20 Aug 2010 18:19:11 +0000
12735,2010-11,Wed 24 Nov 2010 15:38:13 +0000
11257,2010-09,Wed 15 Sep 2010 14:44:02 +0000
10669,2010-08,Sun 22 Aug 2010 01:53:11 +0000
12677,2010-11,Sun 21 Nov 2010 09:26:37 +0000
11155,2010-09,Fri 10 Sep 2010 20:20:49 +0000
12960,2010-12,Sun 05 Dec 2010 19:17:16 +0000
18860,2011-07,Wed 27 Jul 2011 14:34:24 +0000
15852,2011-03,Wed 30 Mar 2011 07:47:49 +0000
20059,2011-09,Thu 15 Sep 2011 03:10:26 +0000
14040,2011-01,Sat 15 Jan 2011 20:43:14 +0000
13833,2011-01,Sat 08 Jan 2011 07:27:38 +0000
20096,2011-09,Fri 16 Sep 2011 17:12:11 +0000
15230,2011-03,Fri 04 Mar 2011 10:12:49 +0000
19121,2011-08,Mon 08 Aug 2011 21:45:44 +0000
17568,2011-06,Sat 11 Jun 2011 00:54:21 +0000
15470,2011-03,Sun 13 Mar 2011 15:16:24 +0000
18193,2011-07,Sat 02 Jul 2011 08:22:50 +0000
14294,2011-01,Tue 25 Jan 2011 13:36:15 +0000
15559,2011-03,Wed 16 Mar 2011 22:34:25 +0000
20162,2011-09,Mon 19 Sep 2011 14:04:54 +0000
15356,2011-03,Wed 09 Mar 2011 10:12:35 +0000
15049,2011-02,Sat 26 Feb 2011 09:15:42 +0000
19406,2011-08,Sat 20 Aug 2011 12:36:58 +0000
20168,2011-09,Mon 19 Sep 2011 16:05:49 +0000
15095,2011-02,Mon 28 Feb 2011 07:34:16 +0000
15542,2011-03,Wed 16 Mar 2011 13:02:16 +0000
13855,2011-01,Sat 08 Jan 2011 23:37:50 +0000
19008,2011-08,Wed 03 Aug 2011 13:36:22 +0000
19273,2011-08,Mon 15 Aug 2011 20:02:05 +0000
16733,2011-05,Wed 11 May 2011 07:48:59 +0000
17820,2011-06,Mon 20 Jun 2011 15:55:08 +0000
18688,2011-07,Wed 20 Jul 2011 21:53:38 +0000
16470,2011-04,Sat 30 Apr 2011 15:28:46 +0000
14673,2011-02,Fri 11 Feb 2011 14:55:28 +0000
17651,2011-06,Tue 14 Jun 2011 13:38:18 +0000
15923,2011-04,Sat 02 Apr 2011 00:03:25 +0000
15170,2011-03,Wed 02 Mar 2011 12:42:02 +0000
14712,2011-02,Sun 13 Feb 2011 23:04:14 +0000
17087,2011-05,Mon 23 May 2011 21:26:55 +0000
13657,2011-01,Tue 04 Jan 2011 01:39:45 +0000
20052,2011-09,Thu 15 Sep 2011 01:28:52 +0000
18462,2011-07,Tue 12 Jul 2011 20:38:24 +0000
17800,2011-06,Mon 20 Jun 2011 03:50:39 +0000
19673,2011-08,Tue 30 Aug 2011 06:04:00 +0000
18063,2011-06,Tue 28 Jun 2011 15:14:16 +0000
17288,2011-05,Tue 31 May 2011 17:43:16 +0000
13696,2011-01,Wed 05 Jan 2011 00:46:06 +0000
14542,2011-02,Fri 04 Feb 2011 17:45:19 +0000
14427,2011-01,Mon 31 Jan 2011 10:58:45 +0000
13996,2011-01,Fri 14 Jan 2011 05:04:18 +0000
14626,2011-02,Wed 09 Feb 2011 12:37:12 +0000
15867,2011-03,Wed 30 Mar 2011 15:40:55 +0000
18356,2011-07,Sat 09 Jul 2011 10:56:02 +0000
13635,2011-01,Mon 03 Jan 2011 13:21:38 +0000
15341,2011-03,Wed 09 Mar 2011 03:35:00 +0000
16640,2011-05,Fri 06 May 2011 20:23:47 +0000
16803,2011-05,Fri 13 May 2011 09:29:15 +0000
15431,2011-03,Fri 11 Mar 2011 14:19:43 +0000
14630,2011-02,Wed 09 Feb 2011 15:19:40 +0000
14806,2011-02,Thu 17 Feb 2011 15:44:56 +0000
18600,2011-07,Sun 17 Jul 2011 09:36:13 +0000
16266,2011-04,Wed 20 Apr 2011 20:38:41 +0000
19312,2011-08,Wed 17 Aug 2011 02:50:58 +0000
17304,2011-06,Wed 01 Jun 2011 13:21:37 +0000
18237,2011-07,Tue 05 Jul 2011 06:21:43 +0000
18134,2011-06,Thu 30 Jun 2011 14:26:28 +0000
19969,2011-09,Sun 11 Sep 2011 21:47:22 +0000
19139,2011-08,Tue 09 Aug 2011 18:40:47 +0000
19004,2011-08,Wed 03 Aug 2011 11:46:56 +0000
15590,2011-03,Fri 18 Mar 2011 04:13:20 +0000
15484,2011-03,Mon 14 Mar 2011 09:49:58 +0000
18753,2011-07,Sat 23 Jul 2011 09:15:46 +0000
17356,2011-06,Thu 02 Jun 2011 23:51:51 +0000
15044,2011-02,Sat 26 Feb 2011 05:15:54 +0000
13769,2011-01,Thu 06 Jan 2011 13:15:05 +0000
18622,2011-07,Mon 18 Jul 2011 12:18:51 +0000
19061,2011-08,Fri 05 Aug 2011 15:48:53 +0000
19971,2011-09,Mon 12 Sep 2011 01:13:38 +0000
16885,2011-05,Mon 16 May 2011 12:52:53 +0000
17317,2011-06,Wed 01 Jun 2011 21:07:37 +0000
16086,2011-04,Mon 11 Apr 2011 16:46:02 +0000
15977,2011-04,Tue 05 Apr 2011 17:43:33 +0000
20056,2011-09,Thu 15 Sep 2011 01:49:34 +0000
15476,2011-03,Sun 13 Mar 2011 22:30:21 +0000
18733,2011-07,Fri 22 Jul 2011 12:04:47 +0000
17080,2011-05,Mon 23 May 2011 16:52:38 +0000
13687,2011-01,Tue 04 Jan 2011 22:52:18 +0000
14093,2011-01,Mon 17 Jan 2011 21:25:01 +0000
13701,2011-01,Wed 05 Jan 2011 05:03:56 +0000
13834,2011-01,Sat 08 Jan 2011 08:03:56 +0000
15743,2011-03,Sat 26 Mar 2011 10:20:41 +0000
15557,2011-03,Wed 16 Mar 2011 22:08:39 +0000
18711,2011-07,Thu 21 Jul 2011 22:24:50 +0000
16709,2011-05,Tue 10 May 2011 14:13:13 +0000
19946,2011-09,Sat 10 Sep 2011 06:44:09 +0000
17590,2011-06,Sun 12 Jun 2011 14:21:59 +0000
15652,2011-03,Mon 21 Mar 2011 19:57:15 +0000
18671,2011-07,Wed 20 Jul 2011 09:24:55 +0000
19914,2011-09,Thu 08 Sep 2011 19:22:58 +0000
14169,2011-01,Thu 20 Jan 2011 06:20:02 +0000
18971,2011-08,Tue 02 Aug 2011 10:45:52 +0000
14688,2011-02,Sat 12 Feb 2011 02:41:16 +0000
17971,2011-06,Sat 25 Jun 2011 08:43:42 +0000
19135,2011-08,Tue 09 Aug 2011 12:05:20 +0000
19280,2011-08,Tue 16 Aug 2011 06:01:25 +0000
16195,2011-04,Sun 17 Apr 2011 17:38:09 +0000
16576,2011-05,Wed 04 May 2011 08:07:46 +0000
18305,2011-07,Thu 07 Jul 2011 12:29:32 +0000
15617,2011-03,Sat 19 Mar 2011 11:13:04 +0000
17044,2011-05,Sat 21 May 2011 19:05:54 +0000
17562,2011-06,Fri 10 Jun 2011 15:33:57 +0000
14584,2011-02,Mon 07 Feb 2011 08:39:46 +0000
17013,2011-05,Fri 20 May 2011 12:16:15 +0000
14711,2011-02,Sun 13 Feb 2011 23:04:06 +0000
17649,2011-06,Tue 14 Jun 2011 13:15:18 +0000
15701,2011-03,Thu 24 Mar 2011 14:30:29 +0000
13805,2011-01,Fri 07 Jan 2011 14:16:51 +0000
15769,2011-03,Sun 27 Mar 2011 17:20:11 +0000
17846,2011-06,Tue 21 Jun 2011 12:55:11 +0000
15338,2011-03,Wed 09 Mar 2011 00:29:58 +0000
13864,2011-01,Sun 09 Jan 2011 16:38:46 +0000
15840,2011-03,Tue 29 Mar 2011 18:31:12 +0000
15191,2011-03,Thu 03 Mar 2011 06:24:20 +0000
15241,2011-03,Fri 04 Mar 2011 16:49:27 +0000
13705,2011-01,Wed 05 Jan 2011 08:09:21 +0000
14927,2011-02,Tue 22 Feb 2011 20:09:43 +0000
15609,2011-03,Fri 18 Mar 2011 18:48:04 +0000
13636,2011-01,Mon 03 Jan 2011 13:35:23 +0000
15054,2011-02,Sat 26 Feb 2011 10:53:55 +0000
17504,2011-06,Wed 08 Jun 2011 20:21:24 +0000
17146,2011-05,Wed 25 May 2011 19:19:22 +0000
15558,2011-03,Wed 16 Mar 2011 22:10:35 +0000
16200,2011-04,Mon 18 Apr 2011 02:35:49 +0000
18139,2011-06,Thu 30 Jun 2011 16:10:55 +0000
14852,2011-02,Sat 19 Feb 2011 01:50:44 +0000
16332,2011-04,Sun 24 Apr 2011 04:38:26 +0000
15915,2011-04,Fri 01 Apr 2011 16:43:15 +0000
17919,2011-06,Thu 23 Jun 2011 16:59:40 +0000
18110,2011-06,Wed 29 Jun 2011 19:23:36 +0000
16054,2011-04,Fri 08 Apr 2011 23:55:15 +0000
15171,2011-03,Wed 02 Mar 2011 14:45:31 +0000
19758,2011-09,Thu 01 Sep 2011 19:49:46 +0000
14667,2011-02,Fri 11 Feb 2011 09:22:35 +0000
19489,2011-08,Tue 23 Aug 2011 23:15:58 +0000
14295,2011-01,Tue 25 Jan 2011 14:36:14 +0000
18910,2011-07,Fri 29 Jul 2011 11:05:46 +0000
14477,2011-02,Wed 02 Feb 2011 14:14:20 +0000
16478,2011-04,Sat 30 Apr 2011 22:54:01 +0000
19600,2011-08,Fri 26 Aug 2011 14:58:08 +0000
16166,2011-04,Fri 15 Apr 2011 05:42:23 +0000
15553,2011-03,Wed 16 Mar 2011 16:52:01 +0000
19483,2011-08,Tue 23 Aug 2011 20:21:18 +0000
17621,2011-06,Mon 13 Jun 2011 16:46:02 +0000
13612,2011-01,Sun 02 Jan 2011 13:18:20 +0000
19148,2011-08,Wed 10 Aug 2011 05:57:05 +0000
16690,2011-05,Mon 09 May 2011 14:49:27 +0000
17865,2011-06,Tue 21 Jun 2011 23:16:29 +0000
18073,2011-06,Tue 28 Jun 2011 19:56:52 +0000
16991,2011-05,Thu 19 May 2011 17:48:26 +0000
20014,2011-09,Tue 13 Sep 2011 16:35:26 +0000
19062,2011-08,Fri 05 Aug 2011 17:59:45 +0000
18284,2011-07,Thu 07 Jul 2011 04:49:10 +0000
17174,2011-05,Thu 26 May 2011 16:24:20 +0000
16628,2011-05,Fri 06 May 2011 10:53:01 +0000
15971,2011-04,Tue 05 Apr 2011 08:33:48 +0000
20229,2011-09,Wed 21 Sep 2011 16:24:09 +0000
15450,2011-03,Sat 12 Mar 2011 01:58:12 +0000
15237,2011-03,Fri 04 Mar 2011 14:21:29 +0000
14228,2011-01,Sun 23 Jan 2011 00:18:20 +0000
18162,2011-07,Fri 01 Jul 2011 06:15:06 +0000
19250,2011-08,Sun 14 Aug 2011 20:37:46 +0000
18142,2011-06,Thu 30 Jun 2011 18:29:59 +0000
19987,2011-09,Mon 12 Sep 2011 16:40:08 +0000
16730,2011-05,Wed 11 May 2011 06:28:17 +0000
14231,2011-01,Sun 23 Jan 2011 11:10:43 +0000
18207,2011-07,Sun 03 Jul 2011 15:09:45 +0000
13632,2011-01,Mon 03 Jan 2011 08:11:42 +0000
17709,2011-06,Thu 16 Jun 2011 10:27:33 +0000
18170,2011-07,Fri 01 Jul 2011 10:47:04 +0000
19028,2011-08,Thu 04 Aug 2011 07:16:37 +0000
18248,2011-07,Tue 05 Jul 2011 12:06:36 +0000
16842,2011-05,Sat 14 May 2011 22:00:47 +0000
18085,2011-06,Wed 29 Jun 2011 06:21:01 +0000
17160,2011-05,Thu 26 May 2011 09:29:03 +0000
17993,2011-06,Sun 26 Jun 2011 15:31:04 +0000
18047,2011-06,Tue 28 Jun 2011 09:35:20 +0000
18148,2011-06,Thu 30 Jun 2011 23:07:51 +0000
20201,2011-09,Tue 20 Sep 2011 19:18:14 +0000
16046,2011-04,Fri 08 Apr 2011 13:58:34 +0000
18635,2011-07,Mon 18 Jul 2011 18:58:31 +0000
16468,2011-04,Sat 30 Apr 2011 09:32:44 +0000
15671,2011-03,Tue 22 Mar 2011 19:48:28 +0000
15474,2011-03,Sun 13 Mar 2011 21:02:03 +0000
15581,2011-03,Fri 18 Mar 2011 00:40:40 +0000
19388,2011-08,Fri 19 Aug 2011 14:03:20 +0000
17177,2011-05,Thu 26 May 2011 18:24:44 +0000
15466,2011-03,Sun 13 Mar 2011 06:12:22 +0000
16755,2011-05,Wed 11 May 2011 22:29:47 +0000
14276,2011-01,Mon 24 Jan 2011 22:52:01 +0000
15556,2011-03,Wed 16 Mar 2011 21:27:28 +0000
13659,2011-01,Tue 04 Jan 2011 03:56:28 +0000
17653,2011-06,Tue 14 Jun 2011 14:26:03 +0000
14926,2011-02,Tue 22 Feb 2011 19:36:24 +0000
13708,2011-01,Wed 05 Jan 2011 09:39:20 +0000
16973,2011-05,Thu 19 May 2011 03:08:50 +0000
19874,2011-09,Wed 07 Sep 2011 15:30:43 +0000
15567,2011-03,Thu 17 Mar 2011 03:53:02 +0000
17415,2011-06,Sun 05 Jun 2011 22:24:48 +0000
14200,2011-01,Fri 21 Jan 2011 15:57:27 +0000
14624,2011-02,Wed 09 Feb 2011 11:31:46 +0000
14414,2011-01,Sun 30 Jan 2011 20:27:34 +0000
15485,2011-03,Mon 14 Mar 2011 11:34:08 +0000
16247,2011-04,Wed 20 Apr 2011 06:32:43 +0000
19409,2011-08,Sat 20 Aug 2011 14:02:31 +0000
15986,2011-04,Wed 06 Apr 2011 09:31:14 +0000
18404,2011-07,Mon 11 Jul 2011 11:57:55 +0000
19161,2011-08,Wed 10 Aug 2011 16:30:21 +0000
13792,2011-01,Fri 07 Jan 2011 02:32:59 +0000
19047,2011-08,Fri 05 Aug 2011 05:14:05 +0000
16128,2011-04,Wed 13 Apr 2011 15:15:37 +0000
15125,2011-03,Tue 01 Mar 2011 09:47:07 +0000
14588,2011-02,Mon 07 Feb 2011 13:35:25 +0000
16525,2011-05,Mon 02 May 2011 19:07:24 +0000
14907,2011-02,Mon 21 Feb 2011 21:15:14 +0000
14687,2011-02,Sat 12 Feb 2011 02:12:50 +0000
19404,2011-08,Sat 20 Aug 2011 11:29:42 +0000
17232,2011-05,Mon 30 May 2011 01:41:02 +0000
15263,2011-03,Sat 05 Mar 2011 01:51:40 +0000
14919,2011-02,Tue 22 Feb 2011 12:45:06 +0000
16861,2011-05,Sun 15 May 2011 22:46:19 +0000
13611,2011-01,Sun 02 Jan 2011 13:11:53 +0000
15562,2011-03,Wed 16 Mar 2011 23:57:23 +0000
14741,2011-02,Tue 15 Feb 2011 04:59:41 +0000
16979,2011-05,Thu 19 May 2011 07:38:30 +0000
19603,2011-08,Fri 26 Aug 2011 16:45:05 +0000
18066,2011-06,Tue 28 Jun 2011 15:42:44 +0000
16567,2011-05,Tue 03 May 2011 19:57:16 +0000
17082,2011-05,Mon 23 May 2011 18:23:09 +0000
18888,2011-07,Thu 28 Jul 2011 15:22:49 +0000
17722,2011-06,Thu 16 Jun 2011 19:15:08 +0000
19364,2011-08,Thu 18 Aug 2011 17:48:00 +0000
18044,2011-06,Tue 28 Jun 2011 08:13:02 +0000
17592,2011-06,Sun 12 Jun 2011 18:04:04 +0000
18208,2011-07,Sun 03 Jul 2011 15:11:15 +0000
17801,2011-06,Mon 20 Jun 2011 03:59:55 +0000
17291,2011-05,Tue 31 May 2011 19:51:50 +0000
15072,2011-02,Sun 27 Feb 2011 08:10:04 +0000
14456,2011-02,Tue 01 Feb 2011 15:15:34 +0000
18716,2011-07,Fri 22 Jul 2011 04:29:48 +0000
19087,2011-08,Sun 07 Aug 2011 04:35:19 +0000
17322,2011-06,Thu 02 Jun 2011 01:31:05 +0000
19773,2011-09,Fri 02 Sep 2011 12:31:17 +0000
17383,2011-06,Sat 04 Jun 2011 03:48:35 +0000
18113,2011-06,Wed 29 Jun 2011 21:44:34 +0000
19636,2011-08,Sun 28 Aug 2011 12:52:52 +0000
19403,2011-08,Sat 20 Aug 2011 10:18:05 +0000
13837,2011-01,Sat 08 Jan 2011 08:15:54 +0000
14628,2011-02,Wed 09 Feb 2011 13:44:58 +0000
19073,2011-08,Sat 06 Aug 2011 03:48:51 +0000
15165,2011-03,Wed 02 Mar 2011 11:51:36 +0000
19185,2011-08,Thu 11 Aug 2011 12:46:08 +0000
18214,2011-07,Sun 03 Jul 2011 22:48:31 +0000
15555,2011-03,Wed 16 Mar 2011 20:02:21 +0000
19661,2011-08,Mon 29 Aug 2011 20:22:45 +0000
15876,2011-03,Wed 30 Mar 2011 23:51:13 +0000
19083,2011-08,Sat 06 Aug 2011 22:12:53 +0000
14603,2011-02,Tue 08 Feb 2011 08:50:25 +0000
18687,2011-07,Wed 20 Jul 2011 21:04:07 +0000
15628,2011-03,Sun 20 Mar 2011 12:05:42 +0000
16325,2011-04,Sat 23 Apr 2011 14:52:02 +0000
14473,2011-02,Wed 02 Feb 2011 11:09:58 +0000
19175,2011-08,Thu 11 Aug 2011 05:47:46 +0000
17481,2011-06,Wed 08 Jun 2011 09:48:09 +0000
20030,2011-09,Wed 14 Sep 2011 08:13:39 +0000
16858,2011-05,Sun 15 May 2011 17:29:35 +0000
20132,2011-09,Sun 18 Sep 2011 17:42:32 +0000
19036,2011-08,Thu 04 Aug 2011 15:21:34 +0000
18824,2011-07,Tue 26 Jul 2011 14:32:24 +0000
16147,2011-04,Thu 14 Apr 2011 11:30:29 +0000
17195,2011-05,Fri 27 May 2011 08:05:05 +0000
17267,2011-05,Tue 31 May 2011 09:03:27 +0000
19740,2011-09,Thu 01 Sep 2011 07:36:51 +0000
15804,2011-03,Mon 28 Mar 2011 21:29:56 +0000
19106,2011-08,Mon 08 Aug 2011 12:28:24 +0000
15096,2011-02,Mon 28 Feb 2011 07:42:37 +0000
18410,2011-07,Mon 11 Jul 2011 13:52:06 +0000
18189,2011-07,Sat 02 Jul 2011 01:31:49 +0000
18732,2011-07,Fri 22 Jul 2011 09:46:20 +0000
19875,2011-09,Wed 07 Sep 2011 15:31:23 +0000
14226,2011-01,Sat 22 Jan 2011 23:59:55 +0000
14780,2011-02,Wed 16 Feb 2011 12:42:48 +0000
19963,2011-09,Sun 11 Sep 2011 05:56:46 +0000
14005,2011-01,Fri 14 Jan 2011 12:42:07 +0000
19500,2011-08,Wed 24 Aug 2011 06:05:48 +0000
14091,2011-01,Mon 17 Jan 2011 20:46:03 +0000
15220,2011-03,Fri 04 Mar 2011 06:26:32 +0000
17638,2011-06,Tue 14 Jun 2011 05:47:19 +0000
16402,2011-04,Wed 27 Apr 2011 19:52:15 +0000
19970,2011-09,Sun 11 Sep 2011 21:48:16 +0000
14391,2011-01,Sat 29 Jan 2011 04:38:40 +0000
14319,2011-01,Wed 26 Jan 2011 04:48:37 +0000
19682,2011-08,Tue 30 Aug 2011 11:24:05 +0000
20174,2011-09,Mon 19 Sep 2011 17:47:49 +0000
15926,2011-04,Sat 02 Apr 2011 05:56:22 +0000
17108,2011-05,Tue 24 May 2011 13:25:36 +0000
20121,2011-09,Sun 18 Sep 2011 10:32:30 +0000
17058,2011-05,Sun 22 May 2011 15:21:04 +0000
20045,2011-09,Wed 14 Sep 2011 19:22:11 +0000
17347,2011-06,Thu 02 Jun 2011 18:46:38 +0000
15467,2011-03,Sun 13 Mar 2011 09:05:51 +0000
15282,2011-03,Sun 06 Mar 2011 09:13:54 +0000
15955,2011-04,Mon 04 Apr 2011 05:10:30 +0000
15066,2011-02,Sun 27 Feb 2011 00:13:26 +0000
15020,2011-02,Fri 25 Feb 2011 11:33:59 +0000
16847,2011-05,Sun 15 May 2011 05:29:16 +0000
17176,2011-05,Thu 26 May 2011 18:06:33 +0000
20167,2011-09,Mon 19 Sep 2011 15:36:43 +0000
15378,2011-03,Thu 10 Mar 2011 03:16:02 +0000
16779,2011-05,Thu 12 May 2011 15:08:05 +0000
13610,2011-01,Sun 02 Jan 2011 13:11:34 +0000
14145,2011-01,Wed 19 Jan 2011 07:09:20 +0000
17302,2011-06,Wed 01 Jun 2011 09:25:34 +0000
16651,2011-05,Sat 07 May 2011 18:30:37 +0000
15105,2011-02,Mon 28 Feb 2011 14:08:20 +0000
18542,2011-07,Fri 15 Jul 2011 02:52:18 +0000
13940,2011-01,Wed 12 Jan 2011 09:05:43 +0000
19365,2011-08,Thu 18 Aug 2011 18:31:51 +0000
16142,2011-04,Thu 14 Apr 2011 06:49:01 +0000
18955,2011-08,Mon 01 Aug 2011 17:10:20 +0000
18795,2011-07,Mon 25 Jul 2011 17:15:18 +0000
19072,2011-08,Sat 06 Aug 2011 03:41:22 +0000
13644,2011-01,Mon 03 Jan 2011 16:48:22 +0000
16418,2011-04,Thu 28 Apr 2011 09:15:28 +0000
17789,2011-06,Sun 19 Jun 2011 17:09:25 +0000
15946,2011-04,Sun 03 Apr 2011 07:25:07 +0000
13582,2010-12,Sat 01 Jan 2011 06:24:40 +0000
19761,2011-09,Fri 02 Sep 2011 01:24:30 +0000
15760,2011-03,Sun 27 Mar 2011 05:30:16 +0000
16807,2011-05,Fri 13 May 2011 14:14:26 +0000
18786,2011-07,Mon 25 Jul 2011 13:11:14 +0000
13649,2011-01,Mon 03 Jan 2011 18:41:30 +0000
20013,2011-09,Tue 13 Sep 2011 16:33:10 +0000
19108,2011-08,Mon 08 Aug 2011 14:03:47 +0000
17569,2011-06,Sat 11 Jun 2011 04:27:25 +0000
16405,2011-04,Wed 27 Apr 2011 21:50:02 +0000
16333,2011-04,Sun 24 Apr 2011 05:39:21 +0000
17574,2011-06,Sat 11 Jun 2011 09:24:52 +0000
19003,2011-08,Wed 03 Aug 2011 11:43:23 +0000
15416,2011-03,Fri 11 Mar 2011 04:07:29 +0000
15437,2011-03,Fri 11 Mar 2011 17:35:48 +0000
19129,2011-08,Tue 09 Aug 2011 05:54:30 +0000
20036,2011-09,Wed 14 Sep 2011 10:58:25 +0000
17316,2011-06,Wed 01 Jun 2011 20:28:29 +0000
15653,2011-03,Mon 21 Mar 2011 20:09:47 +0000
15756,2011-03,Sun 27 Mar 2011 01:46:10 +0000
20099,2011-09,Fri 16 Sep 2011 22:05:28 +0000
17070,2011-05,Mon 23 May 2011 07:12:50 +0000
15483,2011-03,Mon 14 Mar 2011 09:19:36 +0000
14222,2011-01,Sat 22 Jan 2011 18:36:47 +0000
14577,2011-02,Sun 06 Feb 2011 18:16:55 +0000
13720,2011-01,Wed 05 Jan 2011 15:00:01 +0000
17941,2011-06,Fri 24 Jun 2011 10:04:44 +0000
16648,2011-05,Sat 07 May 2011 15:38:46 +0000
15136,2011-03,Tue 01 Mar 2011 19:42:30 +0000
15978,2011-04,Tue 05 Apr 2011 19:46:33 +0000
19182,2011-08,Thu 11 Aug 2011 08:51:19 +0000
14854,2011-02,Sat 19 Feb 2011 11:54:39 +0000
18146,2011-06,Thu 30 Jun 2011 21:01:53 +0000
16618,2011-05,Thu 05 May 2011 23:57:06 +0000
18177,2011-07,Fri 01 Jul 2011 14:45:11 +0000
17311,2011-06,Wed 01 Jun 2011 17:19:32 +0000
19311,2011-08,Wed 17 Aug 2011 01:51:39 +0000
13616,2011-01,Sun 02 Jan 2011 20:19:17 +0000
17382,2011-06,Sat 04 Jun 2011 03:37:09 +0000
16741,2011-05,Wed 11 May 2011 11:50:10 +0000
19797,2011-09,Sat 03 Sep 2011 19:31:05 +0000
17424,2011-06,Mon 06 Jun 2011 13:36:44 +0000
15858,2011-03,Wed 30 Mar 2011 13:17:09 +0000
14116,2011-01,Tue 18 Jan 2011 15:47:36 +0000
16774,2011-05,Thu 12 May 2011 13:55:21 +0000
18561,2011-07,Fri 15 Jul 2011 22:08:07 +0000
19912,2011-09,Thu 08 Sep 2011 18:01:33 +0000
17847,2011-06,Tue 21 Jun 2011 12:58:10 +0000
14070,2011-01,Mon 17 Jan 2011 08:22:17 +0000
18750,2011-07,Sat 23 Jul 2011 04:22:19 +0000
16882,2011-05,Mon 16 May 2011 11:39:04 +0000
16903,2011-05,Tue 17 May 2011 04:36:14 +0000
20241,2011-09,Thu 22 Sep 2011 05:42:50 +0000
18382,2011-07,Sun 10 Jul 2011 19:42:57 +0000
17771,2011-06,Sat 18 Jun 2011 23:23:44 +0000
17019,2011-05,Fri 20 May 2011 15:08:35 +0000
