3509,0,1,,,,,,,,,,
3419,1,1,,,,,,,,,,
5327,2,1,,,,,,,,,,
5548,0,1,,,,,,,,,,
5724,3,1,,,,,,,,,,
5159,4,1,,,,,,,,,,
3761,3,1,,,,,,,,,,
3439,2,1,,,,,,,,,,
4357,5,1,,,,,,,,,,
3361,6,1,,,,,,,,,,
2517,6,1,,,,,,,,,,
4997,7,1,,,,,,,,,,
3380,8,1,,,,,,,,,,
4245,9,1,,,,,,,,,,
5695,3,1,,,,,,,,,,
2587,6,1,,,,,,,,,,
3542,3,1,,,,,,,,,,
4207,9,1,,,,,,,,,,
2992,0,1,,,,,,,,,,
2946,10,1,,,,,,,,,,
4271,11,1,,,,,,,,,,
5202,10,1,,,,,,,,,,
2749,1,1,,,,,,,,,,
5061,0,1,,,,,,,,,,
4327,12,1,,,,,,,,,,
3806,13,1,,,,,,,,,,
4130,0,1,,,,,,,,,,
2534,14,1,,,,,,,,,,
5656,9,1,,,,,,,,,,
5073,6,1,,,,,,,,,,
3836,0,1,,,,,,,,,,
4323,14,1,,,,,,,,,,
3260,15,1,,,,,,,,,,
5544,0,1,,,,,,,,,,
4811,12,1,,,,,,,,,,
5457,0,1,,,,,,,,,,
3279,16,1,,,,,,,,,,
3479,12,1,,,,,,,,,,
3472,14,1,,,,,,,,,,
3932,2,1,,,,,,,,,,
3298,15,1,,,,,,,,,,
5229,17,1,,,,,,,,,,
3708,18,1,,,,,,,,,,
5242,9,1,,,,,,,,,,
4152,19,1,,,,,,,,,,
4639,0,1,,,,,,,,,,
4556,12,1,,,,,,,,,,
2678,14,1,,,,,,,,,,
2831,12,1,,,,,,,,,,
5694,0,1,,,,,,,,,,
4330,15,1,,,,,,,,,,
4124,14,1,,,,,,,,,,
3342,1,1,,,,,,,,,,
3984,9,1,,,,,,,,,,
4223,20,1,,,,,,,,,,
2899,3,1,,,,,,,,,,
3138,2,1,,,,,,,,,,
2844,21,1,,,,,,,,,,
3575,18,1,,,,,,,,,,
3978,22,1,,,,,,,,,,
3056,2,1,,,,,,,,,,
3197,14,1,,,,,,,,,,
5422,23,1,,,,,,,,,,
3267,9,1,,,,,,,,,,
3421,6,1,,,,,,,,,,
2937,3,1,,,,,,,,,,
4491,24,1,,,,,,,,,,
4434,25,1,,,,,,,,,,
4856,9,1,,,,,,,,,,
2919,2,1,,,,,,,,,,
2911,10,1,,,,,,,,,,
2857,12,1,,,,,,,,,,
5487,26,1,,,,,,,,,,
4365,6,1,,,,,,,,,,
4359,5,1,,,,,,,,,,
4561,3,0.259639129,22,0.740360871,,,,,,,,
4511,26,1,,,,,,,,,,
5567,3,1,,,,,,,,,,
2370,5,1,,,,,,,,,,
5199,9,1,,,,,,,,,,
2993,0,1,,,,,,,,,,
5050,21,1,,,,,,,,,,
5447,14,1,,,,,,,,,,
4996,10,1,,,,,,,,,,
4908,22,1,,,,,,,,,,
3382,27,1,,,,,,,,,,
4482,23,1,,,,,,,,,,
5477,10,1,,,,,,,,,,
4194,2,1,,,,,,,,,,
3688,28,1,,,,,,,,,,
3033,7,1,,,,,,,,,,
4279,9,0.876782214,29,0.123217786,,,,,,,,
2600,0,1,,,,,,,,,,
3717,20,1,,,,,,,,,,
5638,8,1,,,,,,,,,,
2932,28,1,,,,,,,,,,
3879,3,1,,,,,,,,,,
5186,30,1,,,,,,,,,,
5041,2,1,,,,,,,,,,
4019,0,1,,,,,,,,,,
2882,17,1,,,,,,,,,,
4595,1,1,,,,,,,,,,
3660,3,1,,,,,,,,,,
4313,5,1,,,,,,,,,,
4479,26,1,,,,,,,,,,
3204,9,1,,,,,,,,,,
4483,17,1,,,,,,,,,,
3681,3,0.301243393,9,0.291299479,31,0.407457128,,,,,,
5039,2,1,,,,,,,,,,
2859,5,1,,,,,,,,,,
3685,29,1,,,,,,,,,,
3572,6,1,,,,,,,,,,
3822,5,1,,,,,,,,,,
5421,23,1,,,,,,,,,,
5021,2,1,,,,,,,,,,
5366,23,1,,,,,,,,,,
3725,28,1,,,,,,,,,,
4452,8,1,,,,,,,,,,
4459,15,1,,,,,,,,,,
4103,6,1,,,,,,,,,,
3952,12,1,,,,,,,,,,
5101,18,1,,,,,,,,,,
4123,20,1,,,,,,,,,,
3454,32,1,,,,,,,,,,
3567,17,1,,,,,,,,,,
4087,9,1,,,,,,,,,,
2845,24,1,,,,,,,,,,
3458,10,1,,,,,,,,,,
3641,28,1,,,,,,,,,,
4243,16,1,,,,,,,,,,
3412,8,1,,,,,,,,,,
5369,2,1,,,,,,,,,,
4989,6,1,,,,,,,,,,
4509,33,1,,,,,,,,,,
3255,27,1,,,,,,,,,,
3601,23,1,,,,,,,,,,
4329,15,1,,,,,,,,,,
5530,8,1,,,,,,,,,,
3464,28,1,,,,,,,,,,
4558,1,1,,,,,,,,,,
5716,30,1,,,,,,,,,,
4553,14,1,,,,,,,,,,
3672,26,1,,,,,,,,,,
4110,0,1,,,,,,,,,,
1830,0,1,,,,,,,,,,
3043,3,1,,,,,,,,,,
5608,2,1,,,,,,,,,,
4302,34,1,,,,,,,,,,
5227,18,1,,,,,,,,,,
4960,9,1,,,,,,,,,,
5612,10,1,,,,,,,,,,
4808,6,1,,,,,,,,,,
3864,8,1,,,,,,,,,,
4179,23,1,,,,,,,,,,
1787,21,1,,,,,,,,,,
4510,7,1,,,,,,,,,,
3630,9,0.486205521,35,0.513794479,,,,,,,,
2475,36,1,,,,,,,,,,
4278,10,1,,,,,,,,,,
4143,37,1,,,,,,,,,,
4794,1,1,,,,,,,,,,
3697,0,1,,,,,,,,,,
4317,21,1,,,,,,,,,,
4444,28,1,,,,,,,,,,
4344,6,1,,,,,,,,,,
3453,38,1,,,,,,,,,,
5467,5,1,,,,,,,,,,
2933,14,1,,,,,,,,,,
4453,11,1,,,,,,,,,,
4314,39,1,,,,,,,,,,
4412,10,1,,,,,,,,,,
5534,3,1,,,,,,,,,,
5420,23,1,,,,,,,,,,
3525,3,1,,,,,,,,,,
3019,14,1,,,,,,,,,,
3796,9,1,,,,,,,,,,
3486,32,1,,,,,,,,,,
4517,20,1,,,,,,,,,,
2586,6,1,,,,,,,,,,
4147,3,1,,,,,,,,,,
3490,30,1,,,,,,,,,,
4878,22,1,,,,,,,,,,
3299,14,0.99966899,30,3.31E-04,,,,,,,,
4466,32,1,,,,,,,,,,
5147,3,0.562219409,22,0.437780591,,,,,,,,
4925,12,1,,,,,,,,,,
5040,0,1,,,,,,,,,,
3943,6,1,,,,,,,,,,
4241,4,1,,,,,,,,,,
3022,23,1,,,,,,,,,,
4297,23,1,,,,,,,,,,
2892,2,1,,,,,,,,,,
5326,26,1,,,,,,,,,,
3698,0,1,,,,,,,,,,
3237,6,1,,,,,,,,,,
3431,9,1,,,,,,,,,,
4213,40,1,,,,,,,,,,
5310,7,1,,,,,,,,,,
2719,0,1,,,,,,,,,,
2727,23,1,,,,,,,,,,
4328,41,1,,,,,,,,,,
3730,10,1,,,,,,,,,,
2626,17,1,,,,,,,,,,
5236,8,1,,,,,,,,,,
3863,12,1,,,,,,,,,,
3653,28,1,,,,,,,,,,
3035,28,1,,,,,,,,,,
3551,2,1,,,,,,,,,,
4105,2,1,,,,,,,,,,
3278,12,1,,,,,,,,,,
2940,0,1,,,,,,,,,,
2990,1,1,,,,,,,,,,
3087,23,1,,,,,,,,,,
2789,1,1,,,,,,,,,,
5042,2,1,,,,,,,,,,
3840,8,1,,,,,,,,,,
4715,25,1,,,,,,,,,,
4975,25,1,,,,,,,,,,
5201,10,1,,,,,,,,,,
5012,14,1,,,,,,,,,,
3007,1,3.68E-04,7,0.670434899,9,0.329197416,,,,,,
3954,30,1,,,,,,,,,,
3227,0,1,,,,,,,,,,
5438,26,1,,,,,,,,,,
3799,2,1,,,,,,,,,,
4085,9,1,,,,,,,,,,
4656,0,1,,,,,,,,,,
2602,4,1,,,,,,,,,,
3920,26,1,,,,,,,,,,
5418,7,1,,,,,,,,,,
2524,8,1,,,,,,,,,,
3769,3,1,,,,,,,,,,
2741,36,1,,,,,,,,,,
5537,12,1,,,,,,,,,,
3206,2,1,,,,,,,,,,
5461,10,1,,,,,,,,,,
3491,0,1,,,,,,,,,,
12093,41,1,,,,,,,,,,
10233,26,1,,,,,,,,,,
10390,41,1,,,,,,,,,,
5970,10,1,,,,,,,,,,
11654,14,1,,,,,,,,,,
11251,39,1,,,,,,,,,,
6502,19,1,,,,,,,,,,
7111,42,1,,,,,,,,,,
10544,10,1,,,,,,,,,,
11595,12,1,,,,,,,,,,
8280,7,0.305913965,19,0.276222028,39,0.417864008,,,,,,
10681,37,1,,,,,,,,,,
9765,32,1,,,,,,,,,,
11122,9,-1.38E-06,29,3.07E-05,35,0.999970728,,,,,,
12591,9,0.391555968,29,0.608444032,,,,,,,,
12380,17,0.675135871,23,0.324864129,,,,,,,,
12557,3,1,,,,,,,,,,
11742,0,1,,,,,,,,,,
11753,9,0.059625819,29,0.940374181,,,,,,,,
10636,9,0.262075211,18,0.572657753,30,0.165267037,,,,,,
11517,43,1,,,,,,,,,,
7996,19,1,,,,,,,,,,
12842,3,1,,,,,,,,,,
12089,0,1,,,,,,,,,,
12154,0,1,,,,,,,,,,
7735,1,9.52E-04,9,0.999048067,,,,,,,,
12509,4,1,,,,,,,,,,
12436,12,0.456989901,30,0.543010099,,,,,,,,
9341,5,1,,,,,,,,,,
10405,40,1,,,,,,,,,,
5949,14,0.310228846,22,0.689771154,,,,,,,,
12492,19,1,,,,,,,,,,
13316,26,1,,,,,,,,,,
11722,2,1,,,,,,,,,,
12362,43,1,,,,,,,,,,
8644,10,1,,,,,,,,,,
12101,44,1,,,,,,,,,,
13164,14,-1.00E-04,22,1.00022662,29,-1.26E-04,,,,,,
11898,26,1,,,,,,,,,,
9818,7,1,,,,,,,,,,
7859,10,1,,,,,,,,,,
10847,45,1,,,,,,,,,,
8043,17,1,,,,,,,,,,
10251,46,1,,,,,,,,,,
12422,47,1,,,,,,,,,,
8946,37,1,,,,,,,,,,
12256,12,1,,,,,,,,,,
13011,14,1,,,,,,,,,,
12385,2,8.22E-04,42,0.99917812,,,,,,,,
11132,14,1,,,,,,,,,,
11696,1,1,,,,,,,,,,
6558,21,1,,,,,,,,,,
11680,6,1,,,,,,,,,,
6423,6,1,,,,,,,,,,
7308,28,1,,,,,,,,,,
11571,10,1,,,,,,,,,,
5990,3,1,,,,,,,,,,
10657,2,1,,,,,,,,,,
10369,12,0.544808379,33,0.455191621,,,,,,,,
13076,30,0.117127776,48,0.882872224,,,,,,,,
9487,10,1,,,,,,,,,,
13016,26,1,,,,,,,,,,
8865,1,1,,,,,,,,,,
8575,10,1,,,,,,,,,,
11853,17,0.686420486,23,0.313579514,,,,,,,,
9395,3,1,,,,,,,,,,
10304,39,1,,,,,,,,,,
10930,26,1,,,,,,,,,,
8972,12,1,,,,,,,,,,
6405,3,0.220492401,12,0.678124737,42,0.101382862,,,,,,
9120,36,1,,,,,,,,,,
8228,3,1,,,,,,,,,,
6173,3,1,,,,,,,,,,
10760,14,1,,,,,,,,,,
7799,10,1,,,,,,,,,,
5962,26,1,,,,,,,,,,
12645,7,0.503695771,9,0.161309488,14,0.334994742,,,,,,
12714,0,1,,,,,,,,,,
9104,3,0.653464207,23,0.081665175,43,0.264870618,,,,,,
11323,26,1,,,,,,,,,,
8716,40,1,,,,,,,,,,
9013,12,1,,,,,,,,,,
10686,3,1,,,,,,,,,,
10406,15,1,,,,,,,,,,
7291,14,1,,,,,,,,,,
10776,14,1,,,,,,,,,,
10717,2,0.158136448,34,0.841863552,,,,,,,,
10675,20,1,,,,,,,,,,
8085,26,1,,,,,,,,,,
6221,0,1,,,,,,,,,,
13407,7,0.51269389,14,0.48730611,,,,,,,,
6385,3,1,,,,,,,,,,
12929,10,0.627112157,37,0.372887843,,,,,,,,
11471,10,1,,,,,,,,,,
7580,5,1,,,,,,,,,,
12029,42,1,,,,,,,,,,
10615,3,1,,,,,,,,,,
9980,28,1,,,,,,,,,,
8373,0,1,,,,,,,,,,
12760,16,0.650858929,40,0.349141071,,,,,,,,
10234,26,1,,,,,,,,,,
11601,9,-9.24E-05,49,1.000092418,,,,,,,,
11228,10,1,,,,,,,,,,
12036,50,1,,,,,,,,,,
10791,26,1,,,,,,,,,,
13525,2,1,,,,,,,,,,
10330,2,1,,,,,,,,,,
7338,9,1,,,,,,,,,,
9671,7,1,,,,,,,,,,
10419,7,0.999617688,14,3.82E-04,,,,,,,,
8208,3,1,,,,,,,,,,
6919,9,1,,,,,,,,,,
6174,24,1,,,,,,,,,,
5850,19,1,,,,,,,,,,
9404,10,1,,,,,,,,,,
11242,46,1,,,,,,,,,,
11908,2,0.289318276,46,0.710681724,,,,,,,,
7011,29,1,,,,,,,,,,
11019,7,1,,,,,,,,,,
9346,51,1,,,,,,,,,,
8739,10,1,,,,,,,,,,
12723,0,1,,,,,,,,,,
5909,10,1,,,,,,,,,,
11985,14,1,,,,,,,,,,
13223,35,1,,,,,,,,,,
11022,17,1,,,,,,,,,,
11201,12,1,,,,,,,,,,
13458,32,1,,,,,,,,,,
11992,7,1,,,,,,,,,,
9692,1,1,,,,,,,,,,
12800,0,0.473237232,25,0.526762768,,,,,,,,
12668,4,0.306427436,15,0.693572564,,,,,,,,
8763,8,0.987068441,30,0.012931559,,,,,,,,
12181,2,0.987661426,7,0.008896978,30,0.003441596,,,,,,
7424,2,1,,,,,,,,,,
10991,14,0.695318303,30,0.304681697,,,,,,,,
7162,0,1,,,,,,,,,,
10339,26,1,,,,,,,,,,
12867,35,1,,,,,,,,,,
6724,24,1,,,,,,,,,,
12726,6,0.752209136,27,0.247790864,,,,,,,,
10015,12,1,,,,,,,,,,
9085,0,1,,,,,,,,,,
9857,26,1,,,,,,,,,,
9803,3,1,,,,,,,,,,
13394,9,5.54E-04,18,0.999446068,,,,,,,,
10747,14,1,,,,,,,,,,
9689,42,1,,,,,,,,,,
12877,10,1,,,,,,,,,,
9298,10,1,,,,,,,,,,
12681,30,0.03936625,48,0.96063375,,,,,,,,
11781,10,1,,,,,,,,,,
9054,29,1,,,,,,,,,,
10307,10,1,,,,,,,,,,
10343,29,1,,,,,,,,,,
10311,10,1,,,,,,,,,,
11544,42,1,,,,,,,,,,
13005,29,1,,,,,,,,,,
10486,26,1,,,,,,,,,,
10976,8,0.902824949,30,0.097175051,,,,,,,,
11389,29,1,,,,,,,,,,
11236,6,-6.86E-06,27,1.000006862,,,,,,,,
9784,0,0.475639793,18,0.524360207,,,,,,,,
9155,14,1,,,,,,,,,,
12971,0,1,,,,,,,,,,
10859,0,1,,,,,,,,,,
10936,10,1,,,,,,,,,,
7812,3,0.159406103,9,5.52E-04,25,0.34792968,49,0.492112336,,,,
9696,26,1,,,,,,,,,,
6509,39,1,,,,,,,,,,
7000,5,4.86E-04,32,0.999513977,,,,,,,,
12276,0,1,,,,,,,,,,
11408,14,1,,,,,,,,,,
13509,27,1,,,,,,,,,,
9212,14,1,,,,,,,,,,
13112,23,0.801508903,29,0.198491097,,,,,,,,
11314,0,1,,,,,,,,,,
8249,52,1,,,,,,,,,,
9326,0,1,,,,,,,,,,
11741,0,1,,,,,,,,,,
9464,0,0.597527118,25,0.402472882,,,,,,,,
11808,1,0.145947826,14,0.854052174,,,,,,,,
11663,10,1,,,,,,,,,,
13443,29,0.631740065,35,0.310110585,42,0.05814935,,,,,,
5855,5,1,,,,,,,,,,
7194,7,1,,,,,,,,,,
7687,26,1,,,,,,,,,,
11061,10,0.458204697,29,0.541795303,,,,,,,,
13442,29,1,,,,,,,,,,
10578,2,1,,,,,,,,,,
5795,14,1,,,,,,,,,,
8848,14,1,,,,,,,,,,
12365,14,1,,,,,,,,,,
10389,25,0.995581372,30,0.004418628,,,,,,,,
8910,1,0.770650189,42,0.229349811,,,,,,,,
12333,9,0.462076375,49,0.537923625,,,,,,,,
8476,6,0.309994251,10,0.292452455,27,0.397553294,,,,,,
12736,7,0.261870084,24,0.738129916,,,,,,,,
9486,10,1,,,,,,,,,,
9419,17,0.548213813,23,0.293630497,29,0.15815569,,,,,,
10811,32,1,,,,,,,,,,
10464,0,1,,,,,,,,,,
8429,1,0.85437994,29,0.14562006,,,,,,,,
12293,5,1,,,,,,,,,,
12031,14,1,,,,,,,,,,
11554,0,1,,,,,,,,,,
6344,25,1,,,,,,,,,,
9550,7,1,,,,,,,,,,
8566,10,1,,,,,,,,,,
10162,6,9.00E-05,10,-6.58E-07,27,0.9999107,,,,,,
6100,45,1,,,,,,,,,,
9564,18,0.325826206,33,0.674173794,,,,,,,,
13186,1,1,,,,,,,,,,
9366,26,1,,,,,,,,,,
12922,0,0.30492448,18,0.69507552,,,,,,,,
9069,10,1,,,,,,,,,,
10159,9,0.592522196,49,0.407477804,,,,,,,,
8888,2,-5.96E-05,18,8.37E-05,40,0.999975939,,,,,,
12116,3,0.517568521,19,0.482431479,,,,,,,,
10163,19,1,,,,,,,,,,
12829,7,1,,,,,,,,,,
9888,14,1,,,,,,,,,,
11994,8,0.747006739,30,0.252993261,,,,,,,,
9703,12,1,,,,,,,,,,
10513,25,0.353949766,45,0.646050234,,,,,,,,
6594,2,1,,,,,,,,,,
11560,28,1,,,,,,,,,,
11020,0,0.373967556,29,0.626032444,,,,,,,,
12820,53,1,,,,,,,,,,
9128,14,1,,,,,,,,,,
9518,34,1,,,,,,,,,,
6063,39,1,,,,,,,,,,
9098,17,1,,,,,,,,,,
10472,34,0.803674161,42,0.196325839,,,,,,,,
13170,2,1,,,,,,,,,,
10988,14,0.510438295,34,0.489561705,,,,,,,,
6731,6,0.796212601,27,0.203787399,,,,,,,,
7071,28,1,,,,,,,,,,
8643,14,1,,,,,,,,,,
6801,34,1,,,,,,,,,,
13310,7,0.227169234,29,0.772830766,,,,,,,,
7236,10,1,,,,,,,,,,
7971,26,1,,,,,,,,,,
12157,12,1,,,,,,,,,,
7616,10,1,,,,,,,,,,
6287,2,1,,,,,,,,,,
7892,2,1,,,,,,,,,,
11653,1,0.340955902,9,0.659044098,,,,,,,,
8583,7,0.718536262,29,0.281463738,,,,,,,,
11226,2,1,,,,,,,,,,
7051,28,1,,,,,,,,,,
13424,3,1,,,,,,,,,,
11660,30,0.169533009,54,0.830466991,,,,,,,,
11058,0,1,,,,,,,,,,
12795,42,1,,,,,,,,,,
7017,0,1,,,,,,,,,,
11913,0,1,,,,,,,,,,
12288,5,1,,,,,,,,,,
8113,6,0.262630862,27,0.737369138,,,,,,,,
9647,29,1,,,,,,,,,,
11899,12,1,,,,,,,,,,
11674,8,1,,,,,,,,,,
11185,17,0.528144018,29,0.471855982,,,,,,,,
8800,40,1,,,,,,,,,,
9981,4,1,,,,,,,,,,
7663,10,1,,,,,,,,,,
7519,10,1,,,,,,,,,,
10070,10,1,,,,,,,,,,
12326,46,1,,,,,,,,,,
12908,10,1,,,,,,,,,,
6104,10,1,,,,,,,,,,
9791,8,1,,,,,,,,,,
8620,10,1,,,,,,,,,,
9907,2,1,,,,,,,,,,
7671,12,0.143894628,14,0.856105372,,,,,,,,
9377,34,1,,,,,,,,,,
10225,26,1,,,,,,,,,,
11450,9,-6.24E-05,49,1.000062428,,,,,,,,
8319,25,1,,,,,,,,,,
11514,34,0.360444308,42,0.639555692,,,,,,,,
11026,1,1,,,,,,,,,,
11588,6,0.999951125,7,4.89E-05,,,,,,,,
5992,3,0.329881596,50,0.670118404,,,,,,,,
6739,6,0.309726075,27,0.690273925,,,,,,,,
9347,38,9.78E-06,51,0.999990216,,,,,,,,
9855,17,1,,,,,,,,,,
12106,29,1,,,,,,,,,,
11642,26,1,,,,,,,,,,
13446,19,1,,,,,,,,,,
12832,3,1,,,,,,,,,,
10147,27,0.306660058,55,0.693339942,,,,,,,,
8217,0,1,,,,,,,,,,
13508,7,0.917891843,27,0.082108157,,,,,,,,
6203,7,1,,,,,,,,,,
12650,7,1,,,,,,,,,,
8033,3,0.273744391,42,0.726255609,,,,,,,,
11337,14,1,,,,,,,,,,
8984,12,1,,,,,,,,,,
11013,10,1,,,,,,,,,,
11277,6,0.705592291,27,1.14E-04,34,0.294293414,,,,,,
8030,6,1,,,,,,,,,,
7178,23,0.009680156,29,0.990319844,,,,,,,,
11328,0,1,,,,,,,,,,
6699,9,0.871435919,29,0.128564081,,,,,,,,
7609,6,0.884423058,28,0.115576942,,,,,,,,
8698,10,1,,,,,,,,,,
9602,12,1,,,,,,,,,,
10730,3,0.523036018,35,0.476963982,,,,,,,,
11876,29,1,,,,,,,,,,
9715,6,1,,,,,,,,,,
12112,26,0.739086358,42,0.260913642,,,,,,,,
8730,14,1,,,,,,,,,,
11644,14,1,,,,,,,,,,
10280,10,1,,,,,,,,,,
8531,9,0.330810256,49,0.669189744,,,,,,,,
12675,0,0.267366045,18,0.732633955,,,,,,,,
13007,19,0.347592955,21,0.652407045,,,,,,,,
6355,3,1,,,,,,,,,,
10086,3,1,,,,,,,,,,
7945,9,0.362489704,23,0.476653416,29,0.16085688,,,,,,
9017,7,1,,,,,,,,,,
9501,7,1,,,,,,,,,,
10018,12,0.726664355,34,0.273335645,,,,,,,,
11578,8,1,,,,,,,,,,
11522,27,0.960439595,52,0.039560405,,,,,,,,
9436,19,1,,,,,,,,,,
11021,0,1,,,,,,,,,,
11433,26,1,,,,,,,,,,
11955,14,0.309364311,34,0.690635689,,,,,,,,
7521,6,0.993292496,7,0.004338726,52,0.002368778,,,,,,
6020,19,1,,,,,,,,,,
13166,9,1,,,,,,,,,,
11102,10,1,,,,,,,,,,
10359,9,1,,,,,,,,,,
9797,6,0.691545104,28,0.308454896,,,,,,,,
13146,26,1,,,,,,,,,,
9772,0,0.220746458,18,0.779253542,,,,,,,,
12648,6,0.691704171,28,0.067067034,34,0.241228796,,,,,,
11241,14,1,,,,,,,,,,
10348,2,0.251585816,42,0.748414184,,,,,,,,
9169,1,0.432123039,35,0.567876961,,,,,,,,
11250,6,0.215985507,7,0.784038445,27,-2.40E-05,,,,,,
11610,35,1,,,,,,,,,,
10293,3,0.44498093,39,0.55501907,,,,,,,,
12403,0,1,,,,,,,,,,
10154,14,1,,,,,,,,,,
11857,19,1,,,,,,,,,,
10806,18,1,,,,,,,,,,
12096,7,0.779250158,30,0.220749842,,,,,,,,
12974,7,1,,,,,,,,,,
11917,0,0.501515828,18,0.498484172,,,,,,,,
11169,8,0.658505604,30,2.85E-04,34,0.341209475,,,,,,
10129,12,1,,,,,,,,,,
7398,32,1,,,,,,,,,,
11549,9,0.741662013,10,0.258337987,,,,,,,,
10774,6,0.467551985,27,2.99E-04,34,0.343829418,56,0.188319141,,,,
10509,6,0.724536276,7,0.275463724,,,,,,,,
12270,29,1,,,,,,,,,,
8153,9,5.54E-04,23,0.54121636,29,0.458229753,,,,,,
10923,0,0.436423671,18,0.563576329,,,,,,,,
12125,28,1,,,,,,,,,,
12875,28,1,,,,,,,,,,
8268,10,1,,,,,,,,,,
8723,6,0.749444905,27,0.080743652,56,0.169811443,,,,,,
8528,20,0.857534827,46,0.142465173,,,,,,,,
9264,5,0.999666353,34,3.34E-04,,,,,,,,
7402,9,0.456168954,49,0.543831046,,,,,,,,
13439,29,1,,,,,,,,,,
8376,26,0.31894195,42,0.68105805,,,,,,,,
9993,46,1,,,,,,,,,,
11184,0,0.723009465,18,0.276990535,,,,,,,,
6485,10,0.550229151,17,0.114629073,23,0.335141776,,,,,,
7718,2,1,,,,,,,,,,
7131,8,1,,,,,,,,,,
7073,57,1,,,,,,,,,,
9091,52,1,,,,,,,,,,
12888,8,0.604907063,30,0.395092937,,,,,,,,
8118,3,1,,,,,,,,,,
12220,29,1,,,,,,,,,,
12577,0,0.713730741,7,0.286269259,,,,,,,,
9763,0,0.505330455,7,0.494669545,,,,,,,,
9782,2,1,,,,,,,,,,
9396,40,1,,,,,,,,,,
7484,10,1,,,,,,,,,,
9770,43,1,,,,,,,,,,
10392,26,0.312806765,42,0.687193235,,,,,,,,
8343,5,1,,,,,,,,,,
11008,6,1,,,,,,,,,,
11029,8,1,,,,,,,,,,
10999,26,1,,,,,,,,,,
12120,32,0.42872629,43,0.57127371,,,,,,,,
12084,26,1,,,,,,,,,,
9781,28,1,,,,,,,,,,
8452,35,1,,,,,,,,,,
7833,3,0.142881266,9,0.277910923,43,0.579207811,,,,,,
11926,1,0.601630824,34,0.398369176,,,,,,,,
9184,27,1,,,,,,,,,,
10569,36,1,,,,,,,,,,
9485,3,1,,,,,,,,,,
10279,14,1,,,,,,,,,,
10093,3,0.435968938,25,0.564031062,,,,,,,,
6155,0,1,,,,,,,,,,
11204,1,1,,,,,,,,,,
12605,0,1,,,,,,,,,,
10168,7,0.855673533,29,0.144326467,,,,,,,,
9131,37,1,,,,,,,,,,
12135,26,1,,,,,,,,,,
10213,5,1,,,,,,,,,,
6300,10,1,,,,,,,,,,
8636,42,1,,,,,,,,,,
12511,29,0.659661605,35,0.340338395,,,,,,,,
12796,7,1,,,,,,,,,,
12110,23,0.370629349,29,0.629370651,,,,,,,,
10957,14,-6.04E-05,34,1.000060364,,,,,,,,
12232,8,1,,,,,,,,,,
6111,6,0.406386933,27,0.160898984,28,0.432714083,,,,,,
8002,7,0.253179333,8,0.746820667,,,,,,,,
8532,43,1,,,,,,,,,,
12490,19,0.352821844,20,0.647178156,,,,,,,,
10835,29,1,,,,,,,,,,
7775,26,1,,,,,,,,,,
7469,23,1.00009399,29,-9.40E-05,,,,,,,,
12959,3,0.218289921,23,0.366797538,25,0.194254872,29,0.220657669,,,,
9000,45,1,,,,,,,,,,
7744,57,1,,,,,,,,,,
9442,34,1.44E-06,36,0.999998563,,,,,,,,
6182,2,0.466739482,19,0.533260518,,,,,,,,
13206,8,0.631402779,18,0.368597221,,,,,,,,
9348,2,1,,,,,,,,,,
8428,0,0.784604103,25,0.215395897,,,,,,,,
10901,6,0.269354239,56,0.730645761,,,,,,,,
9020,2,1,,,,,,,,,,
12341,7,0.504367032,19,0.495632968,,,,,,,,
8475,10,1,,,,,,,,,,
8412,6,0.448738831,28,0.551261169,,,,,,,,
8552,12,0.601164835,14,0.398835165,,,,,,,,
6734,5,0.347162905,20,0.652837095,,,,,,,,
9064,19,1,,,,,,,,,,
12107,7,0.557802144,9,0.442197856,,,,,,,,
9371,20,0.617469522,28,0.382530478,,,,,,,,
11519,40,1,,,,,,,,,,
6472,2,1,,,,,,,,,,
9373,34,1,,,,,,,,,,
9796,12,0.416208123,14,0.583791877,,,,,,,,
11625,6,1,,,,,,,,,,
13405,2,1,,,,,,,,,,
9760,5,1,,,,,,,,,,
13445,29,1,,,,,,,,,,
8090,10,1,,,,,,,,,,
10341,10,0.054638413,34,0.945361587,,,,,,,,
11087,19,0.564612634,34,0.435387366,,,,,,,,
11943,5,1,,,,,,,,,,
6378,10,1,,,,,,,,,,
9795,0,1,,,,,,,,,,
8065,3,0.189713966,12,0.255763851,42,0.554522182,,,,,,
12612,24,1,,,,,,,,,,
12671,10,0.569711951,58,0.430288049,,,,,,,,
11911,8,1,,,,,,,,,,
10353,40,1,,,,,,,,,,
9648,12,1,,,,,,,,,,
10305,28,1,,,,,,,,,,
12807,10,1,,,,,,,,,,
9070,3,0.079474862,42,0.920525138,,,,,,,,
8016,5,1,,,,,,,,,,
13013,23,0.187571639,29,0.264540785,43,0.547887575,,,,,,
12217,7,-1.30E-05,39,1.000013037,,,,,,,,
11111,10,0.927974551,34,0.072025449,,,,,,,,
9489,3,1,,,,,,,,,,
8183,35,1,,,,,,,,,,
12286,8,1,,,,,,,,,,
12061,0,1,,,,,,,,,,
11049,26,1,,,,,,,,,,
8179,0,1,,,,,,,,,,
11025,7,-3.32E-05,14,0.014695593,22,0.985337568,,,,,,
12504,3,1,,,,,,,,,,
11316,14,0.687197168,34,0.312802832,,,,,,,,
12383,28,1,,,,,,,,,,
11756,1,1,,,,,,,,,,
11476,2,0.00103927,3,0.520215797,42,0.478744933,,,,,,
10932,26,0.999839223,42,1.61E-04,,,,,,,,
11406,3,1,,,,,,,,,,
7912,24,0.992322441,28,0.007677559,,,,,,,,
12450,26,0.28730106,42,0.71269894,,,,,,,,
12477,12,1,,,,,,,,,,
10482,1,0.647375094,12,0.352624906,,,,,,,,
8317,25,1,,,,,,,,,,
10274,10,1,,,,,,,,,,
6216,8,1,,,,,,,,,,
10737,28,1,,,,,,,,,,
11354,4,1,,,,,,,,,,
11417,1,0.762513726,7,0.237486274,,,,,,,,
12142,0,1,,,,,,,,,,
9496,3,0.341316821,12,0.484638507,42,0.174044671,,,,,,
10661,8,0.99988853,27,1.11E-04,,,,,,,,
11341,27,0.836914013,29,0.163085987,,,,,,,,
11329,26,1,,,,,,,,,,
12437,14,0.762859316,34,0.237140684,,,,,,,,
10543,26,0.995880257,42,0.004119743,,,,,,,,
12545,1,0.878601246,9,0.121398754,,,,,,,,
13236,0,0.264762245,24,0.735237755,,,,,,,,
9994,26,1,,,,,,,,,,
11120,3,-0.001002749,42,1.001002749,,,,,,,,
8988,0,0.508397394,34,0.491602606,,,,,,,,
12208,12,0.410517395,35,0.589482605,,,,,,,,
12603,12,1,,,,,,,,,,
10288,14,1,,,,,,,,,,
12092,6,0.789204415,28,0.210795585,,,,,,,,
8887,2,0.358165972,18,0.193117022,40,0.448717006,,,,,,
7100,26,1,,,,,,,,,,
9970,27,-1.61E-04,55,1.000161289,,,,,,,,
10403,6,0.536662184,34,0.463337816,,,,,,,,
13026,2,1,,,,,,,,,,
9308,14,1,,,,,,,,,,
10677,2,1,,,,,,,,,,
10367,1,0.636263126,12,0.363736874,,,,,,,,
10499,1,0.158401066,12,0.53010046,27,0.311498474,,,,,,
10465,7,7.61E-04,34,0.999239285,,,,,,,,
7358,0,0.183242398,7,0.816757602,,,,,,,,
8918,6,0.201144275,56,0.798855725,,,,,,,,
9524,32,1,,,,,,,,,,
11017,0,0.169326863,3,0.830673137,,,,,,,,
9690,3,1,,,,,,,,,,
11024,8,1,,,,,,,,,,
10523,0,1,,,,,,,,,,
11834,8,0.556830875,28,0.443169125,,,,,,,,
9202,26,0.999348054,42,6.52E-04,,,,,,,,
9749,8,1,,,,,,,,,,
11412,4,0.3444619,14,0.6555381,,,,,,,,
7004,32,1,,,,,,,,,,
7862,27,1,,,,,,,,,,
11015,19,1,,,,,,,,,,
7627,7,0.208702783,29,0.791297217,,,,,,,,
12428,29,1,,,,,,,,,,
11931,14,1,,,,,,,,,,
10691,0,1,,,,,,,,,,
12155,12,1,,,,,,,,,,
7614,2,0.681965558,6,0.318034442,,,,,,,,
8028,7,0.874178056,14,0.125821944,,,,,,,,
8462,2,1,,,,,,,,,,
9694,28,1,,,,,,,,,,
13077,0,0.771630146,25,0.228369854,,,,,,,,
11562,5,1,,,,,,,,,,
10537,52,1,,,,,,,,,,
10889,42,1,,,,,,,,,,
10694,26,1,,,,,,,,,,
12423,40,1,,,,,,,,,,
12010,14,0.325158399,22,0.674841601,,,,,,,,
7801,10,1,,,,,,,,,,
11460,36,1,,,,,,,,,,
12722,0,1,,,,,,,,,,
12211,0,1,,,,,,,,,,
8000,7,0.292552629,39,0.707447371,,,,,,,,
10301,14,1,,,,,,,,,,
12883,15,1,,,,,,,,,,
12510,0,1,,,,,,,,,,
12751,12,1,,,,,,,,,,
12700,26,1,,,,,,,,,,
12797,3,1,,,,,,,,,,
8064,8,1,,,,,,,,,,
13068,44,1,,,,,,,,,,
11327,2,0.484318188,25,0.515681812,,,,,,,,
10240,2,1,,,,,,,,,,
11252,39,1,,,,,,,,,,
10788,19,1,,,,,,,,,,
6417,0,1,,,,,,,,,,
11338,0,1,,,,,,,,,,
13039,18,1,,,,,,,,,,
6334,0,0.30207139,43,0.69792861,,,,,,,,
13483,26,1,,,,,,,,,,
10924,58,1,,,,,,,,,,
9269,6,0.994724835,27,0.005275165,,,,,,,,
10629,29,0.16457383,43,0.83542617,,,,,,,,
8922,4,0.17682136,14,0.511401277,27,0.311777363,,,,,,
11233,4,0.999718049,14,2.82E-04,,,,,,,,
8282,26,1,,,,,,,,,,
11159,14,0.655921193,34,0.344078807,,,,,,,,
11007,32,1,,,,,,,,,,
5991,3,1,,,,,,,,,,
7774,6,0.52775798,20,0.47224202,,,,,,,,
9832,26,1,,,,,,,,,,
11551,43,1,,,,,,,,,,
12108,26,1,,,,,,,,,,
13311,7,0.451438633,39,0.548561367,,,,,,,,
10724,7,0.681941375,9,0.318058625,,,,,,,,
9372,10,1,,,,,,,,,,
9340,28,1,,,,,,,,,,
9488,10,1,,,,,,,,,,
13006,43,1,,,,,,,,,,
12745,14,0.746894208,20,0.253105792,,,,,,,,
13130,34,1.09E-04,38,0.999890745,,,,,,,,
9370,30,0.156073152,52,0.843926848,,,,,,,,
8188,59,1,,,,,,,,,,
7721,3,0.138015915,42,0.861984085,,,,,,,,
11804,35,1,,,,,,,,,,
8897,9,0.999351829,30,6.48E-04,,,,,,,,
10910,19,1,,,,,,,,,,
10157,8,1,,,,,,,,,,
12136,55,1,,,,,,,,,,
10967,7,0.345369954,10,0.654630046,,,,,,,,
10347,7,0.430140598,46,0.569859402,,,,,,,,
10160,23,0.461649836,29,0.054632545,43,0.483717619,,,,,,
8921,3,-8.95E-05,42,-8.64E-05,50,1.000175943,,,,,,
13364,0,1,,,,,,,,,,
6342,32,1,,,,,,,,,,
13087,2,1,,,,,,,,,,
10972,7,2.03E-04,9,0.999797193,,,,,,,,
12776,3,1,,,,,,,,,,
10169,3,0.443123314,50,0.556876686,,,,,,,,
9604,29,1,,,,,,,,,,
12540,6,1,,,,,,,,,,
11260,10,1,,,,,,,,,,
13102,1,0.530589087,29,0.469410913,,,,,,,,
12634,0,1,,,,,,,,,,
7095,26,0.980615973,42,0.019384027,,,,,,,,
10596,0,1,,,,,,,,,,
6315,8,0.999547726,30,4.52E-04,,,,,,,,
11119,2,1,,,,,,,,,,
12600,18,1,,,,,,,,,,
10856,0,0.468616187,7,3.89E-04,29,0.530995176,,,,,,
10933,26,1,,,,,,,,,,
9536,2,0.239761046,34,0.170102598,42,0.590136356,,,,,,
9463,29,1,,,,,,,,,,
9052,26,1,,,,,,,,,,
6891,9,1,,,,,,,,,,
9759,35,1,,,,,,,,,,
10110,7,1,,,,,,,,,,
6167,10,1,,,,,,,,,,
9580,29,1,,,,,,,,,,
8466,8,1,,,,,,,,,,
11520,40,1,,,,,,,,,,
9213,29,1,,,,,,,,,,
12177,39,0.703477258,52,0.296522742,,,,,,,,
13034,7,0.151201059,28,0.848798941,,,,,,,,
9350,6,1,,,,,,,,,,
11701,8,0.308547746,28,0.691452254,,,,,,,,
11684,35,1,,,,,,,,,,
8917,8,1,,,,,,,,,,
11826,0,1,,,,,,,,,,
10927,2,1,,,,,,,,,,
8247,30,0.663330595,52,0.336669405,,,,,,,,
11227,2,1,,,,,,,,,,
10769,10,1,,,,,,,,,,
10632,0,1,,,,,,,,,,
8334,10,1,,,,,,,,,,
12958,10,1,,,,,,,,,,
10817,6,1,,,,,,,,,,
13268,10,1,,,,,,,,,,
11126,7,0.662134622,34,0.337865378,,,,,,,,
8403,7,0.111797771,34,0.888202229,,,,,,,,
9037,40,1,,,,,,,,,,
11900,8,1,,,,,,,,,,
11441,13,1,,,,,,,,,,
11171,0,0.744977604,23,0.255022396,,,,,,,,
10533,10,1.008719498,29,-0.008719498,,,,,,,,
10879,19,0.190431326,20,0.809568674,,,,,,,,
8366,3,0.687320735,29,0.312679265,,,,,,,,
6978,7,0.386574868,14,0.613425132,,,,,,,,
10092,3,1,,,,,,,,,,
12581,40,1,,,,,,,,,,
11395,3,0.047309863,23,0.399636348,25,0.553053789,,,,,,
11632,32,1,,,,,,,,,,
7229,26,1,,,,,,,,,,
13540,10,0.752440064,23,0.247559936,,,,,,,,
9492,29,1,,,,,,,,,,
10734,10,1,,,,,,,,,,
12189,34,3.41E-04,47,0.999659052,,,,,,,,
7751,14,1,,,,,,,,,,
13012,14,1,,,,,,,,,,
11121,2,1,,,,,,,,,,
10462,6,0.973120884,30,0.026879116,,,,,,,,
5975,7,1,,,,,,,,,,
10121,55,1,,,,,,,,,,
11477,47,1,,,,,,,,,,
10718,55,1,,,,,,,,,,
9845,7,0.22955235,29,0.77044765,,,,,,,,
10637,14,1,,,,,,,,,,
12735,7,0.261870084,24,0.738129916,,,,,,,,
11257,2,0.973824877,42,0.026175123,,,,,,,,
10669,3,1,,,,,,,,,,
12677,0,1,,,,,,,,,,
11155,8,0.715938557,30,0.284061443,,,,,,,,
12960,3,0.012264181,35,0.987735819,,,,,,,,
18860,7,0.352449406,30,0.647550594,,,,,,,,
15852,26,1,,,,,,,,,,
20059,6,0.778123426,27,0.221876574,,,,,,,,
14040,26,0.988876719,42,0.011123281,,,,,,,,
13833,0,1,,,,,,,,,,
20096,6,0.892356438,28,0.107643562,,,,,,,,
15230,46,1,,,,,,,,,,
19121,0,1,,,,,,,,,,
17568,0,1,,,,,,,,,,
15470,6,0.171916043,10,0.293502492,28,0.320770861,30,0.213810605,,,,
18193,4,1,,,,,,,,,,
14294,0,1,,,,,,,,,,
15559,29,1,,,,,,,,,,
20162,60,1,,,,,,,,,,
15356,6,0.404257566,34,0.595742434,,,,,,,,
15049,61,1,,,,,,,,,,
19406,6,1,,,,,,,,,,
20168,44,1,,,,,,,,,,
15095,29,0.406592344,43,0.593407656,,,,,,,,
15542,28,1,,,,,,,,,,
13855,8,1,,,,,,,,,,
19008,8,1,,,,,,,,,,
19273,2,1,,,,,,,,,,
16733,9,-2.43E-04,27,1.00024345,,,,,,,,
17820,0,1,,,,,,,,,,
18688,6,1,,,,,,,,,,
16470,5,1,,,,,,,,,,
14673,20,1,,,,,,,,,,
17651,9,1,,,,,,,,,,
15923,28,1,,,,,,,,,,
15170,16,1,,,,,,,,,,
14712,62,1,,,,,,,,,,
17087,30,0.935321815,39,0.064678185,,,,,,,,
13657,3,0.337613533,42,0.662386467,,,,,,,,
20052,63,1,,,,,,,,,,
18462,64,1,,,,,,,,,,
17800,0,1,,,,,,,,,,
19673,6,0.384794489,28,0.615205511,,,,,,,,
18063,28,0.425804891,34,0.574195109,,,,,,,,
17288,29,1.11E-04,60,0.999888828,,,,,,,,
13696,17,0.445423256,23,0.431661741,27,0.122915003,,,,,,
14542,26,1,,,,,,,,,,
14427,17,0.122130683,43,0.877869317,,,,,,,,
13996,0,1,,,,,,,,,,
14626,23,0.401132902,29,0.598867098,,,,,,,,
15867,0,0.407403294,1,0.378078393,3,0.214518313,,,,,,
18356,10,1,,,,,,,,,,
13635,10,1,,,,,,,,,,
15341,3,0.478265389,43,0.521734611,,,,,,,,
16640,9,1,,,,,,,,,,
16803,8,1,,,,,,,,,,
15431,28,1,,,,,,,,,,
14630,26,0.525760593,42,0.474239407,,,,,,,,
14806,10,1,,,,,,,,,,
18600,8,1,,,,,,,,,,
16266,46,1,,,,,,,,,,
19312,39,1,,,,,,,,,,
17304,11,0.844350431,21,0.155649569,,,,,,,,
18237,0,1,,,,,,,,,,
18134,10,1,,,,,,,,,,
19969,7,1.20E-04,30,8.99E-05,34,3.27E-04,52,0.999464007,,,,
19139,11,1,,,,,,,,,,
19004,3,0.403493113,22,0.384917142,39,0.211589745,,,,,,
15590,9,0.023194339,18,0.976805661,,,,,,,,
15484,26,0.450438217,43,0.549561783,,,,,,,,
18753,12,1,,,,,,,,,,
17356,7,0.437115979,65,0.562884021,,,,,,,,
15044,26,0.982953923,42,0.017046077,,,,,,,,
13769,14,6.57E-04,27,0.999343072,,,,,,,,
18622,10,1,,,,,,,,,,
19061,10,0.710825575,58,0.289174425,,,,,,,,
19971,0,1,,,,,,,,,,
16885,6,0.382328144,34,0.617671856,,,,,,,,
17317,14,0.359989017,28,0.640010983,,,,,,,,
16086,6,0.264929575,66,0.735070425,,,,,,,,
15977,7,-0.009322008,30,1.009322008,,,,,,,,
20056,47,1,,,,,,,,,,
15476,18,0.41964509,47,0.58035491,,,,,,,,
18733,26,1,,,,,,,,,,
17080,1,0.659160806,14,0.340839194,,,,,,,,
13687,0,1,,,,,,,,,,
14093,17,1,,,,,,,,,,
13701,9,0.315963217,43,0.684036783,,,,,,,,
13834,26,1,,,,,,,,,,
15743,27,0.583496508,28,0.416503492,,,,,,,,
15557,14,0.279168714,47,0.720831286,,,,,,,,
18711,26,1,,,,,,,,,,
16709,6,-2.160769573,27,3.160769573,,,,,,,,
19946,10,1.31E-04,43,0.999868673,,,,,,,,
17590,3,0.998363313,42,0.001636687,,,,,,,,
15652,0,1,,,,,,,,,,
18671,5,0.924711547,28,0.075288453,,,,,,,,
19914,6,1,,,,,,,,,,
14169,1,0.189185323,9,0.676914901,27,0.133899776,,,,,,
18971,9,0.41385488,29,0.24093402,30,0.345211099,,,,,,
14688,9,0.01870348,18,0.981110831,29,1.86E-04,,,,,,
17971,1,1,,,,,,,,,,
19135,14,1,,,,,,,,,,
19280,6,0.880962339,46,0.119037661,,,,,,,,
16195,8,1,,,,,,,,,,
16576,28,1,,,,,,,,,,
18305,0,1,,,,,,,,,,
15617,9,0.00266277,43,0.99733723,,,,,,,,
17044,3,-2.54E-04,42,1.000253723,,,,,,,,
17562,6,1,,,,,,,,,,
14584,2,1,,,,,,,,,,
17013,17,1,,,,,,,,,,
14711,10,0.03202585,62,0.96797415,,,,,,,,
17649,9,1,,,,,,,,,,
15701,9,0.393658893,18,0.340869837,29,0.265471271,,,,,,
13805,0,0.914803105,9,2.24E-04,34,0.084972672,,,,,,
15769,30,1,,,,,,,,,,
17846,0,1,,,,,,,,,,
15338,9,0.247337355,10,0.200291215,17,0.455042966,34,0.097328464,,,,
13864,14,1,,,,,,,,,,
15840,27,0.941283762,28,0.058716238,,,,,,,,
15191,9,0.257296995,43,0.742703005,,,,,,,,
15241,0,1,,,,,,,,,,
13705,6,0.503456893,20,0.423885239,34,0.072657868,,,,,,
14927,3,0.07250857,9,0.92749143,,,,,,,,
15609,3,1,,,,,,,,,,
13636,67,1,,,,,,,,,,
15054,9,0.484206534,29,0.515793466,,,,,,,,
17504,0,1,,,,,,,,,,
17146,0,0.734853066,34,0.265146934,,,,,,,,
15558,14,1,,,,,,,,,,
16200,0,1,,,,,,,,,,
18139,28,1,,,,,,,,,,
14852,28,1,,,,,,,,,,
16332,3,0.812133454,22,0.187866546,,,,,,,,
15915,46,1,,,,,,,,,,
17919,14,0.046330692,52,0.953669308,,,,,,,,
18110,29,1,,,,,,,,,,
16054,14,1,,,,,,,,,,
15171,0,0.478292303,43,0.521707697,,,,,,,,
19758,12,0.989771001,34,0.010228999,,,,,,,,
14667,26,1,,,,,,,,,,
19489,28,0.334111838,46,0.108360314,48,0.557527848,,,,,,
14295,10,0.320070444,23,0.679929556,,,,,,,,
18910,52,1,,,,,,,,,,
14477,0,1,,,,,,,,,,
16478,12,1,,,,,,,,,,
19600,12,1,,,,,,,,,,
16166,0,1,,,,,,,,,,
15553,9,0.38242341,27,0.493770256,29,0.123806335,,,,,,
19483,0,1,,,,,,,,,,
17621,10,1,,,,,,,,,,
13612,28,0.057773683,34,0.942226317,,,,,,,,
19148,46,1,,,,,,,,,,
16690,3,0.708895745,9,0.291104255,,,,,,,,
17865,14,1,,,,,,,,,,
18073,26,1,,,,,,,,,,
16991,6,1,,,,,,,,,,
20014,16,0.487562621,30,0.239758765,34,0.107586974,42,0.16509164,,,,
19062,1,0.310928795,68,0.689071205,,,,,,,,
18284,30,1,,,,,,,,,,
17174,9,1,,,,,,,,,,
16628,6,1,,,,,,,,,,
15971,7,0.609478884,29,0.390521116,,,,,,,,
20229,2,0.968747746,18,0.031252254,,,,,,,,
15450,0,0.568411136,55,0.431588864,,,,,,,,
15237,9,0.21373648,46,0.78626352,,,,,,,,
14228,9,0.792927146,29,0.207072854,,,,,,,,
18162,2,1,,,,,,,,,,
19250,6,0.506363174,56,0.493636826,,,,,,,,
18142,26,0.105553309,34,0.238857855,42,0.655588835,,,,,,
19987,26,0.681173905,50,0.318826095,,,,,,,,
16730,30,1,,,,,,,,,,
14231,29,1,,,,,,,,,,
18207,12,0.626162404,35,0.373837596,,,,,,,,
13632,0,0.743967927,9,0.256032073,,,,,,,,
17709,9,0.973643411,29,0.026356589,,,,,,,,
18170,6,1,,,,,,,,,,
19028,0,0.18418919,17,0.029733685,23,0.756951955,29,0.029125169,,,,
18248,0,0.623897561,43,0.376102439,,,,,,,,
16842,43,1,,,,,,,,,,
18085,9,1,,,,,,,,,,
17160,43,1,,,,,,,,,,
17993,26,0.883517757,42,0.116482243,,,,,,,,
18047,65,1,,,,,,,,,,
18148,0,1,,,,,,,,,,
20201,16,0.66369815,34,0.33630185,,,,,,,,
16046,28,1,,,,,,,,,,
18635,30,1,,,,,,,,,,
16468,43,1,,,,,,,,,,
15671,1,0.070444047,3,0.929555953,,,,,,,,
15474,0,1,,,,,,,,,,
15581,2,0.227002592,18,0.772997408,,,,,,,,
19388,2,0.852320643,29,0.147679357,,,,,,,,
17177,16,1,,,,,,,,,,
15466,7,1,,,,,,,,,,
16755,43,0.953931085,46,0.046068915,,,,,,,,
14276,2,1,,,,,,,,,,
15556,10,0.512766753,23,0.487233247,,,,,,,,
13659,4,1,,,,,,,,,,
17653,5,1,,,,,,,,,,
14926,28,1,,,,,,,,,,
13708,0,0.683308097,18,0.316691903,,,,,,,,
16973,14,1,,,,,,,,,,
19874,26,1,,,,,,,,,,
15567,5,1,,,,,,,,,,
17415,2,1,,,,,,,,,,
14200,26,1,,,,,,,,,,
14624,10,1,,,,,,,,,,
14414,43,1,,,,,,,,,,
15485,0,1,,,,,,,,,,
16247,36,0.575858319,39,0.424141681,,,,,,,,
19409,11,1,,,,,,,,,,
15986,32,1,,,,,,,,,,
18404,26,1,,,,,,,,,,
19161,2,0.133880602,26,0.866119398,,,,,,,,
13792,9,1,,,,,,,,,,
19047,12,0.378454048,35,0.621545952,,,,,,,,
16128,0,1,,,,,,,,,,
15125,9,0.001237796,10,0.998762204,,,,,,,,
14588,0,1,,,,,,,,,,
16525,5,1,,,,,,,,,,
14907,6,0.266300407,56,0.733699593,,,,,,,,
14687,14,1,,,,,,,,,,
19404,10,0.023428034,17,0.976571966,,,,,,,,
17232,14,1,,,,,,,,,,
15263,14,1,,,,,,,,,,
14919,43,1,,,,,,,,,,
16861,8,1,,,,,,,,,,
13611,7,5.43E-04,34,0.999457313,,,,,,,,
15562,6,0.993838659,27,0.006161341,,,,,,,,
14741,26,1,,,,,,,,,,
16979,13,1,,,,,,,,,,
19603,2,0.50608532,18,0.49391468,,,,,,,,
18066,10,1,,,,,,,,,,
16567,12,1,,,,,,,,,,
17082,39,1,,,,,,,,,,
18888,9,0.349438704,49,0.650561296,,,,,,,,
17722,0,0.857645399,24,0.142354601,,,,,,,,
19364,9,0.756020573,30,0.092780318,34,0.151199109,,,,,,
18044,43,1,,,,,,,,,,
17592,2,1,,,,,,,,,,
18208,12,1,,,,,,,,,,
17801,3,1,,,,,,,,,,
17291,0,0.023440274,43,0.976559726,,,,,,,,
15072,19,1,,,,,,,,,,
14456,0,0.806721309,9,0.193278691,,,,,,,,
18716,17,0.497779627,23,0.502220373,,,,,,,,
19087,15,1,,,,,,,,,,
17322,24,0.710350684,45,0.289649316,,,,,,,,
19773,28,1,,,,,,,,,,
17383,35,1,,,,,,,,,,
18113,17,0.92154268,25,0.07845732,,,,,,,,
19636,2,1,,,,,,,,,,
19403,35,0.65645411,52,0.34354589,,,,,,,,
13837,30,1,,,,,,,,,,
14628,2,0.943224909,42,0.056775091,,,,,,,,
19073,0,0.118015193,9,0.838527788,29,0.043457019,,,,,,
15165,8,0.582585014,30,0.417414986,,,,,,,,
19185,14,1,,,,,,,,,,
18214,16,0.999888786,30,1.11E-04,,,,,,,,
15555,6,1,,,,,,,,,,
19661,6,0.704240049,8,0.295759951,,,,,,,,
15876,0,0.56807482,9,0.43192518,,,,,,,,
19083,9,5.83E-05,52,0.999941722,,,,,,,,
14603,0,0.513485899,25,0.486514101,,,,,,,,
18687,0,0.738971749,23,0.261028251,,,,,,,,
15628,26,1,,,,,,,,,,
16325,9,3.51E-04,30,0.99964865,,,,,,,,
14473,4,0.058384711,10,0.389605889,15,0.5520094,,,,,,
19175,0,1,,,,,,,,,,
17481,8,1,,,,,,,,,,
20030,43,1.35E-05,63,0.999986461,,,,,,,,
16858,8,0.875199355,30,0.007107783,64,0.117692862,,,,,,
20132,1,1,,,,,,,,,,
19036,27,0.616441179,29,0.383558821,,,,,,,,
18824,30,-9.92E-05,64,1.000099177,,,,,,,,
16147,6,0.574429123,56,0.425570877,,,,,,,,
17195,6,0.59022426,27,0.40977574,,,,,,,,
17267,0,0.455823455,29,0.544176545,,,,,,,,
19740,14,1,,,,,,,,,,
15804,9,0.142197476,29,0.436181292,34,0.421621233,,,,,,
19106,1,0.096600998,14,0.278331535,22,0.625067467,,,,,,
15096,26,0.349137087,42,0.650862913,,,,,,,,
18410,2,0.071972023,9,0.928027977,,,,,,,,
18189,67,1,,,,,,,,,,
18732,9,0.324325894,49,0.675674106,,,,,,,,
19875,26,1,,,,,,,,,,
14226,0,0.088803174,18,0.911196826,,,,,,,,
14780,9,0.573151777,27,0.426848223,,,,,,,,
19963,9,0.294166562,49,0.705833438,,,,,,,,
14005,26,1,,,,,,,,,,
19500,0,0.324090995,3,0.675667189,34,2.42E-04,,,,,,
14091,17,0.872555554,23,0.127444446,,,,,,,,
15220,10,0.532349623,37,0.467650377,,,,,,,,
17638,26,0.585029627,42,0.414970373,,,,,,,,
16402,0,1,,,,,,,,,,
19970,7,1.20E-04,9,1.82E-04,30,8.98E-05,34,3.26E-04,52,0.999282108,,
14391,6,1,,,,,,,,,,
14319,26,1,,,,,,,,,,
19682,29,1,,,,,,,,,,
20174,3,1,,,,,,,,,,
15926,3,1,,,,,,,,,,
17108,2,1,,,,,,,,,,
20121,10,1,,,,,,,,,,
17058,7,0.49356188,47,0.50643812,,,,,,,,
20045,14,0.239921083,27,0.760078917,,,,,,,,
17347,27,4.86E-04,29,0.425399038,39,0.574115071,,,,,,
15467,8,0.325748791,30,0.674251209,,,,,,,,
15282,6,0.998491533,27,5.86E-04,28,9.22E-04,,,,,,
15955,26,0.756997072,42,0.243002928,,,,,,,,
15066,2,0.31814833,42,0.68185167,,,,,,,,
15020,6,1,,,,,,,,,,
16847,9,0.321179848,17,0.113183795,23,0.554045172,30,0.011591186,,,,
17176,6,0.081286949,9,0.236783225,28,0.095472485,30,4.68E-04,69,0.585989527,,
20167,7,0.416197229,30,0.07803904,32,0.40760945,52,0.098154281,,,,
15378,0,0.998166297,1,0.001833703,,,,,,,,
16779,6,0.185359136,56,0.278928454,66,0.53571241,,,,,,
13610,34,1,,,,,,,,,,
14145,29,1,,,,,,,,,,
17302,34,1,,,,,,,,,,
16651,28,1,,,,,,,,,,
15105,6,0.5883108,28,0.411572571,70,1.17E-04,,,,,,
18542,17,0.480774726,23,0.519225274,,,,,,,,
13940,10,0.028832997,17,0.971167003,,,,,,,,
19365,2,1,,,,,,,,,,
16142,13,1,,,,,,,,,,
18955,0,1,,,,,,,,,,
18795,10,0.183581786,19,0.816418214,,,,,,,,
19072,39,1,,,,,,,,,,
13644,0,0.511533154,9,0.32980676,29,0.158660086,,,,,,
16418,0,1,,,,,,,,,,
17789,0,0.11265734,17,0.887320271,23,2.24E-05,,,,,,
15946,2,0.643272289,6,0.356727711,,,,,,,,
13582,6,0.704000485,8,0.295999515,,,,,,,,
19761,42,1,,,,,,,,,,
15760,3,1,,,,,,,,,,
16807,17,1,,,,,,,,,,
18786,9,0.26370164,29,0.73629836,,,,,,,,
13649,62,1,,,,,,,,,,
20013,16,1.000086675,18,-5.96E-05,30,-3.09E-05,34,3.80E-06,,,,
19108,0,0.669905882,25,0.330094118,,,,,,,,
17569,2,0.009292548,6,0.151373897,7,0.143705763,9,0.194644383,25,0.259376781,42,0.241606628
16405,6,1,,,,,,,,,,
16333,10,-1.06E-06,43,-2.94E-05,58,1.000030511,,,,,,
17574,67,1,,,,,,,,,,
19003,1,0.557124846,9,0.167922705,36,0.274952449,,,,,,
15416,27,1,,,,,,,,,,
15437,10,1,,,,,,,,,,
19129,0,0.652764222,3,0.006733362,18,0.340502417,,,,,,
20036,9,0.628791373,23,0.115458078,29,0.25575055,,,,,,
17316,3,1,,,,,,,,,,
15653,4,0.957374798,10,0.042625202,,,,,,,,
15756,26,1,,,,,,,,,,
20099,46,1,,,,,,,,,,
17070,3,0.80873231,25,0.19126769,,,,,,,,
15483,2,0.317405725,18,0.682594275,,,,,,,,
14222,3,0.147558301,42,0.852441699,,,,,,,,
14577,0,0.686017876,7,0.313982124,,,,,,,,
13720,0,0.999421226,7,5.79E-04,,,,,,,,
17941,6,0.995644363,27,0.004355637,,,,,,,,
16648,26,1,,,,,,,,,,
15136,7,1,,,,,,,,,,
15978,3,0.780005713,42,0.219994287,,,,,,,,
19182,0,0.99912572,7,8.74E-04,,,,,,,,
14854,37,1,,,,,,,,,,
18146,3,0.357878332,25,0.642121668,,,,,,,,
16618,7,0.30932687,14,8.84E-04,35,0.689788992,,,,,,
18177,44,1,,,,,,,,,,
17311,5,1,,,,,,,,,,
19311,7,0.063600497,9,0.936399503,,,,,,,,
13616,50,1,,,,,,,,,,
17382,1,0.133596303,7,6.60E-05,29,0.866337655,,,,,,
16741,71,1,,,,,,,,,,
19797,7,0.052089037,14,0.947910963,,,,,,,,
17424,14,0.001492593,27,0.998507407,,,,,,,,
15858,7,-2.98E-05,30,1.000029783,,,,,,,,
14116,13,1,,,,,,,,,,
16774,7,0.190081096,46,0.809918904,,,,,,,,
18561,28,1,,,,,,,,,,
19912,7,3.70E-04,30,-1.19E-04,34,0.999748205,,,,,,
17847,0,0.999356362,9,6.44E-04,,,,,,,,
14070,36,1,,,,,,,,,,
18750,7,0.283006487,34,0.716993513,,,,,,,,
16882,7,6.27E-05,27,0.99993733,,,,,,,,
16903,40,1,,,,,,,,,,
20241,28,1,,,,,,,,,,
18382,9,0.679645319,46,0.320354681,,,,,,,,
17771,8,1,,,,,,,,,,
17019,18,0.387167439,22,0.255061916,27,0.357770645,,,,,,
